GAMS 54.4.0  9a60ae27 Sep 9, 2026           WEX-WEI x86 64bit/MS Windows - 09/16/26 10:45:05 Page 1
SAM for SCGE
C o m p i l a t i o n


               **************************************************************
               *                                                            *
               *                         SAM input                          *
               *             data disaggregation and aggregation            *
               *                            by                              *
               *                       Adrian Werner                        *
               *                    Per Ivar Helgesen                       *
               *                   Okt 2013 -                               *
               *                                                            *
               **************************************************************
       
      This program reads national SAM data from Excel, and converts them
      to user-defined regions, sectors, goods and factors.
       
                       National SAM input      Panda formats           User specified
                      ---------------------------------------------------------------
          regions:       <none>                county/municipality     reg
          sectors:       SAMsec                Psec                    sec
          goods:         SAMgood               Pgood                   good
       
      The national SAM is split into 9 parts (submatrices) and mapped to Panda  format:
            goods, industries, factors&finaldemand
            Pgood, Psec      , Pfin
      Two of the nine submatrices are empty (good-good and sector-sector).
      These submatrices are then aggregated to user-specified goods, industries, and factors.
      From the submatrices of the balanced SAM, the code reads then out the single parameters
      and, using a gravity model formulation, interregional trade data and transport margins are
      calculated and the single parameters are regionalised.
      The parameters are combined back again to regional SAMs which, finally, are tested for
      some balances.
       
      See also the description in Preprocessing.pdf.
  37   
  38  Option DECIMALS=2;
  39  * for solving gravity model
  40  Option iterlim = 1000000 ;
  41  Option reslim = 1000000 ;
  42  *option nlp = conopt3 ;
  43  *option nlp = conopt2 ;
  44  *option nlp = conopt1 ;
  45  option nlp = pathnlp ;
  46  *option nlp = minos ;
  47   
  48   
  49  * Read case specification (data from step 2b)):
  50  * which input XLS file, selective reading of the aggregation keys etc.
INCLUDE    C:\Users\natis\Downloads\Paolo (Working) 2024\Paolo (Working) 2024\CaseData.gms
  52  *$SETGLOBAL input SAM_SSB_NACE_2018_GasChem
  53  *$SETGLOBAL input SAM_SSB_2020
  59   
  60   
  61   
  62   
  63   
  64  * Find the correct keys and sets according to the key IDs specifies in CaseData.gms
  65  * Connects original structure with the one defined by user.
  67  * Lists the sectors and commodities defined by user
  69  * Data for disaggregating into regions from SSB
  72   
  73   
  74  scalar
  75     RegLvl
  76     goods
  77     sectors
  78     regions
  79     checktol /1e-13/
  80    ;
  81   
  82  * define here to get output in right order
  83  * AW 1/10 - doesn't seem to work anyway now...
  84  sets
  85          good                    !! user case goods                                                                                                                                                 -
  86          sec                     !! user case sectors
  87          fin                     !! user case factors final demand etc
  88  ;
  89   
  90   
  91   
GDXIN   C:\Users\natis\Downloads\Paolo (Working) 2024\Paolo (Working) 2024\AggKeys.gdx
--- LOAD  RegLvl = 2:RegLvl
  94   
  95  * 1) read data from Excel and map to PANDA classification
  96  * (From classification A to classification B, depending on what is in the Sam_Ind_Map and SAM_Prod_Map in excel)
INCLUDE    C:\Users\natis\Downloads\Paolo (Working) 2024\Paolo (Working) 2024\includes\SamRead+Map.gms
  98  display "(1) Read in national SAM and map to Panda classification"
  99   
 100   
 101   
 104   
 105   
 106  *$call 'gdxxrw i=%input%.xlsx o=SAMsets.gdx Checkdate set=rsam rng="1.SAMnasj!d5" rdim=1 cdim=0 set=csam rng="1.SAMnasj!e4" cdim=1 rdim=0 set=SAMsec rng="2.1 SAM_Ind_Map!a2" rdim=1 dset=Psec rng="2.1 SAM_Ind_Map!b2" rdim=1 set=SAMgood rng="2.2 SAM_Prod_Map!a2" rdim=1 dset=Pgood rng="2.2 SAM_Prod_Map!b2" rdim=1 set=SAMfin rng="2.3 SAM_Fin_Map!a2" rdim=1 dset=Pfin rng="2.3 SAM_Fin_Map!b2" rdim=1 '
 107  *$call 'gdxxrw i=%input%.xlsx o=SAMmatrices.gdx Checkdate par=SAMin rng="1.SAMnasj!d4" rdim=1 cdim=1 set=mapSecP rng="2.1 SAM_Ind_Map!a2" rdim=2 set=mapGoodP rng="2.2 SAM_Prod_Map!a2" rdim=2 set=mapFinP rng="2.3 SAM_Fin_Map!a2" rdim=2'
 108  *$call 'gdxxrw i=%input%.xlsx o=SAMmatrices.gdx Checkdate par=SAMin rng="1.SAMnasj!d4" rdim=1 cdim=1'
 109   
 110   
 111   
 112  parameter SAMin(*,*);           !! national SAM input
 113   
 114   
 115  sets
 116          rsam                    !! spans the rows of input SAM
 117          csam                    !! spans the columns of input SAM
 118          SAMgood                 !! goods in input SAM
 119          SAMsec                  !! sectors in input SAM
 120          SAMfin                  !! factors and final demand in input SAM
 121          Pgood                   !! Panda goods or products
 122          Psec                    !! Panda sectors or industries
 123          Pfin                    !! 131-149 structure of Fin
 124          mapSecP(*,*), mapGoodP(*,*)     !! Maps input sectors & goods to Panda sectors & goods
 125          mapFinP(*,*)
 126  ;
 127  alias
 128       (SAMgood, SAMgood2)
 129       (Pgood, p_gg, p_ggg)
 130       (SAMsec,  SAMsec2)
 131       (Psec,  p_ss, p_sss)
 132       (SAMfin, SAMfin2)
 133       (Pfin, p_ff,p_fff)
 134   
 135  * Read data from gdx-files
GDXIN   C:\Users\natis\Downloads\Paolo (Working) 2024\Paolo (Working) 2024\SAMsets.gdx
--- LOAD  SAMsec = 3:SAMsec
--- LOAD  Psec = 4:Psec
--- LOAD  SAMgood = 5:SAMgood
--- LOAD  Pgood = 6:Pgood
--- LOAD  SAMfin = 7:SAMfin
--- LOAD  Pfin = 8:Pfin
--- LOAD  rsam = 1:rsam
--- LOAD  csam = 2:csam
 138   
GDXIN   C:\Users\natis\Downloads\Paolo (Working) 2024\Paolo (Working) 2024\SAMmatrices.gdx
--- LOAD  SAMin = 1:SAMin
--- LOAD  mapSecP = 2:mapSecP
--- LOAD  mapGoodP = 3:mapGoodP
--- LOAD  mapFinP = 4:mapFinP
 143   
 144  * ------------------------------------------------
 145  * 1) Map SAM-data into Panda sectors and goods.
 146  * ------------------------------------------------
 147  * Split the national SAM into nine submatrices and map into Panda formats
 148  parameters
 149       PGG(Pgood,Pgood), PSS(Psec,Psec)
 150       PGS(Pgood ,Psec), PGF(Pgood ,Pfin)
 151       PSG(Psec  ,Pgood), PSF(Psec  ,Pfin)
 152       PFG(Pfin,Pgood), PFS(Pfin,Psec), PFF(Pfin,Pfin)
 153  ;
 154   
 155  * Map into Panda notation
 156  PGG(Pgood,p_gg) = sum((SAMgood,SAMgood2)$(mapGoodP(SAMgood,Pgood) and mapGoodP(SAMgood2,p_gg) ), SAMin(SAMgood,SAMgood2) );
 157  PGS(Pgood,p_ss) = sum((SAMgood,SAMsec)$(mapGoodP(SAMgood,Pgood) and mapSecP(SAMsec,p_ss) ), SAMin(SAMgood,SAMsec) );
 158  PGF(Pgood,p_ff) = sum((SAMgood,SAMfin)$(mapGoodP(SAMgood,Pgood) and mapFinP(SAMfin,p_ff)), SAMin(SAMgood,SAMfin) );
 159  PSG(Psec,p_gg) = sum((SAMsec,SAMgood)$(mapSecP(SAMsec,Psec) and mapGoodP(SAMgood,p_gg) ), SAMin(SAMsec,SAMgood) );
 160  PSS(Psec,p_ss) = sum((SAMsec,SAMsec2)$(mapSecP(SAMsec,Psec) and mapSecP(SAMsec2,p_ss) ),  SAMin(SAMsec,SAMsec2) );
 161  PSF(Psec,p_ff) = sum((SAMsec,SAMfin)$(mapSecP(SAMsec,Psec) and mapFinP(SAMfin,p_ff)),SAMin(SAMsec,SAMfin) );
 162  PFG(Pfin,p_gg) = sum((SAMgood,SAMfin)$(mapGoodP(SAMgood,p_gg) and mapFinP(SAMfin,Pfin)), SAMin(SAMfin,SAMgood) );
 163  PFS(Pfin,p_ss) = sum((SAMsec,SAMfin)$(mapSecP(SAMsec,p_ss) and mapFinP(SAMfin,Pfin)), SAMin(SAMfin,SAMsec) );
 164  PFF(Pfin,p_ff) = sum((SAMfin,SAMFin2)$(mapFinP(SAMfin,Pfin) and mapFinP(SAMfin2,p_ff)), SAMin(SAMfin,SAMfin2));
 165   
 166  * PGG and PSS should always only have zero entries: check
 167  display "--- Check if GxG and SxS matrices are zero:";
 168  parameters sumPGG, sumPSS;
 169  sumPGG = sum((Pgood,p_gg),PGG(Pgood,p_gg));
 170  sumPSS = sum((Psec,p_ss),PSS(Psec,p_ss));
 171  display sumPGG, sumPSS;
 172  * AW to do: stop execution of the code if this is not the case (within tolerance bounds) - or do something else?
 173  * if everything is fine: don't consider these matrices anymore for the preprocessing
 174  scalars
 175  SAM_sum_p  !!intial sum if the SAM
 176  SAM_sum_init !!initial sum of the SAM
 177  ;
 178   
 179  * Checking the sum value of the initial SAM
 180  SAM_sum_init = sum((rsam,csam),SAMin(rsam,rsam))  ;
 181   
 182  * Checking the sum value of the p SAM
 183  SAM_sum_p = sum((Pgood,p_gg),PGG(Pgood,p_gg))+sum((Pgood,p_ss),PGS(Pgood,p_ss))+sum((Pgood,p_ff),PGF(Pgood,p_ff))+sum((Psec,p_gg),PSG(Psec,p_gg))+sum((Psec,p_ss),PSS(Psec,p_ss))+
 184  sum((Psec,p_ff),PSF(Psec,p_ff))+sum((Pfin,p_gg),PFG(Pfin,p_gg))+sum((Pfin,p_ss),PFS(Pfin,p_ss))+sum((Pfin,p_ff),PFF(Pfin,p_ff)) ;
 185   
 186   
 187  display SAM_sum_init,SAM_sum_p;
 188   
 189  execute_unload 'SAM_Panda', PGS, PGF, PSG, PSF, PFG, PFS, PFF;
 190  *Execute 'GDXXRW.EXE SAM_Panda.gdx o=SAM_Panda.xlsx par=PGS rng=PGS!A1 rdim=1 cdim=1 par=PGF rng=PGF!A1 rdim=1 cdim=1 par=PSG rng=PSG!A1 rdim=1 cdim=1 par=PSF rng=PSF!A1 rdim=1 cdim=1 par=PFG rng=PFG!A1 rdim=1 cdim=1 par=PFS rng=PFS!A1 rdim=1 cdim=1 par=PFF rng=PFF!A1 rdim=1 cdim=1 '
 191   
 192   
 193   
 194  * 2) aggregate SAM data to case-specific sectors / goods / factors+final demand
 195  * From Classification B to the internal classification chosen by the user (iAGR etc...)
INCLUDE    C:\Users\natis\Downloads\Paolo (Working) 2024\Paolo (Working) 2024\includes\UserGSF.gms
 197  display "(2) aggregate SAM data to case-specific sectors / goods / Fin  "
 198   
 199  sets
 200          mapPGood(Pgood,*)   !! Aggregates Panda goods into user specified goods
 201          mapPSec(Psec,*)     !! Aggregates Panda sectors into user specified sectors
 202          mapPFin(Pfin,*)     !! Aggregates factors and final demand into user specified factors and final demand
 203          county                  !! counties used in disaggregated SAM
 204          reg                     !! user case regions - built of counties
 205          mapCMtoReg(*,*)         !! regionalisation key identified from key ID given in CaseData.gms
 206  *        mapSecGood(*,*)         !! maps sectors to goods (have 1-1 now)
 207  *** AW 29/9: the last mapping will vanish again - apparently we don't have a 1-1 mapping anymore (again)
 208  ;
 209   
 210  alias
 211     (good,gg,com)
 212     (sec,ss)
 213     (fin,ff,fin2,ff2)
 214     (county,county2,cc)
 215     (reg,rr,reg2,cnt)
 216  ;
 217   
GDXIN   C:\Users\natis\Downloads\Paolo (Working) 2024\Paolo (Working) 2024\AggKeys.gdx
--- LOAD  mapPSec = 3:mapPSec
--- LOAD  mapPGood = 4:mapPGood
--- LOAD  mapPFin = 5:mapPFin
--- LOAD  mapCMtoReg = 1:mapCMtoReg
 220   
GDXIN   C:\Users\natis\Downloads\Paolo (Working) 2024\Paolo (Working) 2024\AggCaseSets.gdx
--- LOAD  good = 2:good
--- LOAD  sec = 3:sec
--- LOAD  fin = 4:fin
--- LOAD  reg = 1:reg
 223   
 224  parameters
 225  * goods / sector submatrices
 226  **       distrGoodUseSAM(good,sec) !! nation-wide usage pattern of commodity by sector (user case levels)
 227         distrGoodSupplySAM(sec,good) !! nation-wide supply pattern of commodity by sector (user case levels)
 228  * submatrices, P.., mapped to user goods, sectors and Fin, national level
 229         UGFN(good,fin)
 230         USFN(sec,fin), UFGN(fin,good), UFSN(fin,sec), UFFN(fin,fin)
 231         USGN(sec,good), UGSN(good,sec)
 232         SAMnat(*,*)     !! aggregated 1-region SAM, unchecked for consistency
 233  * disaggregation keys - national to county to regional level
 234         distrPCounty(*,*,*)   !! Distribution key from Panda to county levels - all data = whole .xlsx-sheet
 235         distrPCountyProd(county,sec) !! supply disaggregation key mapped to user sectors
 236         distrPCountyAnv(county,sec) !! usage disaggregation key mapped to user sectors
 237         distrPCountyProdN(county,*),distrPCountyAnvN(county,*)    !! normalised distribution keys based on production and on usage (anvendelse)
 238         distrPRegProdN(reg,sec) !! normalised supply disaggregation key mapped to user sectors and regions
 239         distrGoodRegProdN(reg,good)  !! normalised supply disaggregation key mapped to user goods and regions
 240         distrPRegAnvN(reg,sec) !! normalised usage disaggregation key mapped to user sectors
 241         distrPCountyincome(county) !! income (consumption) disaggregation
 242         distrPCountyincome_sec(county,sec) !! income (consumption) disaggregation
 243         distrsecRegincomeN(reg,sec)  !! normalised supply disaggregation key mapped to user goods and regions
 244         distrGoodRegincomeN(reg,good)  !! normalised supply disaggregation key mapped to user goods and regions
 245         distrsec_public(reg,sec)  !! local public key
 246         distrsec_local(reg,sec)  !! local public key
 247         distrGood_public(reg,good)  !! local public key
 248         distrGood_local(reg,good)  !! local public key
 249         distrPCountyincomeN(county) !! normalised income (consumption) disaggregation
 250         distrPRegincomeN(reg)        !! normalised income (consumption) aggregation mapped to regions
 251         sumpsg(sec)       !! AW 16-12
 252         ;
 253   
 254  * nation-wide pattern (ratio) of usage of commodities by sectors (both on user case level)
 255  *distrGoodUseSAM(good,sec) = sum((Pgood,Psec)$(mapPGood(Pgood,good) and mapPSec(Psec,sec)),PGS(Pgood,Psec)) / sum((Pgood,Psec)$mapPGood(Pgood,good),PGS(Pgood,Psec));
 256  * ... and of supply of commodities by sectors
 257   
 258  * AW 16/12
 259  sumpsg(sec)= sum((Psec,Pgood)$mapPSec(Psec,sec),PSG(Psec,Pgood));
 260  *display sumpsg;
 261   
 262  loop(sec,
 263   if (sumpsg(sec),
 264      distrGoodSupplySAM(sec,good)=  sum((Psec,Pgood)$(mapPGood(Pgood,good) and mapPSec(Psec,sec)),PSG(Psec,Pgood)) / sumpsg(sec);
 265   else
 266      distrGoodSupplySAM(sec,good) = 1/card(good);
 267  );
 268    );
 269   
 270  *distrGoodSupplySAM(sec,good)=  sum((Psec,Pgood)$(mapPGood(Pgood,good) and mapPSec(Psec,sec)),PSG(Psec,Pgood)) / sum((Psec,Pgood)$mapPSec(Psec,sec),PSG(Psec,Pgood));
 271   
 272   
 273   
 274  *-------------------------------------------------------
 275  * convert SAM submatrices to user sectors & products & fin
 276  UGFN(good,fin)=sum((Pgood,Pfin)$(mapPGood(Pgood,good) and mapPFin(Pfin,fin)), PGF(Pgood,Pfin));
 277  USFN(sec,fin)=sum((Psec,Pfin)$(mapPSec(Psec,sec) and mapPFin(Pfin,fin)), PSF(Psec,Pfin));
 278  UFFN(ff,fin)=sum((p_ff,Pfin)$(mapPFin(p_ff,ff) and mapPFin(Pfin,fin)), PFF(p_ff,Pfin));
 279  UFGN(fin,good)=sum((Pfin,Pgood)$(mapPFin(Pfin,fin) and mapPGood(Pgood,good)), PFG(Pfin,Pgood));
 280  UFSN(fin,sec)=sum((Pfin,Psec)$(mapPFin(Pfin,fin) and mapPSec(Psec,sec)), PFS(Pfin,Psec));
 281  * USGN and UGSN are needed for composing the national SAM
 282  UGSN(good,sec)= sum((Pgood,Psec)$(mapPGood(Pgood,good) and mapPSec(Psec,sec)),PGS(Pgood,Psec));
 283  USGN(sec,good)= sum((Pgood,Psec)$(mapPSec(Psec,sec) and mapPGood(Pgood,good)),PSG(Psec,Pgood));
 284   
 285  * mapSecGood indicates whether good is supplied by sec
 286  * AW 2/12-14: CREEA data don't have a unique mapping / diagonal supply matrix
 287  * -> can have several mapSecGood = 1 for given sec or for given good
 288  * need distrGoodSupplySAM in addition (?)
 289  ** AW 5/12: rewrote concerned parts, mapSecGood not needed anymore
 290  * mapSecGood(sec,good)$(USGN(sec,good))=1;
 291  *display mapSecGood;
 292  *execute_unload 'UserGSF.gdx' UGFN,UGSN,USGN, USFN, UFFN, UFGN, UFSN, mapSecGood, distrGoodSupplySAM;
 293  execute_unload 'UserGSF.gdx' UGFN,UGSN,USGN, USFN, UFFN, UFGN, UFSN, distrGoodSupplySAM;
 294   
 295  * determine county-/regional disaggregation and aggregation keys
GDXIN   C:\Users\natis\Downloads\Paolo (Working) 2024\Paolo (Working) 2024\DisAgg.gdx
--- LOAD  county = 2:county
--- LOAD  distrPCounty = 1:distrPCounty
 298   
 299   
 300  * map the keys for disaggregation to county level into user sectors and normalise
 301  ** AW 16/10: don't need the normalised county versions anymore?
 302  * production in this county and sector
 303  distrPCountyProd(county,sec)=sum(Psec$mapPSec(Psec,sec),distrPCounty(county,Psec,"prod"));
 304  *distrPCountyProdN(county,sec) = distrPCountyProd(county,sec)/sum(cc, distrPCountyProd(cc,sec));
 305  * product usage in this county and sector
 306  distrPCountyAnv(county,sec) = sum(Psec$mapPSec(Psec,sec),distrPCounty(county,Psec,"tot_anv"));
 307  *distrPCountyAnvN(county,sec) = distrPCountyAnv(county,sec)/sum(cc, distrPCountyAnv(cc,sec));
 308  * income in this county
 309  * distrPCountyincome(county) = sum(Psec,distrPandaCounty(county,Psec,"income"));
 310  * AW 26/9-14: benytter konsum - ble dette riktig nå?
 311  distrPCountyincome(county) = sum(Psec,distrPCounty(county,Psec,"konsum_hush"))+ sum(Psec,distrPCounty(county,Psec,"konsum_stat"))+sum(Psec,distrPCounty(county,Psec,"konsum_komm"));
 312  distrPCountyincome_sec(county,sec) = sum(Psec$mapPSec(Psec,sec),distrPCounty(county,Psec,"konsum_hush"))+ sum(Psec$mapPSec(Psec,sec),distrPCounty(county,Psec,"konsum_stat"))+sum(Psec$mapPSec(Psec,sec),distrPCounty(county,Psec,"konsum_komm"));
 313   
 314  distrsec_public(reg,sec)=  sum((Psec,county)$(mapPSec(Psec,sec) and mapCMtoReg(county,reg)),distrPCounty(county,Psec,"konsum_stat"))     ;
 315  distrsec_local(reg,sec)=  sum((Psec,county)$(mapPSec(Psec,sec) and mapCMtoReg(county,reg)),distrPCounty(county,Psec,"konsum_komm"))     ;
 316   
 317  *distrPCountyincomeN(county) = distrPCountyincome(county)/sum(cc, distrPCountyincome(cc));
 318   
 319   
 320   
 321  display distrPCountyProd;
 322   
 323   
 324  loop(sec,
 325       if(sum(cc, distrPCountyProd('99',sec)>0),
 326              if ((distrPCountyProd('99',sec)/sum(cc, distrPCountyProd(cc,sec))<checktol),
 327                      distrPCountyProd('99',sec)=0;
 328               );
 329       );
 330   
 331  );
 332   
 333  display "Mark 1"
 334  * normalise keys and map from county to regional level
 335  loop(sec,
 336     if (sum(cc, distrPCountyProd(cc,sec)),
 337       distrPRegProdN(reg,sec) = sum(county$mapCMtoReg(county,reg),distrPCountyProd(county,sec))/sum(cc, distrPCountyProd(cc,sec));
 338     else
 339       distrPRegProdN(reg,sec)=1/card(reg);
 340      );
 341     if (sum(cc,distrPCountyAnv(cc,sec)),
 342        distrPRegAnvN(reg,sec) = sum(county$mapCMtoReg(county,reg),distrPCountyAnv(county,sec))/sum(cc, distrPCountyAnv(cc,sec));
 343     else
 344        distrPRegAnvN(reg,sec)=1/card(reg);
 345     );
 346  );
 347  display distrPRegProdN, mapCMtoReg;
 348  display "Mark 2"
 349  * The reginalization with no sector dimension
 350  if(sum(cc,distrPCountyincome(cc)),
 351     distrPRegincomeN(reg) = sum(county$mapCMtoReg(county,reg),distrPCountyincome(county))/sum(cc, distrPCountyincome(cc));
 352  else
 353     distrPRegincomeN(reg)=1/card(reg);
 354  );
 355   
 356  display "Mark 3"
 357   
 358  loop(sec,
 359     if(distrPCountyincome_sec('99',sec) <> 0,
 360     if ((distrPCountyincome_sec('99',sec)/sum(cc, distrPCountyincome_sec(cc,sec))<checktol),
 361             distrPCountyincome_sec('99',sec)=0;
 362      );
 363      );
 364      );
 365  display "Mark 4"
 366  * normalise keys and map from county to regional level
 367  loop(sec,
 368     if (sum(cc, distrPCountyincome_sec(cc,sec)),
 369       distrsecRegincomeN(reg,sec) = sum(county$mapCMtoReg(county,reg),distrPCountyincome_sec(county,sec))/sum(cc, distrPCountyincome_sec(cc,sec));
 370     else
 371       distrsecRegincomeN(reg,sec)=1/card(reg);
 372      );
 373   
 374  );
 375  display "Mark 5"
 376   
 377  * Go from sector to goods ************************************
 378   
 379  * AW 16/12
 380  parameter dgrp(good);
 381  dgrp(good)=sum((sec,reg2),distrPRegProdN(reg2,sec)*USGN(sec,good));
 382   
 383  loop(good,
 384     if(dgrp(good),
 385        distrGoodRegProdN(reg,good)=sum(sec,distrPRegProdN(reg,sec)*USGN(sec,good))/sum((sec,reg2),distrPRegProdN(reg2,sec)*USGN(sec,good));
 386     else
 387        distrGoodRegProdN(reg,good)=1/card(reg);
 388     );
 389  );
 390   
 391  display "Mark 6"
 392   
 393  * UJ 01/02
 394  parameter dgrp_1(good);
 395  dgrp_1(good)=sum((sec,reg2),distrsecRegincomeN(reg2,sec)*USGN(sec,good));
 396   
 397  loop(good,
 398     if(dgrp_1(good),
 399        distrGoodRegincomeN(reg,good)=sum(sec,distrsecRegincomeN(reg,sec)*USGN(sec,good))/sum((sec,reg2),distrsecRegincomeN(reg2,sec)*USGN(sec,good));
 400     else
 401        distrGoodRegincomeN(reg,good)=1/card(reg);
 402     );
 403  );
 404   
 405   
 406  execute_unload 'regional_share.gdx' distrPRegProdN, distrPRegAnvN, distrPRegincomeN, distrGoodRegincomeN;
 407   
 408   
 409   
 410  *UJ 22/03   Creating the share between public and local consumption
 411  parameter dgrp_2(good)
 412  distrgood_share_public(reg,good);
 413   
 414   
 415  dgrp_2(good)=sum((sec,reg2),(distrsec_public(reg2,sec)+ distrsec_local(reg2,sec))*USGN(sec,good));
 416   
 417   
 418   
 419  display   distrsec_public, distrsec_local;
 420   
 421  loop(good,
 422     if(dgrp_2(good),
 423        distrgood_public(reg,good)=sum(sec,distrsec_public(reg,sec)*USGN(sec,good));
 424     );
 425  );
 426   
 427   
 428  loop(good,
 429     if(dgrp_2(good),
 430        distrgood_local(reg,good)=sum(sec,distrsec_local(reg,sec)*USGN(sec,good));
 431     );
 432  );
 433   
 434   
 435  distrgood_share_public(reg,good)$(distrgood_public(reg,good) +  distrgood_local(reg,good))=  distrgood_public(reg,good)/(distrgood_public(reg,good) +  distrgood_local(reg,good));
 436   
 437   
 438  display distrgood_share_public;
 439   
 440   
 441  goods = card(good);
 442  sectors = card(sec);
 443  regions = card(reg);
 444   
 445  display "Create regionalised data for a case with";
 446  display regions, "regions, ", goods," commodities and ", sectors," sectors.";
 447   
 448  **********************            Read the elastities                    *****************************
 449  parameter
 450  elas_sec(*,*)
 451  elas_prod(*,*)
 452  elas_sec_s(cnt,sec)
 453  elas_sec_s1(cnt,sec)
 454  elas_prod_s(cnt,good)
 455  elas_prod_s1(cnt,good)
 456  elas_prod_s2(cnt,good)
 457  elas_prod_s3(cnt,good)
 458  ;
 459   
GDXIN   C:\Users\natis\Downloads\Paolo (Working) 2024\Paolo (Working) 2024\Elas.gdx
--- LOAD  elas_sec = 2:elas_sec
--- LOAD  elas_prod = 1:elas_prod
 462   
 463  loop(cnt,
 464  elas_sec_s(cnt,sec)= elas_sec(sec,"s");
 465  elas_sec_s1(cnt,sec)= elas_sec(sec,"s1");
 466  );
 467   
 468  loop(cnt,
 469  elas_prod_s(cnt,good)=  elas_prod(good,"s");
 470  elas_prod_s1(cnt,good)= elas_prod(good,"s1");
 471  elas_prod_s2(cnt,good)= elas_prod(good,"s2");
 472  elas_prod_s3(cnt,good)= elas_prod(good,"s3");
 473  );
 474  ****************************                                          **********************************
 475   
 476   
 477  * 3) create trade data / gravity model, this takes also care of regionalisation of the other data
INCLUDE    C:\Users\natis\Downloads\Paolo (Working) 2024\Paolo (Working) 2024\includes\TradeGravity.gms
 479  Option LIMROW = 0, LIMCOL = 0;
 480   
 481  display "    (3) create the interegional trade data and transport margins";
 482  display "    between the regions and sectors based on gravity formulations";
 483   
 484  * National level: This code starts at the gdx-file UserGSF.gdx (but it could be changed to SAM_Panda.gdx)
 485   
 486  scalars
 487    scal  !!scaling parameter monetary values
 488    SAM_sum_u     !!sum over the total SAM
 489  ;
 490   
 491  *scal = 1000000;
 492  scal = 1;
 493   
 494  * Checking the sum value of the user SAM
 495  SAM_sum_u = sum((good,sec),UGSN(good,sec))+sum((good,fin),UGFN(good,fin))+sum((sec,good),USGN(sec,good))+sum((sec,fin),USFN(sec,fin))+sum((fin,good),UFGN(fin,good))+sum((fin,sec),UFSN(fin,sec))
 496  +sum((fin,ff),UFFN(fin,ff));
 497  display SAM_sum_u;
 498  * not in use in this code as it is now.
 499   
 500  * Rescaling the user SAM (not used at the moment)
 501  UGSN(good,sec)  =    UGSN(good,sec)/scal ;
 502  UGFN(good,fin)  =    UGFN(good,fin)/scal;
 503  USGN(sec,good)  =    USGN(sec,good)/scal;
 504  USFN(sec,fin)   =    USFN(sec,fin)/scal;
 505  UFGN(fin,good)  =    UFGN(fin,good)/scal;
 506  UFSN(fin,sec)   =    UFSN(fin,sec)/scal;
 507  UFFN(fin,ff)    =    UFFN(fin,ff)/scal;
 508   
 509   
 510  * ========================================================================== *
 511  scal = 1;
 512  * ================= The gravity-code starts here ======================   *
 513  *====== Indicators used to split national SAM between regions ==================
 514  Parameter
 515  *indicIO(sec,sec,reg)      indicator for regional production
 516  indicIO(reg,good,sec)      indicator for regional production
 517  * indicXD er ikke i bruk for tiden
 518  *indicXD(sec,sec,reg)      indicator for regional output
 519  indicCONS(reg,good)         indicator for regional households consumption
 520  indicCONSgov(reg,good)      indicator for regional households consumption
 521  indicEXP(reg,good)          indicator for regional exports by sector
 522  indicIMP(reg,sec)          indicator for regional imports by sector
 523  indicPROD(reg,sec)         indicator for regional production by sector
 524  indicLAB(reg,sec)          indicator for regional labor inputs by sector
 525  indicINV(reg,good)          indicator for regional labor inputs by sector
 526  *indic_trade(reg,reg2,sec)  trade indicator origin
 527  indic_trade(reg,reg)      trade indicator origin
 528  indic_trade1(reg,reg,sec) trade indicator destination
 529  indic_trade2(reg,reg,sec) trade indicator destination
 530  indic_trade3(reg,reg,sec) trade indicator destination
 531  capital(reg,sec)           capital or investments
 532  *indiccapital(reg,sec) er ikke i bruk
 533  *indiccapital(reg,sec)
 534  ;
 535   
 536  * AW: checking whether different disaggregation keys affect the imbalance (and how)
      *distrPRegProdN(reg,sec)=.5;
      indicIO(ss,sec,reg)      = distrPRegProdN(reg,sec) ;
      indicXD(sec,ss,reg)      = distrPRegProdN(reg,sec) ;
      indicCONS(sec,reg)         = distrPRegProdN(reg,sec) ;
      indicCONSgov(sec,reg)      = distrPRegProdN(reg,sec) ;
      indicEXP(reg,sec)          = distrPRegProdN(reg,sec) ;
      indicIMP(reg,sec)          = distrPRegProdN(reg,sec) ;
      indicPROD(reg,sec)         = distrPRegProdN(reg,sec) ;
      indicLAB(reg,sec)          = distrPRegProdN(reg,sec) ;
      indicINV(reg,sec)          = distrPRegProdN(reg,sec) ;
      indiccapital(sec,reg)           = distrPRegProdN(reg,sec) ;
 550  *$ontext
 551  *indicIO(ss,sec,reg)      = distrPRegProdN(reg,sec) ;
 552  * AW 3/12: definer indicIO med good-dimensjon (enklere om har ikke-diagonale supplymatriser)
 553  * antar at fordelingen av produkter i totalproduksjonen av sec er lik i alle regioner (sec har samme produksjonsmønster over hele landet)
 554  indicIO(reg,good,sec)      = distrPRegProdN(reg,sec) ;
 555  *indicXD(sec,ss,reg)      = distrPRegProdN(reg,sec) ;
 556  indicCONS(reg,good)         = distrGoodRegincomeN(reg,good) ;
 557  indicCONSgov(reg,good)      = distrGoodRegincomeN(reg,good) ;
 558  indicEXP(reg,good)          = distrGoodRegProdN(reg,good) ;
 559  indicIMP(reg,sec)          = distrsecRegincomeN(reg,sec);
 560  indicPROD(reg,sec)         = distrPRegProdN(reg,sec) ;
 561  indicLAB(reg,sec)          = distrPRegProdN(reg,sec) ;
 562  indicINV(reg,good)          = distrGoodRegProdN(reg,good) ;
 563   
 564  *$offtext
      fixshare = 0.5
      indicIO(ss,sec,reg)      = fixshare;
      indicXD(sec,ss,reg)      = fixshare;
      indicCONS(sec,reg)         = fixshare;
      indicCONSgov(sec,reg)      = fixshare;
      indicEXP(reg,sec)          = fixshare;
      indicIMP(reg,sec)          = fixshare;
      indicPROD(reg,sec)         = fixshare;
      indicLAB(reg,sec)          = fixshare;
      indicINV(reg,sec)          = fixshare;
      indiccapital(sec,reg)      = fixshare;
 578   
 579  *  ULF: Testing a distance parameter to spread the trade between the regions ********************************************
      parameter
      *indic_trade(reg,reg2,sec)  = 1/card(reg)**2 ;
      *indic_trade1(reg,reg2,sec) = 1/card(reg)**2 ;
       
      trade_reg(reg,reg2,sec)
      trade_sec_new(reg,reg2,sec,sec)
      indic(reg,reg2,*)
      ;
       
      *$libinclude xlimport  indic  Distance_region.xls   Sheet1!a1..c10 ;
      indic_trade(reg,reg2)      = indic(reg,reg2,"Distance") ;
      indic_trade1(reg,reg2,sec) = indic_trade(reg,reg2)/indic_trade(reg,reg2)**2;
      indic_trade2(reg,reg2,sec) = (indic_trade(reg,reg2)/indic_trade(reg,reg2)**2)/sum(regg,indic_trade1(reg,regg,sec) );
      indic_trade3(reg,reg2,sec) = (indic_trade(reg,reg2)/indic_trade(reg,reg2)**2)/sum(regg,indic_trade1(regg,reg2,sec) );
       
       
      *trade_sec_new(reg,reg2,sec,sec)    =  trade_sec() ;
      *trade_reg(reg,reg2,sec)  =  sum((county,county2,secc)$(mapCMtoReg(county,reg) and mapCMtoReg(county2,reg2)),trade_sec(county,county2,sec,sec) ) ;
      *               trade_sec(*,*,sec,sec)
      *trade_reg(reg,reg2) =sum((from_sec,to_sec, county, county2)$(mapCMtoReg(county,reg) and mapCMtoReg(county2,reg2)),trade_sec(county,county2,from_sec,to_sec) ) ;
       
       
      display trade_sec;
 605  *  ULF: Testing a distance parameter to spread the trade between the regions ********************************************
 606   
 607  *************************************************************************************************************************
 608   
 609   
 610  Parameters
 611  XDZ(sec,reg)              initial domestic gross production (output) level
 612  XDDZ(reg,sec,good)        detailed sectoral outputs
 613  IOZ(reg,good,sec)         initial intermediate demand for goods
 614  LZ(sec,reg)               labour inputs
 615  KZ(sec,reg)               capital inputs
 616   
 617  CZ(reg,good)              initial consumer demand for goods and leisure
 618  CBUDZ(reg)                budjett restriction to the household
 619  CGZ(reg,good)             initial government demand for goods
 620  IZ(reg,good)              initial investment demand private
 621  SVZ(reg,good)             initial changes in inventories
 622   
 623  EROWZ(reg,good)           initial exports to RoW
 624  MROWZ(reg,good)           initial imports from RoW
 625  TRADEZ(good,reg,reg)      initial domestic production delivered to domestic region reg
 626  TRADEZ_f(good,reg)        initial domestic production delivered from
 627  TRADEZ_t(good,reg)        initial domestic production delivered to
 628  *  not inclued yet EZ(cnt,com)       total exports
 629   
 630  TMCZ(good)                transport and trade margins
 631  TMCZ_R(reg,good)          regional version of trade and transportmargins
 632  TMCRZ(reg,reg,good)       transp and trade margins
 633  TAXCZR(reg,rr,good)       product taxes
 634  TMXZ(reg,good)            initial consumption of good for prod of transport and trade margins
 635   
 636  TTYZ(reg)                 income taxes
 637  TRANSFZ(reg)              govermental transfers to households
 638   
 639  SHZ(reg)                  initial household savings
 640  SGZ(reg)                  initial goverment savings
 641  SROWZ(reg)                savings from RoW
 642  INVZ(sec,reg)             sectoral investments
 643   
 644  TRROWZ(reg)               net transfers to government (closing trade balance)
 645  TRHROWZ(reg)              initial income of households tranfered to or received from RoW (closing trade balance)
 646   
 647  TAXCZ(good)                net taxes on products
 648  TAXCZ_R(reg,good)          net taxes on products for regions
 649  TAXPZ(sec,reg)             net taxes on production
 650  *TAXPZ_R(sec,reg)           net taxes on production for regions
 651   
 652  LSZ(reg)                  initial labour endowment
 653  KSZ(reg)                  initial capital endowment
 654   
 655  ITZ(reg)                  total investments
 656  CBUDZ(reg)                households consumption budget
 657  CBUDGZ(reg)               governmental consumption budget
 658   
 659  XZ(reg,good)               initial domestic sales
 660  XXDZ(reg,good)             domestic products supply to domestic market
 661   
 662  TMTZ(reg)                 initial total trade and transport margins
 663   
 664  *TAXCZ(sec)                other taxes on products
 665  *VATTZ(sec)                VAT taxes on products
 666  *EXCISZ(sec)               excise taxes on products
 667  YZ(reg)                   income of the households
 668  TAXRZ(reg)                tax revenues of the government
 669  TRYZ                      initial income tax revenues
 670  capital_check(reg,sec)    check if endowments are balanced - use capital as balancing element
 671   
 672  * AW 16/12: in order to find out where division by zero occurs & for which sec + good
 673  ccount(sec), gcount(good)
 674  rccount(reg,sec), rgcount(reg,good)
 675  grrcount(good,reg,reg)
 676   
 677  diffXD_n(good), diffX_n(good)
 678  investment_bal_n, trade_bal_global_n
 679  ;
 680   
 681  display mapPFin;
 682   
 683  Display "Checking balances for national SAM:" ;
 684  ** AW 26/1-15: checking whether balances are satisfied for the national SAM at all
 685  * Sales balances:
 686  * regional version: sum(sec,XDDZ(reg,sec,good))- EROWZ(reg,good) - sum(rr, TRADEZ(good,reg,rr)) ;
 687  diffXD_n(good) = sum(sec, USGN(sec,good))- sum(fin$mapPFin('149',fin),UGFN(good,fin))
 688          - (sum(fin$mapPFin('146',fin),UGFN(good,fin))-sum(fin$mapPFin('146',fin),UFGN(fin,good)));
 689  display "Sales balances", diffXD_n;
 690  * Demand balances:
 691  * regional version: diffX(reg,good) = XZ(reg,good) - MROWZ(reg,good) - sum(rr, TRADEZ(good,rr,reg) + TMCRZ(rr,reg,good));
 692  diffX_n(good) =  sum(fin$mapPFin('142',fin),UGFN(good,fin))+ sum(fin$mapPFin('143',fin),UGFN(good,fin)) + sum(fin$mapPFin('144',fin),UGFN(good,fin))
 693                    + sum(fin$mapPFin('145',fin),UGFN(good,fin)) + (sum(fin$mapPFin('146',fin),UGFN(good,fin))-sum(fin$mapPFin('146',fin),UFGN(fin,good)))
 694                    + sum(sec,UGSN(good,sec)) - sum(fin$mapPFin('149',fin),UFGN(fin,good));
 695  display "Demand balances", diffX_n;
 696  * Investment balance:
 697  * regional version: investment_bal(reg) = sum(sec,INVZ(sec,reg)) + SHZ(reg)  + SGZ(reg) + SROWZ(reg)-ITZ(reg) - sum(good, SVZ(reg,good));
 698  investment_bal_n = sum((fin,sec)$mapPFin('144',fin),UFSN(fin,sec)) + sum((fin,ff)$(mapPFin('144',fin) and mapPFin('142',ff)),UFFN(fin,ff))
 699                      + sum((fin,ff)$(mapPFin('144',fin) and mapPFin('143',ff)),UFFN(fin,ff))
 700                      + (sum((fin,ff)$(mapPFin('144',fin) and mapPFin('149',ff)),UFFN(fin,ff)) - sum((fin,ff)$(mapPFin('149',fin) and mapPFin('144',ff)),UFFN(fin,ff)))
 701                      -sum((good,fin)$mapPFin('144',fin),UGFN(good,fin)) - sum((good,fin)$mapPFin('145',fin),UGFN(good,fin));
 702   
 703  display "Investment balance", investment_bal_n;
 704   
 705  * Global trade balance:
 706  * regional version: trade_bal_global(reg) = sum(good,EROWZ(reg,good)) + sum((good,rr),TRADEZ(good,reg,rr)) + sum(good,TMXZ(reg,good)) -  TRHROWZ(reg) +  TRROWZ(reg) + SROWZ(reg)
 707  *  -  sum(good,MROWZ(reg,good)) - sum((good,rr),TRADEZ(good,rr,reg) + TMCRZ(rr,reg,good));
 708  *tradebal_glob(reg)=sum(good,mSAM(reg,good,'trade'))
 709  *      + (sum(fin$mapPFin('142',fin),mSAM(reg,fin,'trade')-mSAM(reg,'trade',fin)))
 710  *      + (sum(fin$mapPFin('143',fin),mSAM(reg,fin,'trade') - mSAM(reg,'trade',fin)))
 711  *      + (sum(fin$mapPFin('144',fin),mSAM(reg,fin,'trade') - mSAM(reg,'trade',fin)))
 712  *      - sum(good,mSAM(reg,'trade',good)) ;
 713   
 714  trade_bal_global_n = sum((fin,good)$mapPFin('149',fin),UGFN(good,fin))
 715        + (sum((fin,ff)$(mapPFin('142',fin) and mapPFin('149',ff)),UFFN(fin,ff)-UFFN(ff,fin)))
 716        + (sum((fin,ff)$(mapPFin('143',fin) and mapPFin('149',ff)),UFFN(fin,ff) - UFFN(ff,fin)))
 717        + (sum((fin,ff)$(mapPFin('144',fin) and mapPFin('149',ff)),UFFN(fin,ff) - UFFN(ff,fin)))
 718        - sum((fin,good)$mapPFin('149',fin),UFGN(fin,good)) ;
 719   
 720  display "Global trade balance", trade_bal_global_n;
 721   
 722   
 723  * ================= Initial domestic gross production ========================= *
 724  XDZ(sec,reg)         = sum(good,USGN(sec,good))*indicPROD(reg,sec);
 725  XDDZ(reg,sec,good) = USGN(sec,good)*indicProd(reg,sec);
 726  *XDZ_sum(sec)         = sum(reg,XDZ(sec,reg));
 727  *display XDZ,XDZ_sum;
 728  * =================                                   ========================= *
 729   
 730  display XDDZ, USGN, indicProd;
 731   
 732  * ================= Initial intermediate demand for goods ====================== *
 733  *IOZ(reg,good,sec) = UGSN(good,sec)*sum(ss$mapSecGood(ss,good),indicIO(ss,sec,reg));
 734  * AW 3/12
 735  IOZ(reg,good,sec) = UGSN(good,sec)*indicIO(reg,good,sec);
 736  *IOZ(ss,sec,reg) = sum(good$mapSecGood(ss,good),UGSN(good,sec))*indicIO(sec,ss,reg) ;
 737  * I'm not sure if this is the correct formulation, but the sum is correct based on the SAM (ULF)
 738  *display IOZ_new, IOZ;
 739  * AW 3/12
 740  *IOZ(reg,good,sec)$((sum((reg2,ss)$mapSecGood(ss,good),indicIO(ss,sec,reg2)) eq 0) and
 741  IOZ(reg,good,sec)$((sum(reg2,indicIO(reg2,good,sec)) eq 0) and
 742                      UGSN(good,sec))
 743                      = UGSN(good,sec) *XDZ(sec,reg)/sum(reg2,XDZ(sec,reg2)) ;
 744  * =================                                   ========================== *
 745   
 746  * =================           Row parameters                                    ====================== *
 747  *TAXPZ(sec,reg)            =     sum(fin$mapPFin('137',fin),UFSN(fin,sec))*( XDZ(sec,reg)/sum(reg2,XDZ(sec,reg2)) )  ;
 748   
 749  * AW 16/12
 750  display "div0 1";
 751  TAXPZ(sec,reg)$(abs(sum(fin$mapPFin('137',fin),UFSN(fin,sec)))<=checktol)=0;
 752  TAXPZ(sec,reg)$(abs(sum(fin$mapPFin('137',fin),UFSN(fin,sec)))>checktol) = sum(fin$mapPFin('137',fin),UFSN(fin,sec))*( XDZ(sec,reg)/sum(reg2,XDZ(sec,reg2)) )  ;
 753  ccount(sec)$(abs(sum(fin$mapPFin('137',fin),UFSN(fin,sec)))>checktol and abs(sum(reg2,XDZ(sec,reg2))<=checktol))=1 ;
 754  *);
 755  if (sum(sec,ccount(sec)) >0,
 756     display ccount;
 757  );
 758   
 759  LZ(sec,reg)           =  sum(fin$mapPFin('131',fin),UFSN(fin,sec))*indicPROD(reg,sec) ;
 760  LSZ(reg)              =  sum(sec,LZ(sec,reg)) ;
 761   
 762  *used as an balancing parameter
 763  capital(reg,sec)$(abs(XDZ(sec,reg)>checktol)) = XDZ(sec,reg) - TAXPZ(sec,reg) - sum(good,IOZ(reg,good,sec))- LZ(sec,reg);
 764   
 765  * This is the NEG version from Olga
 766  *capital(sec,reg)$XDZ(sec,reg) = XDZ(sec,reg) + (SUBPZ(sec)- TAXPZ(sec))*XDZ(sec,reg)
 767  *                   /sum(regg,XDZ(sec,regg)) - sum(secc,IOZ(secc,sec,reg))
 768  *                   - sum(ed,LZ(sec,ed,reg)) - (EMPSCZ(sec) + EMPLSCZ(sec))
 769  *                   *sum(ed,LZ(sec,ed,reg))/sum((regg,ed),LZ(sec,ed,regg));
 770   
 771  *Display capital;
 772  *** AW 22/1-15
 773  *loop ((reg,sec),
 774  *   if ((capital(reg,sec) lt checktol),
 775  *          display capital;
 776  *          abort "check capital(reg,sec) "
 777  *   );
 778  *) ;
 779   
 780   
 781  *Split capital into two parts - investments and operating surplus
 782  *the old version of KZ(sec,reg)           =  sum(fin$mapPFin('135',fin),UFSN(fin,sec))*indicLAB(reg,sec) ;
 783  display "div0 2";
 784   
 785  * AW 16/12  - finn ut hvilke sec det gjelder
 786  rccount(reg,sec)=0;
 787  KZ(sec,reg)$(abs(capital(reg,sec))<=checktol)=0;
 788  KZ(sec,reg)$(abs(capital(reg,sec))>checktol) = capital(reg,sec)*(sum(fin$mapPFin('135',fin),UFSN(fin,sec)))/ (sum(fin$mapPFin('144',fin), UFSN(fin,sec)) + sum(fin$mapPFin('135',fin),UFSN(fin,sec))) ;
 789  rccount(reg,sec)$(abs(capital(reg,sec))>checktol and abs(sum(fin$mapPFin('144',fin), UFSN(fin,sec)) + sum(fin$mapPFin('135',fin),UFSN(fin,sec)))<=checktol) =2;
 790   
 791  if (sum((reg,sec),rccount(reg,sec)) <>0,
 792     display rccount;
 793  );
 794   
 795  INVZ(sec,reg)   =  capital(reg,sec) -  KZ(sec,reg);
 796  *the old version INVZ(sec,reg) =  sum(fin$mapPFin('144',fin), UFSN(fin,sec))*KZ(sec,reg) /sum(rr,KZ(sec,rr));
 797   
 798  capital_check(reg,sec) = XDZ(sec,reg) - TAXPZ(sec,reg) - sum(good,IOZ(reg,good,sec))- LZ(sec,reg) - KZ(sec,reg) - INVZ(sec,reg);
 799   
 800  *Olgas version
 801  *KYZ(sec,reg)    =  capital(sec,reg)/(1 + TYKZ(sec)/sum(map1(act,sec),SAM("51",act)) + sum(map1(act,sec),SAM("61",act))/sum(map1(act,sec),SAM("51",act))) ;
 802  display capital_check;
 803   
 804  KSZ(reg)              =  sum(sec,KZ(sec,reg)) ;
 805  YZ(reg)               =  LSZ(reg) + KSZ(reg) ;
 806   
 807  display indicCons, indicIO, UGFN;
 808   
 809   
 810  * ================= Consumer demand       =================================== *
 811  CZ(reg,good)     = sum(fin$mapPFin('142',fin),UGFN(good,fin))*indicCONS(reg,good) ;
 812  CBUDZ(reg)   =  sum(good,CZ(reg,good)) ;
 813   
 814  * =================          Savings and transfers                       ====================== *
 815  TRYZ            =  sum((fin,ff)$(mapPFin('134',fin) and mapPFin('142',ff)),UFFN(fin,ff)) ;
 816   
 817  TTYZ(reg)       = TRYZ*YZ(reg)/sum(rr,YZ(rr));
 818  *TTYZ(reg)       =  sum((fin,ff)$(mapPFin('134',fin) and mapPFin('142',ff)),UFFN(fin,ff))* sum(good,CZ(reg,good))/sum((rr,gg),CZ(rr,gg));
 819   
 820  SHZ(reg)     =  sum((fin,ff)$(mapPFin('144',fin) and mapPFin('142',ff)),UFFN(fin,ff))*(YZ(reg)- TRYZ*YZ(reg)/sum(rr,YZ(rr)))
 821                     /sum(reg2,(YZ(reg2)- TRYZ*YZ(reg2)/sum(rr,YZ(rr))) ) ;
 822   
 823  TRANSFZ(reg)         =     sum((fin,ff)$(mapPFin('142',fin) and mapPFin('143',ff)),UFFN(fin,ff))* ( CBUDZ(reg) - YZ(reg)
 824                     +  TRYZ*YZ(reg)/sum((reg2),YZ(reg2)) + SHZ(reg))
 825                     /sum((rr),( CBUDZ(rr) - YZ(rr)
 826                     +  TRYZ*YZ(rr)/sum((reg2),YZ(reg2)) + SHZ(rr)) ) ;
 827   
 828  *TRFZ(th,reg)     =  SAM("59","60")*( CBUDZ(th,reg) - YZ(th,reg)
 829  *                   +  TRYZ*YZ(th,reg)/sum((thh,regg),YZ(thh,regg)) + SHZ(th,reg))
 830  *                   /sum((thhh,reggg),( CBUDZ(thhh,reggg) - YZ(thhh,reggg)
 831  *                   +  TRYZ*YZ(thhh,reggg)/sum((thh,regg),YZ(thh,regg)) + SHZ(thhh,reggg)) ) ;
 832   
 833  display TRANSFZ;
 834   
 835  TAXCZ(good)       =     sum(fin$mapPFin('138',fin),UFGN(fin,good)) ;
 836   
 837  *Column parameters
 838  * ================= Cheking if EROWZ is smaler than XDDZ and reducing EROWZ and MROWZ with this amount       ====================== *
 839  * We are adding a small number: 0.1, because we don't want to have the number 0
 840  parameter Adj_EROWZ_MROWZ(good),EROWZ_sjekk(reg,good);
 841  Adj_EROWZ_MROWZ(good)$(sum(sec,USGN(sec,good)) - sum(fin$mapPFin('149',fin),UGFN(good,fin)) <  0) = sum(sec,USGN(sec,good)) - sum(fin$mapPFin('149',fin),UGFN(good,fin) + checktol);
 842  *Adj_EROWZ_MROWZ(good)=0;
 843  * =================                                                                                           ====================== *
 844  * ================= Export to the rest of the world       ====================== *
 845  EROWZ(reg,good)  = (sum(fin$mapPFin('149',fin),UGFN(good,fin)) + Adj_EROWZ_MROWZ(good))*indicEXP(reg,good);
 846  EROWZ_sjekk(reg,good) =  (sum(fin$mapPFin('149',fin),UGFN(good,fin)))*indicEXP(reg,good);
 847  display EROWZ;
 848   
 849   
 850  * ================= Goverment demand       ====================== *
 851  CGZ(reg,good)    = sum(fin$mapPFin('143',fin),UGFN(good,fin))*indicCONSgov(reg,good);
 852  CBUDGZ(reg)          = sum(good,CGZ(reg,good)) ;
 853   
 854  * =================          Investment                       ====================== *
 855  IZ(reg,good)     = sum(fin$mapPFin('144',fin),UGFN(good,fin))*indicINV(reg,good);
 856  ITZ(reg)             = sum(good,IZ(reg,good)) ;
 857  *IZ(sec,reg)$((sum(regg,indicINV(regg,sec)) eq 0) and sum(map(cm,sec),SAM(cm,"61")))
 858  *                = sum(map(cm,sec),SAM(cm,"61"))
 859  *                *sum(secc,IZ(secc,reg))/sum(regg,sum(secc,IZ(secc,regg))) ;
 860  display "div0 6";
 861   
 862   
 863  * =================          Changes inventories                       ====================== *
 864  gcount(good)=0;
 865  SVZ(reg,good)$(abs(sum(fin$mapPFin('145',fin),UGFN(good,fin)))<= checktol)=0;
 866  SVZ(reg,good)$(abs(sum(fin$mapPFin('145',fin),UGFN(good,fin)))>checktol) = (sum(fin$mapPFin('145',fin),UGFN(good,fin)))*( CZ(reg,good) + CGZ(reg,good)+ sum(ss,IOZ(reg,good,ss)) )
 867                    /sum(reg2,(CZ(reg2,good) + CGZ(reg2,good)+ sum(ss,IOZ(reg2,good,ss)) )) ;
 868  gcount(good)$(abs(sum(fin$mapPFin('145',fin),UGFN(good,fin)))>checktol and abs(sum(reg2,(CZ(reg2,good) + CGZ(reg2,good)+ sum(ss,IOZ(reg2,good,ss))))<=checktol)) = 6;
 869   
 870  if (sum(good,gcount(good)) <>0,
 871     display "SVZ regionalisation not OK for product"
 872     display gcount;
 873  );
 874   
 875  * =================                                        ====================== *
 876   
 877  * not sure if this is a good regionalization (Ulf) This parameter is not regionlized in the other code from OLGA *
 878  SGZ(reg)     = sum((fin,ff)$(mapPFin('144',fin) and mapPFin('143',ff)),UFFN(fin,ff))* sum(good,CGZ(reg,good))/sum((rr,good),CGZ(rr,good));
 879  *TAXRZ(reg)          =    TAXCZ(sec) +  TAXPZ(sec) + TTYZ(reg) );
 880  *=================                                                       ====================== *
 881   
 882  * =================         Production of Trade and transport margins                ====================== *
 883  TMCZ(good)$(sum(fin$mapPFin('146',fin),UFGN(fin,good)) gt checktol) =  sum(fin$mapPFin('146',fin),UFGN(fin,good)) ;
 884   
 885  display "Trade margins";
 886  display CZ, CGZ, IOZ;
 887  TMXZ(reg,good)$(sum(rr,CZ(rr,good)+ CGZ(rr,good) + sum(sec,IOZ(rr,good,sec)))) =sum(fin$mapPFin('146',fin),UGFN(good,fin))
 888                    *(CZ(reg,good) + CGZ(reg,good)+ sum(sec,IOZ(reg,good,sec)))/sum(rr,CZ(rr,good)+ CGZ(rr,good) + sum(sec,IOZ(rr,good,sec)) ) ;
 889  TMTZ(reg)       = sum(good,TMXZ(reg,good));
 890  display TMTZ, TMXZ;
 891  * =================       Fiks for balancing trade and transport margins                                 ====================== *
 892  * Adjusting this code to make the trade and transport margins balanced
 893  * AW 18/12 - checking division by zero
 894  display "div0 8";
 895  gcount(good)=0;
 896  TMCZ_R(reg,good)$(abs(TMCZ(good))<=checktol)=0;
 897  TMCZ_R(reg,good)$(abs(TMCZ(good))>checktol  and (sum(reg2, CZ(reg2,good)+ CGZ(reg2,good)  ) + sum((reg2,ss), IOZ(reg2,good,ss)) ))
 898           = TMCZ(good)*( CZ(reg,good)+ CGZ(reg,good) +  sum(sec, IOZ(reg,good,sec)) )/
 899          ( sum(reg2, CZ(reg2,good)+ CGZ(reg2,good)  ) + sum((reg2,ss), IOZ(reg2,good,ss)) );
 900  gcount(good)$(abs(TMCZ(good))>checktol and abs(sum(reg2,(CZ(reg2,good) + CGZ(reg2,good)+ sum(ss,IOZ(reg2,good,ss)) )) <= checktol)) = 8;
 901   
 902  if (sum(good,gcount(good)) <>0,
 903     display "regionalisation of trade and transport margins not OK for product(s)"
 904     display gcount;
 905  );
 906   
 907  display TMCZ;
 908   
 909   
 910  * ====================                                           ======================== *
 911  * =================          Redefining parameters                     ====================== *
 912  *Redefinition of consumption,investments and intermediate consumption
 913  *(as net of taxes and subsidies)
 914  *Note that prices of commodities include transport and trade margins
 915  Parameter
 916  CZ_old(reg,good)
 917  IZ_old(reg,good)
 918  CGZ_old(reg,good)
 919  IOZ_old(reg,good,sec)
 920  TAX_total(good)
 921  DEM_total(good)
 922  ;
 923   
 924  CZ_old(reg,good) = CZ(reg,good)  ;
 925  IZ_old(reg,good) = IZ(reg,good)  ;
 926  CGZ_old(reg,good)  = CGZ(reg,good) ;
 927  IOZ_old(reg,good,sec)  = IOZ(reg,good,sec) ;
 928  TAX_total(good)    = TAXCZ(good)+ TMCZ(good) ;
 929  *The old version with transportmargins excluded
 930  *TAX_total(good)    = TAXCZ(good) ;
 931   
 932  *creating the regional version of product taxes
 933  * AW 18/12
 934  display "div0 9";
 935  gcount(good)=0;
 936  TAXCZ_R(reg,good)$(abs(TAXCZ(good))<= checktol) = 0;
 937  TAXCZ_R(reg,good)$(abs(TAXCZ(good))>checktol and sum(reg2, CZ(reg2,good)+ CGZ(reg2,good) + IZ(reg2,good) ) + sum((reg2,ss), IOZ(reg2,good,ss)))
 938           = TAXCZ(good)*( CZ(reg,good)+ CGZ(reg,good) + IZ(reg,good) + sum(sec, IOZ(reg,good,sec)) )/
 939          ( sum(reg2, CZ(reg2,good)+ CGZ(reg2,good) + IZ(reg2,good) ) + sum((reg2,ss), IOZ(reg2,good,ss)) );
 940  gcount(good)$(abs(TAXCZ(good))>checktol and abs(sum(reg2, CZ(reg2,good)+ CGZ(reg2,good) + IZ(reg2,good) ) + sum((reg2,ss), IOZ(reg2,good,ss)) <=checktol)) =9;
 941   
 942  if (sum(good,gcount(good)) <>0,
 943     display "regionalisation of product taxes not OK for product"
 944     display gcount;
 945  );
 946   
 947  DEM_total(good)    = sum(reg, CZ(reg,good)+ CGZ(reg,good) + IZ(reg,good)) + sum((reg,sec), IOZ(reg,good,sec))  ;
 948   
 949  *CZ(reg,good)$CZ(reg,good)   = CZ(reg,good)  - TAX_total(good)*CZ_old(reg,good)/DEM_total(good) ;
 950  *IZ(reg,good)$IZ(reg,good)   = IZ(reg,good)  - TAX_total(good)*IZ_old(reg,good)/DEM_total(good) ;
 951  *CGZ(reg,good)$CGZ(reg,good) = CGZ(reg,good) - TAX_total(good)*CGZ_old(reg,good)/DEM_total(good) ;
 952  *IOZ(reg,good,sec)$IOZ(reg,good,sec) = IOZ(reg,good,sec) - TAX_total(good)*IOZ_old(reg,good,sec)/DEM_total(good) ;
 953  Display CZ, IZ, CGZ ;
 954   
 955  *loop ((sec,reg),
 956  *
 957  *  if ((CZ(sec,reg) lt 0)  ,
 958  *          abort "check CZ(sec,reg) "
 959  *     );
 960  *  ) ;
 961  *   if ((IZ(sec,reg) lt 0)  ,
 962  *          abort "check IZ(sec,reg) "
 963  *   );
 964  *   if ((CGZ(sec,reg) lt 0)  ,
 965  *          abort "CGZ(sec,reg) "
 966  *   );
 967  *);
 968   
 969  Parameter
 970  TMXZ_old(reg,good)
 971  ;
 972  TMXZ_old(reg,good)=  TMXZ(reg,good) ;
 973   
 974  * Adjusting trade and transportmargins such that rows and columns is balanced
 975  *TMXZ(reg,good)=     TMXZ(reg,good) + TMXZ_old(reg,good)/sum(gg,TMXZ_old(reg,gg))  *    sum(gg, TMCZ_R(reg,gg) -  TMXZ_old(reg,gg)) ;
 976  ** AW 31/10 Muligens ikke nødvendig? (får skeivfordeling tm/tf både med og uten)
 977   
 978  display TMCZ_R, TMXZ,TMXZ_old;
 979  * =================                          ====================== *
 980   
 981   
 982  * =================          Initial domestic sales                ====================== *
 983  XZ(reg,good)     = CZ(reg,good)+ CGZ(reg,good) + IZ(reg,good)+ SVZ(reg,good)
 984                    + TMXZ(reg,good) + sum(sec,IOZ(reg,good,sec)) ;
 985   
 986   
 987  * =================          Initial import                ====================== *
 988  **MROWZ(sec,reg)  = sum((good,fin)$(mapSecGood(sec,good) and mapPFin('149',fin)),UFGN(fin,good))*XZ(sec,reg)/sum(rr,XZ(sec,rr))  ;
 989  display "div0 10";
 990  gcount(good)=0;
 991  MROWZ(reg,good)$(abs(sum(fin$mapPFin('149',fin),UFGN(fin,good))+ Adj_EROWZ_MROWZ(good))<=checktol)=0;
 992  MROWZ(reg,good)$(abs(sum(fin$mapPFin('149',fin),UFGN(fin,good)+ Adj_EROWZ_MROWZ(good)))>checktol) = sum(fin$mapPFin('149',fin),UFGN(fin,good)+ Adj_EROWZ_MROWZ(good))*XZ(reg,good)/sum(rr,XZ(rr,good));
 993  gcount(good)$(abs(sum(fin$mapPFin('149',fin),UFGN(fin,good)+ Adj_EROWZ_MROWZ(good)))>checktol and abs(sum(rr,XZ(rr,good))<=checktol))=10;
 994   
 995  if(sum(good,gcount(good))<>0,
 996     display "Regionalisation of imports not OK for product"
 997     display gcount;
 998  );
 999   
1000  display MROWZ;
1001   
1002  *This is the gravity formulation
1003  *---estimation of the interregional trade flows
1004  Parameters
1005  XDDE_o(good,reg,reg) initial split according to origin indic
1006  XDDE_d(good,reg,reg) initial split according to destination split
1007  SUM_o(reg,good)
1008  SUM_d(reg,good)
1009  cons_check(good,reg,reg) consistency check
1010  ;
1011   
1012  *This formulation is based on distance *
1013  *XDDE_o(sec,reg,regg) = (XDZ(sec,reg)- EROWZ(sec,reg) )*indic_trade2(reg,regg,sec) ;
1014  *XDDE_d(sec,regg,reg) = (XZ(sec,reg) -  MROWZ(sec,reg))*indic_trade3(regg,reg,sec) ;
1015   
1016  * AW 16/12 + 18/12
1017  display "div0 11";
1018  rgcount(reg,good)=0;
1019  XDDE_o(good,reg,reg2)$((sum(sec,XDDZ(reg,sec,good))- EROWZ(reg,good))<=checktol)=0;
1020  XDDE_o(good,reg,reg2)$((sum(rr,(XZ(rr,good)-MROWZ(rr,good))))>checktol) = scal*(sum(sec,XDDZ(reg,sec,good))- EROWZ(reg,good))*(XZ(reg2,good) - MROWZ(reg2,good))
1021                         /sum(rr,(XZ(rr,good)-MROWZ(rr,good)));
1022  rgcount(reg,good)$((sum(sec,XDDZ(reg,sec,good))-EROWZ(reg,good))>checktol and abs(sum(rr,(XZ(rr,good)-MROWZ(rr,good))))<=checktol)= 11;
1023   
1024  if (sum((reg,good),rgcount(reg,good)) <>0,
1025     display "Problems with splitting XDDE_o for product and region"
1026     display rgcount;
1027  );
1028   
1029   
1030   
1031   
1032  * AW 16/12 + 18/12
1033  display "div0 12";
1034  rgcount(reg,good)=0;
1035  XDDE_d(good,reg2,reg)$(abs(XZ(reg,good)-MROWZ(reg,good))<=checktol)=0;
1036  XDDE_d(good,reg2,reg)$((sum(rr,(sum(sec,XDDZ(rr,sec,good))- EROWZ(rr,good))))>checktol) = scal*(XZ(reg,good)- MROWZ(reg,good))*(sum(sec,XDDZ(reg2,sec,good))- EROWZ(reg2,good))
1037                         /sum(rr,(sum(sec,XDDZ(rr,sec,good))- EROWZ(rr,good)) ) ;
1038  rgcount(reg,good)$(abs(XZ(reg,good)-MROWZ(reg,good))>checktol and (sum(rr,(sum(sec,XDDZ(rr,sec,good))- EROWZ(rr,good)) ) <=checktol)) =12;
1039  *rgcount(reg,good)$((sum(rr,(sum(sec,XDDZ(rr,sec,good))- EROWZ(rr,good)) ) = 0)) =12;
1040  *** AW 19/1: to check wrt. problems in gravity model - do "UNDF" entries in XDDE_d vause the problems?
1041  *XDDE_d(good,reg2,reg)$(abs(XZ(reg,good)-MROWZ(reg,good))>checktol and abs(sum(rr,(sum(sec,XDDZ(rr,sec,good))- EROWZ(rr,good)) ) <=checktol)) = (XZ(reg,good)-MROWZ(reg,good))/card(reg);
1042   
1043  if (sum((reg,good),rgcount(reg,good)) <>0,
1044     display "Problems with splitting XDDE_d for product and region"
1045     display rgcount;
1046  );
1047   
1048  *XDDE_d(good,reg2,reg) = scal*(XZ(reg,good)- MROWZ(reg,good))*(sum(sec$mapSecGood(sec,good),XDZ(sec,reg2))- EROWZ(reg2,good))
1049  *                       /sum(rr,(sum(sec$mapSecGood(sec,good),XDZ(sec,rr))- EROWZ(rr,good)) ) ;
1050   
1051  SUM_o(reg,good) = sum(rr, XDDE_o(good,rr,reg)) ;
1052  SUM_d(reg,good) = sum(rr, XDDE_d(good,reg,rr)) ;
1053   
1054  Parameter demandr(reg,good), supplyr(reg,good);
1055  demandr(reg,good) = (XZ(reg,good) -  MROWZ(reg,good))*scal ;
1056  supplyr(reg,good)$((sum(sec,XDDZ(reg,sec,good))- EROWZ(reg,good))<=checktol)=0;
1057  supplyr(reg,good)$((sum(sec,XDDZ(reg,sec,good))- EROWZ(reg,good))>checktol)=(sum(sec,XDDZ(reg,sec,good)) - EROWZ(reg,good))*scal ;
1058  Display demandr,supplyr ;
1059   
1060  Parameter ch_difference(good), transpm(good),taxcz(good);
1061  *ch_difference(good)  = sum(reg,SUM_o(reg,good)) - sum(reg,SUM_d(reg,good)) ;
1062  *The old version based on transportmargins included
1063  ch_difference(good)  = sum(reg,SUM_o(reg,good)) + TAXCZ(good) + TMCZ(good) - sum(reg,SUM_d(reg,good)) ;
1064   
1065   
1066  * =================          Useful datachecks before before gravity model        ====================== *
1067  parameter
1068  matrise1(good, *);
1069  matrise1(good, "O") =  sum(reg,SUM_o(reg,good));
1070  matrise1(good, "TAXCZ") =  TAXCZ(good);
1071  matrise1(good, "TMCZ") =  TMCZ(good);
1072  matrise1(good, "D") =  - sum(reg,SUM_d(reg,good));
1073  matrise1(good, "ch_difference") =  sum(reg,SUM_o(reg,good)) + TAXCZ(good) + TMCZ(good) - sum(reg,SUM_d(reg,good));
1074  matrise1(good, "MROWZ") =  sum(reg,MROWZ(reg,good));
1075  matrise1(good, "EROWZ") =  sum(reg,EROWZ(reg,good));
1076  matrise1(good, "XZ - MROWZ") =  sum(reg,XZ(reg,good))-sum(reg,MROWZ(reg,good));
1077  matrise1(good, "XDDZ - EROWZ") =  sum((sec,reg),XDDZ(reg,sec,good))-sum(reg,EROWZ(reg,good));
1078  * =================                                                               ====================== *
1079   
1080   
1081  Display ch_difference, matrise1 ;
1082   
1083  display "div0 13";
1084  gcount(good)=0;
1085  transpm(good)$(abs(TMCZ(good))<=checktol)=0;
1086  transpm(good)$(abs(TMCZ(good))>checktol) = TMCZ(good)*scal/sum(reg,SUM_o(reg,good)) ;
1087  gcount(good)$(abs(TMCZ(good))>checktol and abs(sum(reg,SUM_o(reg,good))) <= checktol) =13;
1088   
1089  if (sum(good,gcount(good)) <>0,
1090     display gcount;
1091  );
1092   
1093  *display SUM_o(reg,good);
1094   
1095   
1096   
1097   
1098  display "div0 14";
1099  gcount(good)=0;
1100  taxcz(good)$(abs(TAXCZ(good))<=checktol)=0;
1101  taxcz(good)$(abs(TAXCZ(good))>checktol) = TAXCZ(good)*scal/sum(reg,SUM_o(reg,good)) ;
1102  gcount(good)$(abs(TAXCZ(good))>checktol and abs(sum(reg,SUM_o(reg,good))) <= checktol) =14;
1103   
1104  if (sum(good,gcount(good)) <>0,
1105     display gcount;
1106  );
1107   
1108  * AW 18/12
1109  *loop(good,
1110  *   if( ch_difference(good) gt 1e-7,
1111  *     abort 'problem with ch_difference(good)'
1112  *     display 'ch_difference'
1113  *   ) ;
1114  *);
1115  gcount(good)=0;
1116  gcount(good)$(abs(ch_difference(good)) > checktol)=1;
1117  if (abs(sum(good, gcount(good))) > checktol,
1118     display "problem with ch-difference for good"
1119     display gcount
1120  );
1121   
1122   
1123  cons_check(good,reg,rr)$((abs(XDDE_o(good,reg,rr) + XDDE_d(good,reg,rr)) >checktol)
1124   and ( abs(XDDE_o(good,reg,rr)*XDDE_d(good,reg,rr)) <=checktol)) = 1 ;
1125   
1126  Display cons_check ;
1127   
1128  * AW 18/12
1129  *loop ((good,reg,rr),
1130  *   if ((cons_check(good,reg,rr) eq 1),
1131  *        abort "check cons_check(good,reg,rr)"
1132  *   );
1133  *);
1134   
1135  Display XDDE_o ;
1136   
1137  * AW 18/12
1138  *loop ((good,reg,rr),
1139  *   if ((XDDE_o(good,reg,rr) lt 0),
1140  *        abort "check XDDE_o(good,reg,rr)"
1141  *   );
1142  *);
1143  grrcount(good,reg,rr)=0;
1144  grrcount(good,reg,rr)$(XDDE_o(good,reg,rr) lt checktol) = 1;
1145  if (sum((good,reg,rr),grrcount(good,reg,rr)),
1146    display "check XDDE_o for good, reg, rr";
1147    display grrcount;
1148  );
1149   
1150  Display XDDE_d ;
1151   
1152  * AW 18/12
1153  *loop ((good,reg,rr),
1154  *   if ((XDDE_d(good,reg,rr) lt 0),
1155  *        abort "check XDDE_d(good,reg,rr)"
1156  *   );
1157  *);
1158  grrcount(good,reg,rr)=0;
1159  grrcount(good,reg,rr)$(XDDE_d(good,reg,rr) lt checktol) = 1;
1160  if (sum((good,reg,rr),grrcount(good,reg,rr)),
1161    display "check XDDE_d for good, reg, rr";
1162    display grrcount;
1163  );
1164   
1165  display "===== Starting gravity model =====";
1166   
1167  Positive variables
1168  XDDE_oV(good,reg,reg)
1169  XDDE_dV(good,reg,reg)
1170  SUM_oV(reg,good)
1171  SUM_dV(reg,good)
1172  ;
1173  Variables
1174  entropy
1175  ;
1176   
1177  Equations
1178  EQ1(reg,good)
1179  EQ2(reg,good)
1180  EQ3(good,reg,reg)
1181  EQ4(reg,good)
1182  EQ5(reg,good)
1183  EQentropy
1184  EQentropy2
1185  ;
1186   
1187  * AW 2/12: bruk XDDZ direkte istf. XDZ og mapSecGood
1188  EQ1(reg,good)$(sum(sec,XDDZ(reg,sec,good))- EROWZ(reg,good))..
1189  *EQ1(reg,good)$(sum(sec$mapSecGood(sec,good),XDZ(sec,reg))- EROWZ(reg,good))..
1190  *               scal*(sum(sec$mapSecGood(sec,good),XDZ(sec,reg))- EROWZ(reg,good)) =E=
1191                 scal*(sum(sec,XDDZ(reg,sec,good))- EROWZ(reg,good)) =E=
1192                 sum(rr, XDDE_oV(good,reg,rr)) ;
1193   
1194  EQ2(reg,good)$(XZ(reg,good)-MROWZ(reg,good) )..
1195                 scal*(XZ(reg,good)-MROWZ(reg,good) ) =E=
1196                 sum(rr, XDDE_dV(good,rr,reg) ) ;
1197   
1198  EQ3(good,reg,rr)$(XDDE_o(good,reg,rr)*XDDE_d(good,reg,rr))..
1199                 XDDE_dV(good,reg,rr)  =E= XDDE_oV(good,reg,rr)*(1+transpm(good)+taxcz(good)) ;
1200  * The old version with trade and transportmargins included
1201  *XDDE_dV(good,reg,rr)  =E= XDDE_oV(good,reg,rr)*(1+transpm(good)) ;
1202   
1203   
1204  EQ4(reg,good)$SUM_o(reg,good).. SUM_oV(reg,good) =E= sum(rr, XDDE_oV(good,rr,reg)) ;
1205   
1206  EQ5(reg,good)$SUM_d(reg,good).. SUM_dV(reg,good) =E= sum(rr, XDDE_dV(good,reg,rr)) ;
1207   
1208  *EQentropy.. entropy =E= sum((sec,reg)$SUM_o(sec,reg),SUM_oV(sec,reg)
1209  *            *log(SUM_oV(sec,reg)/SUM_o(sec,reg)))
1210  *            + sum((sec,reg)$SUM_d(sec,reg),SUM_dV(sec,reg)
1211  *            *log(SUM_dV(sec,reg)/SUM_d(sec,reg)));
1212   
1213  EQentropy.. entropy =E= sum((good,reg,rr)$(abs(XDDE_o(good,reg,rr)) > checktol),XDDE_oV(good,reg,rr)
1214              *log(XDDE_oV(good,reg,rr)/XDDE_o(good,reg,rr)))
1215              + sum((good,reg,rr)$(abs(XDDE_d(good,reg,rr))>checktol),XDDE_dV(good,reg,rr)
1216             *log(XDDE_dV(good,reg,rr)/XDDE_d(good,reg,rr)));
1217   
1218  EQentropy2.. entropy =E= 1;
1219   
1220  Model entropy_min /EQ1,EQ2,EQ3,EQ4,EQ5,EQentropy2/ ;
1221   
1222  *** give some start values
1223  XDDE_oV.L(good,reg,rr)  =  XDDE_o(good,reg,rr) ;
1224  XDDE_dV.L(good,rr,reg)  =  XDDE_d(good,rr,reg) ;
1225  SUM_oV.L(reg,good)      =  SUM_o(reg,good)       ;
1226  SUM_dV.L(reg,good)      =  SUM_d(reg,good)       ;
1227   
1228  XDDE_oV.LO(good,reg,rr) =  0.000001*XDDE_o(good,reg,rr) ;
1229  XDDE_dV.LO(good,rr,reg) =  0.000001*XDDE_d(good,rr,reg) ;
1230  SUM_oV.LO(reg,good)       =  0.000001*SUM_o(reg,good)       ;
1231  SUM_dV.LO(reg,good)       =  0.000001*SUM_d(reg,good)       ;
1232   
1233  XDDE_oV.FX(good,reg,rr)$(abs(XDDE_o(good,reg,rr))< checktol) =  0 ;
1234  XDDE_dV.FX(good,rr,reg)$(abs(XDDE_d(good,rr,reg))<checktol) =  0 ;
1235  SUM_oV.FX(reg,good)$(abs(SUM_o(reg,good))<checktol)         =  0       ;
1236  SUM_dV.FX(reg,good)$(abs(SUM_d(reg,good)) < checktol)           =  0      ;
1237   
1238  option nlp=PATHNLP;
1239  Solve entropy_min using nlp minimizing entropy;
1240   
1241  Display XDDE_oV.L ;
1242  *** AW 23/1-15
1243  *loop ((good,reg,rr),
1244  *   if ((XDDE_oV.L(good,reg,rr) lt checktol),
1245  *        abort "check XDDE_o(good,reg,rr)"
1246  *   );
1247  *);
1248   
1249   
1250  Display XDDE_dV.L ;
1251  *** AW 23/1-15
1252  *loop ((good,reg,rr),
1253  *   if ((XDDE_dV.L(good,reg,rr) lt checktol),
1254  *        abort "check XDDE_d(good,reg,rr)"
1255  *   );
1256  *);
1257   
1258  Parameter diffXD(reg,good),diffX(reg,good),indicator_sec(good),diffXD2(reg,good) ;
1259   
1260  diffXD(reg,good)$(abs(sum(sec,XDDZ(reg,sec,good))- EROWZ(reg,good))>checktol)
1261                 = scal*(sum(sec,XDDZ(reg,sec,good))- EROWZ(reg,good) ) -
1262                 sum(rr, XDDE_oV.L(good,reg,rr)) ;
1263   
1264  diffX(reg,good)$(abs(XZ(reg,good) - MROWZ(reg,good))>checktol)
1265                 = scal*(XZ(reg,good)-MROWZ(reg,good) ) -
1266                 sum(rr, XDDE_dV.L(good,rr,reg) ) ;
1267   
1268  indicator_sec(good)= max(sum(reg,diffXD(reg,good)),sum(reg,diffX(reg,good))) ;
1269   
1270  Display XDDE_oV.L, diffXD, diffX,indicator_sec, entropy.L ;
1271   
1272   
1273  * Transport margins
1274  TAXCZR(reg,rr,good) =  XDDE_oV.L(good,reg,rr)*taxcz(good)/scal;
1275  TMCRZ(reg,rr,good) =  XDDE_oV.L(good,reg,rr)*transpm(good)/scal;
1276   
1277  display  TAXCZR, TMCRZ;
1278   
1279  * Interreginonal trade
1280  TRADEZ(good,reg,rr) = XDDE_oV.L(good,reg,rr)/scal ;
1281  TRADEZ_f(good,rr) = sum(reg,XDDE_oV.L(good,reg,rr)) ;
1282  TRADEZ_t(good,reg) = sum(rr,XDDE_oV.L(good,reg,rr)) ;
1283   
1284  * AW 2/12: bruk XDDZ direkte istf. XDZ og mapSecGood
1285  *diffXD(reg,good) = sum(sec$mapSecGood(sec,good),XDZ(sec,reg))- EROWZ(reg,good) - sum(rr, TRADEZ(good,reg,rr)) ;
1286  diffXD(reg,good) = sum(sec,XDDZ(reg,sec,good))- EROWZ(reg,good) - sum(rr, TRADEZ(good,reg,rr)) ;
1287   
1288  diffX(reg,good) = XZ(reg,good) - MROWZ(reg,good)  -
1289  *               sum(rr, TRADEZ(good,rr,reg) + TMCRZ(rr,reg,good)+ TAXCZR(rr,reg,good))  ;
1290                 sum(rr, TRADEZ(good,rr,reg) + TMCRZ(rr,reg,good))  ;
1291   
1292  Parameter TMCRZ_f(reg,good),  TAXCZR_f(reg,good);
1293   
1294  TMCRZ_f(reg,good) = sum(rr, TMCRZ(rr,reg,good))  ;
1295  TAXCZR_f(reg,good)  = sum(rr,TAXCZR(rr,reg,good))  ;
1296   
1297  *The old version with trade and transportmarginsincluded included
1298  *sum(rr, TRADEZ(good,rr,reg) + TMCRZ(rr,reg,good))  ;
1299   
1300  display XZ,diffXD,diffX,TMCRZ_f,TAXCZR_f,TRADEZ_f;
1301   
1302  ** AW 30/9-14: this is just calculated, never written to mSAM or used further...
1303  XXDZ(reg,good)  =  sum(sec,XDDZ(reg,sec,good)) - sum(rr,TRADEZ(good,reg,rr)) - EROWZ(reg,good) ;
1304   
1305  *Execute_unload "sjekk"   TMCZ_R,  TMCRZ;
1306  display CZ_old, CZ;
1307   
1308  * 4) build one common regionalised SAM
INCLUDE    C:\Users\natis\Downloads\Paolo (Working) 2024\Paolo (Working) 2024\includes\write_msam.gms
1310  display  " (4) combine the single parameters to regionalised SAMs in mSAM"
1311  display  "     also, write out interregional trade data and transport margins"
1312   
1313   
1314  Parameters
1315      mSAM(reg,*,*)
1316      mTradeData(good,*,*)
1317      mTradeMargins(good,reg,reg)
1318  ;
1319   
1320  mSAM(reg,good,sec)= IOZ_old(reg,good,sec);
1321   
1322   
1323  * =================                                   ========================== *
1324  *When writing XDDZ to MSAM we have to take out some values for R6 (Sokkelen) because of small numbers and this is creating errors in the MPSGE-kode
1325  scalars
1326   checktol_2 /1e-08/
1327   checktol_3 /1e-20/
1328  ;
1329   
1330  *mSAM(reg,sec,good)=XDDZ(reg,sec,good)
1331  mSAM(reg,sec,good)=XDDZ(reg,sec,good);
1332  *$(not XDDZ(reg,sec,good)<checktol_3);
1333  * =================                                   ========================== *
1334   
1335  mSAM(reg,fin,sec)$mapPFin('131',fin) = LZ(sec,reg);
1336  mSAM(reg,fin,sec)$mapPFin('135',fin) = KZ(sec,reg);
1337   
1338   
1339   
1340  mSAM(reg,good,fin)$mapPFin('142',fin) = CZ_old(reg,good);
1341  mSAM(reg,good,fin)$mapPFin('143',fin) = CGZ_old(reg,good);
1342  mSAM(reg,good,fin)$mapPFin('144',fin) = IZ_old(reg,good);
1343  mSAM(reg,good,fin)$mapPFin('145',fin) = SVZ(reg,good);
1344   
1345   
1346   
1347  mTradeData(good,reg,reg2) = TRADEZ(good,reg,reg2);
1348  *$(not TRADEZ(good,reg,reg2)<checktol_3);
1349   
1350  mTradeData(good,reg,fin)$mapPFin('149',fin)= EROWZ(reg,good) ;
1351  *$(not EROWZ(reg,good)<checktol_3);
1352  mTradeData(good,fin,reg)$mapPFin('149',fin) = MROWZ(reg,good)  ;
1353  *$(not MROWZ(reg,good)<checktol_3);
1354   
1355   
1356   
1357  * Outgoing trade is the sum of TRADEZ (trade to other regions) and EROWZ (export to RestOfWorld)
1358  mSAM(reg,good,'trade')= EROWZ(reg,good) + sum(reg2$(ord(reg2)<>ord(reg)),TRADEZ(good,reg,reg2)) ;
1359  *$(not TRADEZ(good,reg,reg2)<checktol_3)) ;
1360  * Import is the sum of TRADEZ (trade from other regions) and MROWZ (import from RestOfWorld)
1361  mSAM(reg,'trade',good)= MROWZ(reg,good) + sum(reg2$(ord(reg2)<>ord(reg)),TRADEZ(good,reg2,reg) );
1362  *$(not TRADEZ(good,reg,reg2)<checktol_3)) ;
1363   
1364  mSAM(reg,good,fin)$mapPFin('146',fin) =TMXZ(reg,good);
1365  display TMXZ;
1366  ** 27/10: Usikker om det skal summeres over fra- eller til-dimensjon
1367  mSAM(reg,fin,good)$mapPFin('146',fin)= sum(reg2,TMCRZ(reg2,reg,good));
1368  mTradeMargins(good,reg,reg2)=TMCRZ(reg,reg2,good) ;
1369  *$(not TMCRZ(reg,reg2,good)<checktol_3);;
1370   
1371   
1372   
1373  mSAM(reg,fin,ff)$(mapPFin('143',fin) and mapPFin('134',ff))=TTYZ(reg);
1374  mSAM(reg,fin,ff)$(mapPFin('142',fin) and mapPFin('143',ff))=TRANSFZ(reg);
1375  mSAM(reg,fin,good)$mapPFin('138',fin)= sum(reg2,TAXCZR(reg2,reg,good));
1376  mSAM(reg,fin,sec)$mapPFin('137',fin) = TAXPZ(sec,reg);
1377  mSAM(reg,fin,sec)$mapPFin('144',fin) = INVZ(sec,reg);
1378  mSAM(reg,fin,ff)$(mapPFin('144',fin) and mapPFin('142',ff)) = SHZ(reg);
1379  mSAM(reg,fin,ff)$(mapPFin('144',fin) and mapPFin('143',ff)) = SGZ(reg);
1380   
1381   
1382   
1383  * Adding zeros where we don't have any values
1384  mSAM(reg,good,sec)$(not mSAM(reg,good,sec))=0;
1385  mSAM(reg,sec,good)$(not mSAM(reg,sec,good))=0;
1386   
1387  **
1388  mSAM(reg,fin,sec)$(not mSAM(reg,fin,sec))=0;
1389  mSAM(reg,fin,ff)$(not mSAM(reg,fin,ff))=0;
1390  mSAM(reg,fin,good)$(not mSAM(reg,fin,good))=0;
1391  mSAM(reg,good,'trade')$(not mSAM(reg,good,'trade'))=0;
1392  mSAM(reg,'trade',good)$(not mSAM(reg,'trade',good))=0;
1393   
1394  * Adding zeros where we don't have any values
1395  mTradeData(good,reg,reg2)$(not mTradeData(good,reg,reg2))=0;
1396  mTradeData(good,reg,fin)$(not mTradeData(good,reg,fin) and mapPFin('149',fin))=0;
1397  mTradeData(good,fin,reg)$(not mTradeData(good,fin,reg)and mapPFin('149',fin))=0;
1398   
1399  *Adding zeros where we don't have any values
1400  mTradeMargins(good,reg,reg2)$(not mTradeMargins(good,reg,reg2))=0;
1401   
1402   
1403   
1404  * 5) Balance, checks etc. for the regional matrices
INCLUDE    C:\Users\natis\Downloads\Paolo (Working) 2024\Paolo (Working) 2024\includes\CheckBalance.gms
1406  display  "     Perform some balancing checks" ;
1407   
1408  ** Balance / calculate residual cells
1409  mSAM(reg,fin,ff)$(mapPFin('134',fin) and mapPFin('142',ff)) = TTYZ(reg);
1410  mSAM(reg,fin,ff)$(mapPFin('142',fin) and mapPFin('131',ff)) = sum(sec,LZ(sec,reg));
1411  mSAM(reg,fin,ff)$(mapPFin('142',fin) and mapPFin('135',ff)) = sum(sec,KZ(sec,reg));
1412  mSAM(reg,fin,ff)$(mapPFin('143',fin) and mapPFin('137',ff)) = sum(sec,TAXPZ(sec,reg));
1413  mSAM(reg,fin,ff)$(mapPFin('143',fin) and mapPFin('138',ff)) = sum((rr,good),TAXCZR(rr,reg,good));
1414  mSAM(reg,fin,ff)$(mapPFin('145',fin) and mapPFin('144',ff)) = sum(good,SVZ(reg,good));
1415  * SROWZ:   AW 6/10 Calculate as balancing item from investment balance (or row vs. column sum for '144' ;-) )
1416  SROWZ(reg) = ITZ(reg)+sum(good,SVZ(reg,good))
1417                -sum(sec,INVZ(sec,reg))-SHZ(reg)-SGZ(reg);
1418  *display SROWZ;
1419   
1420  ** AW try 20/10 - alternative calculation; same as in balancing of national SAM
1421  ** calculate also TRHROW(reg) here as residual, as in national SAM
1422  ** -- is global trade balance satisfied then? (doubt it)
1423  * Balanserer GOVERNMENT
1424  TRROWZ(reg)=sum(good,CGZ_old(reg,good))+TRANSFZ(reg)+SGZ(reg)-TTYZ(reg)- sum(sec,TAXPZ(sec,reg))- sum((rr,good),TAXCZR(rr,reg,good));
1425  *             -TTYZ(reg)- sum((fin,ff)$(mapPFin('143',fin) and mapPFin('137',ff)),mSAM(reg,fin,ff))- sum((fin,ff)$(mapPFin('143',fin) and mapPFin('138',ff)),mSAM(reg,fin,ff));
1426   
1427  * Balanserer HOUSEHOLD
1428  TRHROWZ(reg) = sum(sec,LZ(sec,reg))+sum(sec,KZ(sec,reg))+TRANSFZ(reg)-sum(good,CZ_old(reg,good))-TTYZ(reg)-SHZ(reg);
1429   
1430  * OBS: need to write in correct cell, depending on sign (received from or transferred to)
1431  loop(reg,
1432     if(SROWZ(reg)>0,
1433        mSAM(reg,fin,'trade')$mapPFin('144',fin)=SROWZ(reg);
1434     else
1435        mSAM(reg,'trade',fin)$mapPFin('144',fin)=-SROWZ(reg);
1436     );
1437     if (TRROWZ(reg)>0,
1438        mSAM(reg,fin,'trade')$mapPFin('143',fin) = TRROWZ(reg);
1439     else
1440        mSAM(reg,'trade',fin)$mapPFin('143',fin)= -TRROWZ(reg);
1441     );
1442     if (TRHROWZ(reg) > 0,
1443        mSAM(reg,'trade',fin)$mapPFin('142',fin) = TRHROWZ(reg);
1444     else
1445        mSAM(reg,fin,'trade')$mapPFin('142',fin) = -TRHROWZ(reg);
1446     );
1447  );
1448   
1449  **********    ===============================       DATA CHECKS ======================================     *********
1450   
1451  parameters
1452    diXD(reg,good)
1453    diX(reg,good)
1454    trade_bal(reg,good)
1455    investment_bal(reg) balance of savings and investments
1456    trade_bal_global(reg) global trade balance
1457    salebal(reg,good)
1458    demandbal(reg,good)
1459    tradebal(reg)
1460    invbal(reg)
1461    tradebal_glob(reg)
1462  * to check AW 28/10:
1463    householdbal(reg)
1464    govbal(reg)
1465  ;
1466   
1467   
1468  * a) Sales in a region = domestic supply + exports to RoW and other regions
1469  * AW 2/12: bruk XDDZ direkte istf. XDZ og mapSecGood
1470  *diXD(reg,good) = sum(sec$mapSecGood(sec,good),XDZ(sec,reg)) - sum(rr, TRADEZ(good,reg,rr))-  EROWZ(reg,good) ;
1471  diXD(reg,good) = sum(sec,XDDZ(reg,sec,good)) - sum(rr, TRADEZ(good,reg,rr))-  EROWZ(reg,good) ;
1472  salebal(reg,good) = sum(sec,mSAM(reg,sec,good))-mSAM(reg,good,'trade')-mTradeData(good,reg,reg);
1473  *last mSAM term does not include intraregional trade, TRADEZ does -> need also mTradeData for intraregional
1474  display diXD,salebal;
1475   
1476  * b) Demand in a region = import from ROW and other regions (as products or trade & transport margins)
1477  diX(reg,good) = XZ(reg,good)-MROWZ(reg,good) - sum(rr, TRADEZ(good,rr,reg) + TMCRZ(rr,reg,good)+ TAXCZR(rr,reg,good) ) ;
1478  *The version with trade and transportmargins included
1479  *diX(reg,good) = XZ(reg,good)-MROWZ(reg,good) - sum(rr, TRADEZ(good,rr,reg) + TMCRZ(rr,reg,good)) ;
1480   
1481  ** AW 27/10: the first 3 lines are XZ
1482  demandbal(reg,good) = sum(sec,mSAM(reg,good,sec))+sum(fin$mapPFin('142',fin),mSAM(reg,good,fin))
1483             + sum(fin$mapPFin('143',fin),mSAM(reg,good,fin))+sum(fin$mapPFin('144',fin),mSAM(reg,good,fin))
1484             + sum(fin$mapPFin('145',fin),mSAM(reg,good,fin))+sum(fin$mapPFin('146',fin),mSAM(reg,good,fin))
1485  *           -mSAM(reg,'trade',good)-mTradeData(good,reg,reg)-sum(rr,mTradeMargins(good,rr,reg));
1486             -mSAM(reg,'trade',good)-mTradeData(good,reg,reg)-sum(fin$mapPFin('146',fin),mSAM(reg,fin,good));
1487  * last line:
1488  * use mTradeData as mSAM does *not* contain intraregional trade flows
1489   
1490  trade_bal(reg,good) = diXD(reg,good) - diX(reg,good) ;
1491  display diX, demandbal, trade_bal;
1492   
1493  *loop((reg,good),
1494  *   if (abs(salebal(reg,good)) gt checktol,
1495  *          abort "Sales are not balanced "
1496  *   );
1497  *   if (abs(demandbal(reg,good)) gt checktol,
1498  *          abort "Demands are not balanced "
1499  *   );
1500  *);
1501   
1502  * c) Balance savings and investments
1503  * Ulf's version:
1504  investment_bal(reg) = sum(sec,INVZ(sec,reg)) + SHZ(reg)  + SGZ(reg) + SROWZ(reg)
1505  *- sum(good,IZ(reg,good)) - sum(good, SVZ(reg,good));
1506  -ITZ(reg) - sum(good, SVZ(reg,good));
1507   
1508  invbal(reg)=sum((fin,sec)$mapPFin('144',fin),mSAM(reg,fin,sec))+sum((fin,ff)$(mapPFin('144',fin) and mapPFin('142',ff)),mSAM(reg,fin,ff))
1509              +sum((fin,ff)$(mapPFin('144',fin) and mapPFin('143',ff)),mSAM(reg,fin,ff))+ sum(fin$mapPFin('144',fin),(mSAM(reg,fin,'trade')-mSAM(reg,'trade',fin)))
1510  * last two terms:  see calculation of SROWZ in TradeGravity.gms and Olga's model - to get sign right
1511  **            -sum(good,mSAM(reg,good,fin)) )-sum((good,fin)$mapPFin('145',fin),mSAM(reg,good,fin));
1512              -ITZ(reg)-sum((good,fin)$mapPFin('145',fin),mSAM(reg,good,fin));
1513   
1514  Display  investment_bal,invbal ;
1515   
1516  * d) Global trade balance:
1517  * incoming monetary flows (exports) = outgoing mon. flows (imports)
1518  * Ulf's version:
1519  trade_bal_global(reg) =
1520  * Incoming monetary flows (exports)
1521    sum(good,EROWZ(reg,good)) + sum((good,rr),TRADEZ(good,reg,rr)) + sum(good,TMXZ(reg,good))
1522  *  sum(good,EROWZ(reg,good))
1523   -  TRHROWZ(reg) +  TRROWZ(reg) + SROWZ(reg)
1524  ** AW 20/10: har minus foran TRHROW pga. fortegn til denne (står i rad istf. kolonne, ref. nasj. SAM)
1525  * Outgoing monetary flows (imports)
1526    -  sum(good,MROWZ(reg,good)) - sum((good,rr),TRADEZ(good,rr,reg) + TMCRZ(rr,reg,good));
1527  *  -  sum(good,MROWZ(reg,good));
1528   
1529  tradebal_glob(reg)=sum(good,mSAM(reg,good,'trade'))
1530        + (sum(fin$mapPFin('142',fin),mSAM(reg,fin,'trade')-mSAM(reg,'trade',fin)))
1531        + (sum(fin$mapPFin('143',fin),mSAM(reg,fin,'trade') - mSAM(reg,'trade',fin)))
1532        + (sum(fin$mapPFin('144',fin),mSAM(reg,fin,'trade') - mSAM(reg,'trade',fin)))
1533        - sum(good,mSAM(reg,'trade',good)) ;
1534  *mSAM terms for EROW / MROW do not include intraregional trade, TRADEZ does -> need also mTradeData for intraregional
1535  *But these cancel each other out (first & last line)
1536  Display trade_bal_global,tradebal_glob;
1537   
1538  * AW 28/10 to check
1539  householdbal(reg)= TRHROWZ(reg)- (sum(sec,LZ(sec,reg))+sum(sec,KZ(sec,reg))+TRANSFZ(reg)-sum(good,CZ_old(reg,good))-TTYZ(reg)-SHZ(reg));
1540  display householdbal;
1541  govbal(reg)=  TRROWZ(reg)-(sum(good,CGZ_old(reg,good))+TRANSFZ(reg)+SGZ(reg)-TTYZ(reg)- sum(sec,TAXPZ(sec,reg))- sum((rr,good), TAXCZR(rr,reg,good)));
1542  display govbal;
1543   
1544   
1545  **AW 20/10
1546  *loop(reg,
1547  *   if (abs(investment_bal(reg)) gt checktol ,
1548  *          abort "There is no global investment balance"
1549  *   );
1550  *  if (abs(trade_bal_global(reg)) gt checktol ,
1551  *         abort "There is no global trade balance"
1552  *  );
1553  *);
1554   
1555  ** ====================== Calculate 'tot' row and column sums and add to mSAM
1556  *** AW 13/10: unsure if this is needed at all
1557  * 'trade' includes all export from the region (to other regions and to RoW)
1558  * this cell is not included in Fin vector, replaces RoW -> must add separately
1559  mSAM(reg,good,'tot')=sum(gg,mSAM(reg,good,gg))+sum(sec,mSAM(reg,good,sec))+sum(fin,mSAM(reg,good,fin))+mSAM(reg,good,'trade');
1560  mSAM(reg,sec,'tot')=sum(good,mSAM(reg,sec,good))+sum(ss,mSAM(reg,sec,ss))+sum(fin,mSAM(reg,sec,fin))+mSAM(reg,sec,'trade');
1561  mSAM(reg,fin,'tot')=sum(good,mSAM(reg,fin,good))+sum(sec,mSAM(reg,fin,sec))+sum(ff,mSAM(reg,fin,ff))+mSAM(reg,fin,'trade');
1562  mSAM(reg,'trade','tot')=sum(good,mSAM(reg,'trade',good))+sum(sec,mSAM(reg,'trade',sec))+sum(ff,mSAM(reg,'trade',ff))+mSAM(reg,'trade','trade');
1563  * 'trade' includes all import into the region (from other regions and from RoW)
1564  * this cell is not included in Fin vector -> must add separately
1565  mSAM(reg,'tot',good)=sum(gg,mSAM(reg,gg,good))+sum(sec,mSAM(reg,sec,good))+sum(fin,mSAM(reg,fin,good))+mSAM(reg,'trade',good);
1566  mSAM(reg,'tot',sec)=sum(good,mSAM(reg,good,sec))+sum(ss,mSAM(reg,ss,sec))+sum(fin,mSAM(reg,fin,sec))+mSAM(reg,'trade',sec);
1567  mSAM(reg,'tot',fin)=sum(good,mSAM(reg,good,fin))+sum(sec,mSAM(reg,sec,fin))+sum(ff,mSAM(reg,ff,fin))+mSAM(reg,'trade',fin);
1568  mSAM(reg,'tot','trade')=sum(good,mSAM(reg,good,'trade'))+sum(sec,mSAM(reg,sec,'trade'))+sum(ff,mSAM(reg,ff,'trade'))+mSAM(reg,'trade','trade');
1569   
1570   
1571   
1572  Execute_unload "sjekk", XZ,XXDZ,MROWZ,TRADEZ,TMCRZ, EROWZ
1573   
1574  **Execute_unload "check", EROWZ, MROWZ, TRADEZ, XZ
1575  *Execute_unload "msam_bal", mSAM, cnt, com, sec, mTradeData, mTradeMargins, mapSecGood,CZ_old,CGZ_old,IZ_old, IOZ_old, ITZ,CBUDZ,CBUDGZ
1576  Execute_unload "msam_bal", mSAM, cnt, com, sec, mTradeData, mTradeMargins, CZ_old,CGZ_old,IZ_old, IOZ_old, ITZ,CBUDZ,CBUDGZ, distrgood_share_public, elas_sec_s, elas_sec_s1, elas_prod_s, elas_prod_s1, elas_prod_s2, elas_prod_s3
1577  *Execute 'gdx2xls msam_bal'
GAMS 54.4.0  9a60ae27 Sep 9, 2026           WEX-WEI x86 64bit/MS Windows - 09/16/26 10:45:05 Page 2
SAM for SCGE
Include File Summary


   SEQ   GLOBAL TYPE      PARENT   LOCAL  INCLVL  FILENAME

     1        1 INPUT          0       0       0  C:\Users\natis\Downloads\Paolo (Working) 2024\Paolo (Working) 2024\RegPolPreprocG.gms
     2       51 INCLUDE        1      51       1  C:\Users\natis\Downloads\Paolo (Working) 2024\Paolo (Working) 2024\CaseData.gms
     3       66 CALL           1      55       0  gdxxrw i=SAM_SSB_2019.xlsx o=AggKeys.gdx set=mapCMtoReg rng=RKey1 rdim=2 par=RegLvl rng=RLevel1 rdim=0 cdim=0 set=mapPSec rng=IKey1 rdim=2 set=mapPGood rng=PKey1 rdim=2 set=mapPFin rng=FKey1 rdim=2
     4       68 CALL           1      57       0  gdxxrw i=SAM_SSB_2019.xlsx o=AggCaseSets.gdx  dset=reg rng=RReg1 rdim=1 dset=good rng=PProd1 rdim=1 dset=sec rng=IInd1 rdim=1  dset=fin rng=FFin1 rdim=1
     5       70 CALL           1      59       0  gdxxrw i=SAM_SSB_2019.xlsx o=DisAgg.gdx  par=distrPCounty rng="3.1 Keys_County!c2" rdim=2 cdim=1 dset=county rng="0. Sets!b3" rdim=1
     6       71 CALL           1      60       0  gdxxrw i=SAM_SSB_2019.xlsx o=Elas.gdx  Squeeze=N par=elas_prod rng="5.1ElasProd!A2" par=elas_sec  rng="5.2ElasSec!A2" rdim=1 cdim=1
     7       92 GDXIN          1      81       0  C:\Users\natis\Downloads\Paolo (Working) 2024\Paolo (Working) 2024\AggKeys.gdx
     8       97 INCLUDE        1      86       1  C:\Users\natis\Downloads\Paolo (Working) 2024\Paolo (Working) 2024\includes\SamRead+Map.gms
     9      102 CALL           8       5       1  gdxxrw i=SAM_SSB_2019.xlsx o=SAMsets.gdx MaxDupeErrors = 100        set=rsam rng="1.SAMnasj!d5" rdim=1 cdim=0 set=csam rng="1.SAMnasj!e4" cdim=1 rdim=0 set=SAMsec rng="2.1 SAM_Ind_Map!a2" rdim=1 dset=Psec rng="2.1 SAM_Ind_Map!b2" rdim=1 set=SAMgood rng...
    10      103 CALL           8       6       1  gdxxrw i=SAM_SSB_2019.xlsx o=SAMmatrices.gdx  par=SAMin rng="1.SAMnasj!d4" rdim=1 cdim=1 set=mapSecP rng="2.1 SAM_Ind_Map!a2" rdim=2 set=mapGoodP rng="2.2 SAM_Prod_Map!a2" rdim=2 set=mapFinP rng="2.3 SAM_Fin_Map!a2" rdim=2
    11      136 GDXIN          8      39       1  C:\Users\natis\Downloads\Paolo (Working) 2024\Paolo (Working) 2024\SAMsets.gdx
    12      139 GDXIN          8      42       1  C:\Users\natis\Downloads\Paolo (Working) 2024\Paolo (Working) 2024\SAMmatrices.gdx
    13      196 INCLUDE        1      91       1  C:\Users\natis\Downloads\Paolo (Working) 2024\Paolo (Working) 2024\includes\UserGSF.gms
    14      218 GDXIN         13      22       1  C:\Users\natis\Downloads\Paolo (Working) 2024\Paolo (Working) 2024\AggKeys.gdx
    15      221 GDXIN         13      25       1  C:\Users\natis\Downloads\Paolo (Working) 2024\Paolo (Working) 2024\AggCaseSets.gdx
    16      296 GDXIN         13     100       1  C:\Users\natis\Downloads\Paolo (Working) 2024\Paolo (Working) 2024\DisAgg.gdx
    17      460 GDXIN          1     113       0  C:\Users\natis\Downloads\Paolo (Working) 2024\Paolo (Working) 2024\Elas.gdx
    18      478 INCLUDE        1     131       1  C:\Users\natis\Downloads\Paolo (Working) 2024\Paolo (Working) 2024\includes\TradeGravity.gms
    19     1309 INCLUDE        1     134       1  C:\Users\natis\Downloads\Paolo (Working) 2024\Paolo (Working) 2024\includes\write_msam.gms
    20     1405 INCLUDE        1     139       1  C:\Users\natis\Downloads\Paolo (Working) 2024\Paolo (Working) 2024\includes\CheckBalance.gms


COMPILATION TIME     =        9.703 SECONDS      4 MB  54.4.0 9a60ae27 WEX-WEI
GAMS 54.4.0  9a60ae27 Sep 9, 2026           WEX-WEI x86 64bit/MS Windows - 09/16/26 10:45:05 Page 3
SAM for SCGE
E x e c u t i o n


----     98 (1) Read in national SAM and map to Panda classification

----    167 --- Check if GxG and SxS matrices are zero:

----    171 PARAMETER sumPGG               =         0.00  
            PARAMETER sumPSS               =         0.00  

----    187 PARAMETER SAM_sum_init         =         0.00  
            PARAMETER SAM_sum_p            =  26208967.99  

----    197 (2) aggregate SAM data to case-specific sectors / goods / Fin  

----    321 PARAMETER distrPCountyProd  

        i-AAGR      i-FISH      i-COIL      i-GASE      i-IMIN      i-IRES      i-REFP      i-REFG      i-ICHA      i-IMEA      i-COMT       i-MVT      i-CWSR      i-POWF      i-POWR      i-POWT        i-NG       i-LTH      i-CCON      i-TRAI      i-TLNL      i-TPIP      i-TLNH    i-TSEA_S      i-TAIR      i-COFF      i-CENT       i-FIN      i-CHEA

1  1.727740E+8    44000.00   795604.34  1826695.38   233700.28 81063000.00  7366155.62 46569844.38 29258000.00 16270000.00  9238000.00  5328000.00 16523000.00  1193021.12  8796252.96 33745910.23   916201.44  3471614.24 35426000.00  1263094.67  2203643.06  1370252.46  5481009.82    49577.00  5159000.00 25054428.57  2557000.00 21702571.43 53304000.00
2  1.291030E+8     1000.00 15461912.90 35500315.24  4541771.86 75084000.00  7469677.31 47224322.69 26966000.00  3336000.00 44374333.33 15746000.00 54998666.67   472916.71  3486857.80 13376967.53   363184.66  3789073.30 60766000.00  5080412.07  8863480.38  5511421.51 22045686.05  2848948.00 20212000.00 92418857.14  5200000.00 82889142.86 1.054920E+8
3  1.113200E+8     2000.00  5268371.59 12096100.50  1547527.92 1.246010E+8 11634171.96 73552828.04 37450000.00  6953000.00 54402333.33  8380000.00 96866666.67  2228403.34 16430219.98 63032831.29  1711341.34  7295204.05 1.106080E+8  3271216.87  5707089.53  3548738.72 14194954.88  6318380.00 11710000.00 2.584206E+8 27354000.00 3.095054E+8 2.177610E+8
4  1.310260E+8              1276978.39  2931922.84   375098.77 45022000.00  1540397.31  9738602.69  5354000.00 16229000.00  3650000.00  2658000.00  9416000.00   819557.23  6042669.79 23182074.62   629393.31  2516305.05 20256000.00   607676.09  1060174.85   659229.81  2636919.24     9277.00  2482000.00 23232857.14  3829000.00 18271142.86 48562000.00
5  86333000.00              1210120.89  2778419.02   355460.09 63618000.00    83172.44   525827.56  1161000.00 11129000.00  4553333.33  5718000.00  8947666.67  1434844.15 10579236.09 40586139.70  1101913.67  3703866.39 21592000.00   781262.86  1363020.93   847543.24  3390172.97    14014.00  3191000.00 17402857.14  2126000.00 14835142.86 40768000.00
6  73403000.00     1000.00  1460836.54  3354058.32   429105.14 1.109990E+8  1458863.73  9223136.27 13663000.00 19962000.00 10462500.00 16731000.00 17235000.00  2065812.43 15231422.45 58433769.16  1586476.80  5619519.16 38258000.00  1019240.76  1778206.25  1105710.60  4422842.39   222529.00  4159000.00 30037071.43  2932000.00 27798428.57 54569000.00
7  1.080210E+8    21000.00  2287641.05  5252388.81   671970.14 52490000.00 42803214.91 2.706078E+8 1.360940E+8 32277000.00  9953166.67  4196000.00 15478333.33   261631.06  1929029.53  7400521.30   200924.15  2387893.96 26788000.00   728378.88  1270757.53   790172.72  3160690.87  2370891.00  2975000.00 25856214.29  1906000.00 20977285.71 46114000.00
8  22617000.00    15000.00   758832.71  1742268.28   222899.01 1.034580E+8 34999072.39 2.212689E+8 1.084330E+8 25278000.00  4679833.33  4546000.00  9013666.67  2504890.42 18468784.31 70853571.47  1923674.43  5411079.37 21068000.00   645257.99  1125741.67   700000.07  2800000.27   203177.00  2632000.00 15648357.14  1842000.00 14219142.86 36337000.00
9  16839000.00    52000.00  2145011.70  4924914.01   630074.29 35410000.00  1193640.61  7546359.39  5196000.00  1734000.00  3397333.33  5276000.00  5581666.67   757244.47  5583232.16 21419489.89   581539.14  1747494.34 12750000.00   348152.86   607400.74   377689.28  1510757.12   387925.00  1422000.00  9317714.29  1054000.00 12259285.71 23397000.00
10 37811000.00   212000.00  1161092.05  2665849.56   341058.39 81760000.00  6888289.66 43548710.34 13200000.00 2.254990E+8  5520166.67 29381000.00 10119333.33  1504172.26 11090398.49 42547161.12  1155155.40  3338112.73 29814000.00   665211.90  1160554.02   721646.82  2886587.26  1019308.00  2717000.00 20693357.14  2234000.00 18025142.86 36950000.00
11 2.700530E+8  2787000.00 94282457.05 2.164711E+8 27694465.31 1.421950E+8  2992705.58 18920294.42  8353000.00 1.024830E+8 15128666.67 17421000.00 27266333.33  2773124.16 20446495.98 78440856.72  2129669.22  6619853.93 70128000.00  4832151.17  8430354.95  5242098.78 20968395.11  4372744.00  8252000.00 63082571.43  5316000.00 65967428.57 86076000.00
12 1.182300E+8  8068000.00 14714223.11 33783630.93  4322145.96 1.682500E+8 75427980.43 4.768660E+8 2.330980E+8 64038000.00 17971333.33 22972000.00 29988666.67  3785809.68 27913118.17 1.070858E+8  2907378.78  8764916.66 62478000.00  2647504.20  4618936.65  2872111.83 11488447.32  7952300.00  8220000.00 73773571.43  6677000.00 82503428.57 1.148120E+8
14 99800000.00  4173000.00  1801809.83  4136927.77   529262.40 85427000.00  4233600.16 26765399.84 10625000.00 74503000.00  1467500.00  3675000.00  5105000.00  2429372.31 17911982.41 68717458.85  1865678.97  4190507.45 11552000.00   493216.55   860484.38   535059.81  2140239.25  1677096.00  1984000.00 10242071.43   859000.00  8845428.57 26135000.00
15 1.100430E+8  8084000.00  4852740.75 11141818.46  1425440.79 98472000.00  8030715.71 50771284.29 25451000.00 86628000.00  4849500.00 30324000.00 14675000.00  2105015.82 15520472.61 59542680.08  1616583.73  4565247.75 29044000.00  1129048.47  1969780.96  1224834.11  4899336.46  2044737.00  4483000.00 24949928.57  2098000.00 29272571.43 52743000.00
16 1.524150E+8  4011000.00  4273309.02  9811452.07  1255238.91 75236000.00  3758055.92 23758944.08 14825000.00 14089000.00 12376500.00  5769000.00 17751000.00  1468682.87 10828732.02 41543304.92  1127900.71  3794379.48 41082000.00  1121213.81  1956112.30  1216334.78  4865339.11  1278547.00  4481000.00 50432928.57  4490000.00 46738571.43 77747000.00
17 97601000.00  2695000.00  3174617.31  7288872.74   932509.95 42451000.00   409170.17  2586829.83  2832000.00  2494000.00  2927833.33  2811000.00  5894666.67   881869.99  6502107.43 24944659.35   677247.49  2075115.75 12972000.00  1238733.76  2161142.09  1343824.83  5375299.32   426224.00  4450000.00 10743642.86  1022000.00  8955857.14 29399000.00
18 86223000.00  9339000.00  4242108.85  9739816.96  1246074.19 1.328500E+8  8011595.61 50650404.39 24897000.00 69320000.00  5571833.33  2565000.00 11331666.67  3484562.56 25691995.84 98564671.74  2676030.79  6534739.07 26326000.00  1155368.04  2015699.09  1253386.57  5013546.30  2697449.00  4719000.00 26933357.14  2061000.00 20264142.86 66382000.00
19 44186000.00  5098000.00   892547.72  2049275.91   262176.37 37691000.00   159789.42  1010210.58   779000.00  8142000.00  3775500.00  1925000.00  8239000.00   725056.42  5345906.76 20509015.66   556819.76  2229201.39 16974000.00   823006.92  1435849.22   892828.77  3571315.08  1776920.00  3134000.00 24467642.86  1878000.00 15424857.14 53699000.00
20 11671000.00  3457000.00  5883460.66 13508335.58  1728203.76 30696000.00     1638.87    10361.13   185000.00   118000.00   986666.67   862000.00  3202333.33   832349.92  6136991.43 23543929.76   639217.68  1754511.22  6882000.00   497133.89   867318.71   539309.48  2157237.92   111263.00  1556000.00  9301142.86   592000.00  5853857.14 23096000.00
99                         6.308240E+8 1.448362E+9 1.852978E+8   850000.00                                                   226333.33    31000.00   126666.67               258623.83   992183.46    26937.78    47178.21   976000.00 66414565.40 1.158694E+8 72049010.90 2.881960E+8               100000.00   825142.86    64000.00    73857.14   623000.00


----    333 Mark 1

----    347 PARAMETER distrPRegProdN  

        i-AAGR      i-FISH      i-COIL      i-GASE      i-IMIN      i-IRES      i-REFP      i-REFG      i-ICHA      i-IMEA      i-COMT       i-MVT      i-CWSR      i-POWF      i-POWR      i-POWT        i-NG       i-LTH      i-CCON      i-TRAI      i-TLNL      i-TPIP      i-TLNH    i-TSEA_S      i-TAIR      i-COFF      i-CENT       i-FIN      i-CHEA

R1        0.44 1.747815E-3        0.04        0.04        0.04        0.41        0.49        0.49        0.51        0.17        0.66        0.34        0.62        0.35        0.35        0.35        0.35        0.43        0.51        0.14        0.14        0.14        0.14        0.34        0.54        0.60        0.63        0.62        0.50
R2        0.17        0.06        0.12        0.12        0.12        0.16        0.05        0.05        0.04        0.42        0.11        0.28        0.12        0.16        0.16        0.16        0.16        0.15        0.17        0.06        0.06        0.06        0.06        0.16        0.13        0.11        0.11        0.12        0.12
R5        0.12        0.25        0.81        0.81        0.81        0.16        0.36        0.36        0.35        0.18        0.09        0.14        0.10        0.20        0.20        0.20        0.20        0.16        0.11        0.73        0.73        0.73        0.73        0.27        0.11        0.10        0.10        0.11        0.12
R3        0.19        0.31        0.02        0.02        0.02        0.14        0.06        0.06        0.06        0.13        0.09        0.21        0.10        0.14        0.14        0.14        0.14        0.13        0.13        0.04        0.04        0.04        0.04        0.10        0.14        0.11        0.10        0.10        0.13
R6        0.05        0.19        0.01        0.01        0.01        0.08        0.04        0.04        0.04        0.09        0.03        0.01        0.03        0.11        0.11        0.11        0.11        0.08        0.04        0.01        0.01        0.01        0.01        0.08        0.05        0.03        0.03        0.02        0.06
R4        0.03        0.18        0.01        0.01        0.01        0.04 7.389310E-4 7.389310E-4 1.381445E-3        0.01        0.02        0.01        0.03        0.05        0.05        0.05        0.05        0.05        0.04        0.01        0.01        0.01        0.01        0.05        0.05        0.04        0.03        0.03        0.06


----    347 SET mapCMtoReg  

            R1          R2          R5          R3          R6          R4

1          YES
2          YES
3          YES
4          YES
5          YES
6          YES
7          YES
8          YES
9                      YES
10                     YES
11                     YES
12                                 YES
14                                 YES
15                                             YES
16                                             YES
17                                             YES
18                                                         YES
19                                                                     YES
20                                                                     YES
99                                 YES


----    348 Mark 2

----    356 Mark 3

----    365 Mark 4

----    375 Mark 5

----    391 Mark 6

----    419 PARAMETER distrsec_public  

        i-AAGR      i-COIL      i-GASE      i-IMIN      i-IRES      i-REFP      i-REFG      i-ICHA      i-IMEA      i-COMT       i-MVT      i-CWSR      i-POWF      i-POWR      i-POWT        i-NG       i-LTH      i-CCON      i-TRAI      i-TLNL      i-TPIP      i-TLNH    i-TSEA_S      i-TAIR      i-COFF      i-CENT       i-FIN      i-CHEA

R1   293780.00     1993.47     4576.97      585.56   428388.00    27028.45   170877.55   219857.00    21344.00   400905.67    96336.00  3894321.33     6077.76    44811.90   171916.21     4667.53     8540.60   149150.00   441497.25   770252.91   478952.77  1915811.07 10716493.00  1803257.00 1.342585E+8    23388.00    63899.43 2.769100E+8
R2    68573.00     6110.78    14030.25     1794.98   132165.00     3226.24    20396.76    25738.00     8071.00   104616.17    13797.00   733403.33     1786.44    13171.56    50531.32     1371.93     2488.76    48574.00   107221.29   187062.34   116317.67   465270.70  4327049.00   437936.00 23669096.21     5463.00    14821.29 49190249.00
R5    88060.00     2764.56     6347.38      812.06   132324.00     1654.71    10461.29    20711.00     3756.00    85789.50     3581.00   601161.00     3084.69    22807.58    87498.91     2375.60     4282.56    37286.00   103082.63   179841.88   111827.90   447311.60  6920989.00   421032.00 27986638.21     4063.00     9848.29 58018955.00
R3    82833.00      871.38     2000.67      255.96   155166.00     4348.32    27490.68    59649.00     7697.00    95498.67     5189.00   654156.33     2746.30    20248.72    77682.13     2109.07     3822.78    41910.00    96483.15   168328.17   104668.54   418674.14  2020355.00   394077.00 30941904.29     4379.00     9900.71 63701720.00
R6    11195.00      189.43      434.93       55.64    61841.00     2790.72    17643.28    19680.00     1558.00    31181.50      591.00   193559.00     1600.32    11799.33    45266.91     1229.00     2184.44    12608.00    35428.84    61810.50    38434.53   153738.13   543487.00   144706.00 13168437.79     1230.00     2507.71 26947832.00
R4    12051.00      240.69      552.61       70.70    37318.00       27.31      172.69     7635.00      438.00    30283.33       70.00   195405.67      893.01     6584.26    25259.82      685.80     1234.10    11354.00    42981.94    74987.94    46628.42   186513.70   357475.00   175556.00 18417173.43     1479.00     2581.57 37476381.00


----    419 PARAMETER distrsec_local  

        i-COMT      i-CCON      i-TRAI      i-TLNL      i-TPIP      i-TLNH    i-TSEA_S      i-TAIR      i-COFF      i-CENT       i-FIN      i-CHEA

R1        7.00    12032.00   300105.56   523575.60   325565.77  1302263.07 11473660.00  6692038.00  3272523.00    12649.00   102137.00 2.456608E+8
R2       11.50     2992.00    77476.99   135169.30    84049.94   336199.77  4887236.00  2895401.00   867703.50     4406.00    20814.00 77027846.00
R5       24.00     1726.00    48920.37    85348.35    53070.66   212282.62  7091981.00  6718948.00    20625.00     4799.00    20388.00 64836216.00
R3       40.00     1312.00    59549.56   103892.44    64601.60   258406.40  2307919.00  1722949.00     3591.00     3506.00    22797.00 75725006.00
R6       22.00     1150.00    18523.10    32316.11    20094.56    80378.23   587952.00   486891.00      358.00      336.00     7466.00 31411004.00
R4       10.50      620.00    21081.37    36779.35    22869.86    91479.42   436558.00   269773.00      511.50      501.00     7821.00 30674088.00


----    438 PARAMETER distrgood_share_public  

        c-AAGR      c-FISH      c-COIL      c-GASE      c-IMIN      c-IRES      c-REFP      c-REFG      c-ICHA       c-BIO      c-IMEA      c-COMT       c-MVT      c-CWSR      c-POWF      c-POWR      c-POWT        c-NG       c-LTH      c-CCON      c-TRAI      c-TPIP      c-TLNL      c-TLNH      c-TSEA      c-TAIR      c-COFF      c-CENT       c-FIN      c-CHEA

R1        0.61        1.00        0.98        0.98        0.97        0.67        1.00        1.00        1.00        1.00        0.57        0.77        0.97        0.94        1.00        1.00        1.00        1.00        1.00        0.79        0.60        0.60        0.60        0.60        0.48        0.21        0.93        0.66        0.92        0.53
R2        0.49        1.00        1.00        1.00        0.99        0.58        1.00        1.00        1.00        1.00        0.46        0.67        0.95        0.90        1.00        1.00        1.00        1.00        1.00        0.74        0.58        0.58        0.58        0.58        0.47        0.13        0.89        0.56        0.90        0.39
R5        0.59        1.00        0.99        1.00        0.99        0.64        1.00        1.00        1.00        1.00        0.53        0.73        0.98        0.92        1.00        1.00        1.00        1.00        1.00        0.78        0.68        0.68        0.68        0.68        0.49        0.06        0.94        0.47        0.94        0.47
R3        0.56        1.00        0.99        0.99        0.98        0.64        1.00        1.00        1.00        1.00        0.52        0.72        0.99        0.92        1.00        1.00        1.00        1.00        1.00        0.77        0.62        0.62        0.62        0.62        0.47        0.19        0.94        0.57        0.94        0.46
R6        0.50        1.00        0.99        0.99        0.99        0.63        1.00        1.00        1.00        1.00        0.52        0.71        0.99        0.91        1.00        1.00        1.00        1.00        1.00        0.74        0.66        0.66        0.66        0.66        0.48        0.23        0.94        0.79        0.95        0.46
R4        0.58        1.00        0.98        0.99        0.98        0.67        1.00        1.00        1.00        1.00        0.58        0.77        1.00        0.93        1.00        1.00        1.00        1.00        1.00        0.79        0.67        0.67        0.67        0.67        0.45        0.39        0.96        0.75        0.96        0.55


----    445 Create regionalised data for a case with

----    446 PARAMETER regions              =         6.00  
            regions, 
            PARAMETER goods                =        30.00  
             commodities and 
            PARAMETER sectors              =        29.00  
             sectors.

----    481     (3) create the interegional trade data and transport margins

----    482     between the regions and sectors based on gravity formulations

----    497 PARAMETER SAM_sum_u            =  26208967.99  

----    681 SET mapPFin  

         Labour     tdirect     Capital     tax_sec     tax_com        HOUS        GOVT         INV      STOCKS       tmarg         ROW

146                                                                                                                     YES
138                                                         YES
137                                             YES
131         YES
135                                 YES
134                     YES
145                                                                                                         YES
144                                                                                             YES
142                                                                     YES
143                                                                                 YES
149                                                                                                                                 YES


----    683 Checking balances for national SAM:

----    689 Sales balances

----    689 PARAMETER diffXD_n  

c-AAGR 396131.00,    c-FISH  51056.00,    c-COIL  46190.30,    c-GASE  96647.87,    c-IMIN  12058.83,    c-IRES 262287.00,    c-REFP  22496.41,    c-REFG  26504.59,    c-ICHA  53628.99,    c-BIO     403.01,    c-IMEA  74846.00,    c-COMT 218497.00,    c-MVT  109723.00,    c-CWSR  97572.00,    c-POWF   1087.40,    c-POWR  24020.89,    c-POWT  51498.67,    c-NG      857.25,    c-LTH   10656.79,    c-CCON 629799.00,    c-TRAI  12353.14,    c-TPIP  10739.21,    c-TLNL   9379.53,    c-TLNH  37518.12,    c-TSEA  32010.00,    c-TAIR  26242.00,    c-COFF 993653.00,    c-CENT 181336.00,    c-FIN  674726.00,    c-CHEA 642152.00


----    695 Demand balances

----    695 PARAMETER diffX_n  

c-AAGR  347971.94,    c-FISH   44499.68,    c-COIL   41886.44,    c-GASE   87642.54,    c-IMIN   10935.23,    c-IRES  150690.98,    c-REFP   24506.30,    c-REFG   28872.58,    c-ICHA   21647.97,    c-BIO      176.34,    c-IMEA   43937.74,    c-COMT  212169.49,    c-MVT   212695.19,    c-CWSR  489154.37,    c-POWF    1406.70,    c-POWR   31074.39,    c-POWT   66620.74,    c-NG      1108.98,    c-LTH    12883.39,    c-CCON  700603.09,    c-TRAI   14658.19,    c-TPIP   12743.11,    c-TLNL   11129.72,    c-TLNH   44518.87,    c-TSEA   32822.80,    c-TAIR   30322.01,    c-COFF 1027226.06,    c-CENT  167127.92,    c-FIN   691527.26,    c-CHEA  642152.00


----    703 Investment balance
            PARAMETER investment_bal_n     =  -8.7311E-11  

----    720 Global trade balance
            PARAMETER trade_bal_global_n   =         0.00  

----    730 PARAMETER XDDZ  detailed sectoral outputs

                 c-AAGR      c-FISH      c-COIL      c-GASE      c-IMIN      c-IRES      c-REFP      c-REFG      c-ICHA       c-BIO      c-IMEA      c-COMT       c-MVT      c-CWSR      c-POWF      c-POWR      c-POWT        c-NG       c-LTH      c-CCON      c-TRAI      c-TPIP      c-TLNL      c-TLNH      c-TSEA      c-TAIR      c-COFF      c-CENT       c-FIN      c-CHEA

R1.i-AAGR     146312.00        4.44                                         2033.79                              880.10        9.80       22.65        0.89                 7395.82                                                                                                                                                     2021.36                  190.06
R1.i-FISH          2.50      187.19                                                                                                                                                                                                                                                                                                        1.89
R1.i-COIL                               6137.59                               16.52                               58.43        0.65       17.46        1.31        3.39       99.52                                                                    0.09                                                                              161.35                    0.73
R1.i-GASE                                          13747.01      344.80       37.94                              134.14        1.48       40.09        3.00        7.78      228.49                                                                    0.21                                                                              370.46                    1.67
R1.i-IMIN                                432.43                 1370.42        4.85                               17.16        0.19        5.13        0.38        1.00       29.23                                                                    0.03                                                                               47.39                    0.21
R1.i-IRES        469.22        1.24      294.63      616.49       76.92    72533.97       27.14       31.98      962.34       10.82    31196.96      737.52      412.58     8463.69        2.67       58.97      126.43        2.10        3.29      145.52                                                                             2241.49                   97.15
R1.i-REFP        153.82                  285.28      596.92       74.48      141.41    11795.53                 9652.54       79.65      269.02       11.54                  783.63                                                                    0.52                                                                              567.40                    4.89
R1.i-REFG        184.30                  341.80      715.18       89.23      169.43      108.03    14024.41    11564.88       95.43      322.31       13.82                  938.88                                                                    0.63                                                                              679.81                    5.86
R1.i-ICHA         98.57                  182.81      382.51       47.73       90.62     3470.17     4088.44     6185.37       51.04      172.39        7.39                  502.15                                                                    0.34                                                                              363.59                    3.14
R1.i-IMEA         10.44                                                      334.28                              141.05        1.59     6690.57       41.09      220.44      740.96                                                                                                                                                      228.52                    9.77
R1.i-COMT                                                                    641.94                                                               146174.49                 1371.74                                                                  388.84                                                                             9450.73      196.06      126.55
R1.i-MVT                                                                     -73.73                                                        3.74      117.90    46121.85     2415.04                                                                    1.02                                                                              695.16                  125.37
R1.i-CWSR        146.62                                                     2335.98                                                      419.36     1856.36     2427.31   256061.38                                                                   13.05                                                                             7918.10                  850.52
R1.i-POWF                                                                                                                                                                     47.09      361.32                                                        7.57                                                                                8.99                    0.45
R1.i-POWR                                                                                                                                                                    850.93                 6529.06                                          136.85                                                                              162.43                    8.18
R1.i-POWT                                                                                                                                                                   2758.00       34.86     2213.90    18744.13       86.10       82.87      443.56                                                                              526.45                   26.53
R1.i-NG                                                                                                                                                                       29.44                                          225.92                    4.74                                                                                5.62                    0.28
R1.i-LTH                                                                                                                                                                      65.40                                                     4490.96      143.69                                                                               21.90                    0.63
R1.i-CCON                                                                    260.87                                                                   40.84                 2502.52                                                               320322.22                                                                              605.47                 2883.87
R1.i-TRAI                                  0.45        0.95        0.12                                                                                1.89      404.95        1.28                                                                             1667.63                                                                   23.04                    3.76
R1.i-TLNL                                  0.49        1.02        0.13                                                                                2.04      436.94        1.38                                                                         2.57152E-13                 1799.39                                           24.86                    4.06
R1.i-TPIP                                  0.77        1.60        0.20                                                                                3.19      684.76        2.16                                                                              712.37     2069.05        7.70       30.81                               38.97                    6.36
R1.i-TLNH                                  1.96        4.10        0.51                                                                                8.15     1747.77        5.51                                                                                                                 7197.55                               99.45                   16.22
R1.i-TSEA_S                                                                                                                                                     1138.71       58.87                                                                                                                            51607.97                 2469.50                   85.78
R1.i-TAIR                                                                                                                                              6.43                  224.46                                                                                                                                        23945.19     1140.53                    7.50
R1.i-COFF          1.80                                                      278.01                                                                 1142.67    24961.56     4925.54                                                                  451.54                                                                           565245.25                 4827.07      518.79
R1.i-CENT          0.63                                                      910.48                                                                  340.72                 1141.40                                                                  121.10                                                                             4096.23    98859.71      473.75
R1.i-FIN           6.19                                                        3.71                                                                   20.42                   99.02                                                                   63.13                                                                             2332.58               430926.69
R1.i-CHEA        441.84                                                      330.24                                                      342.87      323.18                  316.61                                                                  123.21                                                                            13821.30                           324995.82
R2.i-AAGR      56923.21        1.73                                          791.26                              342.41        3.81        8.81        0.35                 2877.37                                                                                                                                                      786.42                   73.94
R2.i-FISH         90.97     6799.17                                                                                                                                                                                                                                                                                                       68.50
R2.i-COIL                              21001.13                               56.54                              199.92        2.21       59.74        4.47       11.60      340.52                                                                    0.31                                                                              552.09                    2.49
R2.i-GASE                                          47038.45     1179.82      129.81                              459.01        5.07      137.17       10.26       26.64      781.82                                                                    0.71                                                                             1267.59                    5.72
R2.i-IMIN                               1479.66                 4689.20       16.61                               58.72        0.65       17.55        1.31        3.41      100.02                                                                    0.09                                                                              162.17                    0.73
R2.i-IRES        185.42        0.49      116.43      243.62       30.40    28663.37       10.73       12.64      380.29        4.28    12328.15      291.45      163.04     3344.61        1.05       23.30       49.96        0.83        1.30       57.51                                                                              885.78                   38.39
R2.i-REFP         15.87                   29.43       61.58        7.68       14.59     1216.82                  995.75        8.22       27.75        1.19                   80.84                                                                    0.05                                                                               58.53                    0.50
R2.i-REFG         19.01                   35.26       73.78        9.21       17.48       11.14     1446.75     1193.02        9.84       33.25        1.43                   96.85                                                                    0.06                                                                               70.13                    0.60
R2.i-ICHA          7.36                   13.64       28.55        3.56        6.76      259.01      305.16      461.67        3.81       12.87        0.55                   37.48                                                                    0.03                                                                               27.14                    0.23
R2.i-IMEA         26.19                                                      838.57                              353.84        3.98    16784.01      103.08      552.99     1858.79                                                                                                                                                      573.27                   24.50
R2.i-COMT                                                                    109.23                                                                24873.32                  233.42                                                                   66.16                                                                             1608.15       33.36       21.53
R2.i-MVT                                                                     -60.65                                                        3.07       96.99    37943.44     1986.80                                                                    0.84                                                                              571.89                  103.14
R2.i-CWSR         27.57                                                      439.30                                                       78.86      349.10      456.47    48154.42                                                                    2.45                                                                             1489.06                  159.95
R2.i-POWF                                                                                                                                                                     21.59      165.66                                                        3.47                                                                                4.12                    0.21
R2.i-POWR                                                                                                                                                                    390.13                 2993.41                                           62.74                                                                               74.47                    3.75
R2.i-POWT                                                                                                                                                                   1264.47       15.98     1015.02     8593.70       39.47       37.99      203.36                                                                              241.36                   12.16
R2.i-NG                                                                                                                                                                       13.50                                          103.58                    2.17                                                                                2.58                    0.13
R2.i-LTH                                                                                                                                                                      22.39                                                     1537.34       49.19                                                                                7.50                    0.22
R2.i-CCON                                                                     87.82                                                                   13.75                  842.43                                                               107831.09                                                                              203.82                  970.81
R2.i-TRAI                                  0.20        0.41        0.05                                                                                0.82      176.70        0.56                                                                              727.66                                                                   10.05                    1.64
R2.i-TLNL                                  0.21        0.45        0.06                                                                                0.89      190.66        0.60                                                                         1.12207E-13                  785.15                                           10.85                    1.77
R2.i-TPIP                                  0.33        0.70        0.09                                                                                1.39      298.79        0.94                                                                              310.84      902.82        3.36       13.44                               17.00                    2.77
R2.i-TLNH                                  0.85        1.79        0.22                                                                                3.56      762.63        2.40                                                                                                                 3140.62                               43.40                    7.08
R2.i-TSEA_S                                                                                                                                                      546.80       28.27                                                                                                                            24781.76                 1185.84                   41.19
R2.i-TAIR                                                                                                                                              1.52                   52.96                                                                                                                                         5649.37      269.08                    1.77
R2.i-COFF          0.34                                                       53.03                                                                  217.95     4761.11      939.49                                                                   86.13                                                                           107813.65                  920.70       98.95
R2.i-CENT          0.11                                                      164.07                                                                   61.40                  205.68                                                                   21.82                                                                              738.15    17814.87       85.37
R2.i-FIN           1.17                                                        0.70                                                                    3.85                   18.68                                                                   11.91                                                                              440.05                81296.81
R2.i-CHEA        107.31                                                       80.20                                                       83.27       78.49                   76.89                                                                   29.92                                                                             3356.67                            78929.03
R5.i-AAGR      38222.52        1.16                                          531.31                              229.92        2.56        5.92        0.23                 1932.08                                                                                                                                                      528.06                   49.65
R5.i-FISH        364.99    27279.14                                                                                                                                                                                                                                                                                                      274.82
R5.i-COIL                             139308.05                              375.03                             1326.12       14.65      396.30       29.65       76.95     2258.76                                                                    2.04                                                                             3662.23                   16.52
R5.i-GASE                                         312022.98     7826.18      861.06                             3044.76       33.63      909.90       68.07      176.68     5186.08                                                                    4.68                                                                             8408.41                   37.93
R5.i-IMIN                               9815.09                31105.16      110.16                              389.53        4.30      116.41        8.71       22.60      663.49                                                                    0.60                                                                             1075.74                    4.85
R5.i-IRES        181.96        0.48      114.26      239.07       29.83    28128.71       10.53       12.40      373.20        4.20    12098.19      286.01      160.00     3282.22        1.04       22.87       49.03        0.82        1.28       56.43                                                                              869.25                   37.68
R5.i-REFP        114.14                  211.69      442.94       55.27      104.93     8752.76                 7162.58       59.10      199.62        8.56                  581.49                                                                    0.39                                                                              421.04                    3.63
R5.i-REFG        136.76                  253.63      530.69       66.22      125.72       80.16    10406.68     8581.61       70.81      239.17       10.26                  696.69                                                                    0.47                                                                              504.45                    4.35
R5.i-ICHA         67.04                  124.32      260.13       32.46       61.63     2359.96     2780.43     4206.49       34.71      117.24        5.03                  341.50                                                                    0.23                                                                              247.27                    2.13
R5.i-IMEA         11.01                                                      352.35                              148.68        1.67     7052.35       43.31      232.36      781.03                                                                                                                                                      240.88                   10.30
R5.i-COMT                                                                     89.33                                                                20341.62                  190.89                                                                   54.11                                                                             1315.16       27.28       17.61
R5.i-MVT                                                                     -31.07                                                        1.58       49.69    19437.29     1017.78                                                                    0.43                                                                              292.96                   52.84
R5.i-CWSR         22.60                                                      360.09                                                       64.64      286.16      374.17    39472.19                                                                    2.01                                                                             1220.59                  131.11
R5.i-POWF                                                                                                                                                                     26.65      204.50                                                        4.29                                                                                5.09                    0.26
R5.i-POWR                                                                                                                                                                    484.33                 3716.24                                           77.89                                                                               92.45                    4.66
R5.i-POWT                                                                                                                                                                   1569.81       19.84     1260.12    10668.87       49.01       47.17      252.47                                                                              299.65                   15.10
R5.i-NG                                                                                                                                                                       16.76                                          128.59                    2.70                                                                                3.20                    0.16
R5.i-LTH                                                                                                                                                                      24.87                                                     1707.70       54.64                                                                                8.33                    0.24
R5.i-CCON                                                                     58.45                                                                    9.15                  560.71                                                                71770.66                                                                              135.66                  646.15
R5.i-TRAI                                  2.35        4.93        0.61                                                                                9.80     2102.51        6.63                                                                             8658.39                                                                  119.64                   19.52
R5.i-TLNL                                  2.54        5.32        0.66                                                                               10.58     2268.63        7.15                                                                         1.33514E-12                 9342.48                                          129.09                   21.06
R5.i-TPIP                                  3.98        8.33        1.04                                                                               16.58     3555.29       11.21                                                                             3698.62    10742.58       39.99      159.95                              202.31                   33.00
R5.i-TLNH                                 10.16       21.27        2.65                                                                               42.31     9074.50       28.60                                                                                                                37369.94                              516.37                   84.23
R5.i-TSEA_S                                                                                                                                                      910.96       47.10                                                                                                                            41286.21                 1975.60                   68.63
R5.i-TAIR                                                                                                                                              1.26                   44.04                                                                                                                                         4697.85      223.76                    1.47
R5.i-COFF          0.31                                                       48.33                                                                  198.63     4339.03      856.20                                                                   78.49                                                                            98255.85                  839.08       90.18
R5.i-CENT          0.10                                                      144.93                                                                   54.24                  181.68                                                                   19.28                                                                              652.02    15736.06       75.41
R5.i-FIN           1.11                                                        0.67                                                                    3.66                   17.74                                                                   11.31                                                                              417.98                77217.99
R5.i-CHEA        103.75                                                       77.55                                                       80.51       75.89                   74.34                                                                   28.93                                                                             3245.41                            76313.03
R3.i-AAGR      63121.42        1.92                                          877.41                              379.69        4.23        9.77        0.38                 3190.68                                                                                                                                                      872.05                   81.99
R3.i-FISH        440.99    32959.60                                                                                                                                                                                                                                                                                                      332.05
R3.i-COIL                               2647.11                                7.13                               25.20        0.28        7.53        0.56        1.46       42.92                                                                    0.04                                                                               69.59                    0.31
R3.i-GASE                                           5929.02      148.71       16.36                               57.86        0.64       17.29        1.29        3.36       98.55                                                                    0.09                                                                              159.78                    0.72
R3.i-IMIN                                186.51                  591.06        2.09                                7.40        0.08        2.21        0.17        0.43       12.61                                                                    0.01                                                                               20.44                    0.09
R3.i-IRES        154.53        0.41       97.04      203.04       25.33    23888.52        8.94       10.53      316.94        3.56    10274.48      242.90      135.88     2787.45        0.88       19.42       41.64        0.69        1.08       47.93                                                                              738.22                   32.00
R3.i-REFP         17.48                   32.41       67.82        8.46       16.07     1340.24                 1096.75        9.05       30.57        1.31                   89.04                                                                    0.06                                                                               64.47                    0.56
R3.i-REFG         20.94                   38.84       81.26       10.14       19.25       12.27     1593.49     1314.03       10.84       36.62        1.57                  106.68                                                                    0.07                                                                               77.24                    0.67
R3.i-ICHA         11.86                   21.99       46.01        5.74       10.90      417.41      491.78      744.01        6.14       20.74        0.89                   60.40                                                                    0.04                                                                               43.74                    0.38
R3.i-IMEA          8.20                                                      262.50                              110.76        1.25     5253.90       32.27      173.10      581.86                                                                                                                                                      179.45                    7.67
R3.i-COMT                                                                     91.55                                                                20847.10                  195.63                                                                   55.45                                                                             1347.84       27.96       18.05
R3.i-MVT                                                                     -45.31                                                        2.30       72.46    28345.01     1484.20                                                                    0.63                                                                              427.22                   77.05
R3.i-CWSR         24.59                                                      391.79                                                       70.34      311.35      407.11    42946.80                                                                    2.19                                                                             1328.03                  142.65
R3.i-POWF                                                                                                                                                                     19.11      146.61                                                        3.07                                                                                3.65                    0.18
R3.i-POWR                                                                                                                                                                    345.26                 2649.16                                           55.53                                                                               65.90                    3.32
R3.i-POWT                                                                                                                                                                   1119.06       14.14      898.29     7605.43       34.93       33.62      179.97                                                                              213.61                   10.76
R3.i-NG                                                                                                                                                                       11.95                                           91.67                    1.92                                                                                2.28                    0.11
R3.i-LTH                                                                                                                                                                      19.96                                                     1370.45       43.85                                                                                6.68                    0.19
R3.i-CCON                                                                     64.76                                                                   10.14                  621.20                                                                79513.61                                                                              150.29                  715.86
R3.i-TRAI                                  0.12        0.25        0.03                                                                                0.49      105.46        0.33                                                                              434.32                                                                    6.00                    0.98
R3.i-TLNL                                  0.13        0.27        0.03                                                                                0.53      113.80        0.36                                                                         6.69726E-14                  468.63                                            6.48                    1.06
R3.i-TPIP                                  0.20        0.42        0.05                                                                                0.83      178.34        0.56                                                                              185.53      538.86        2.01        8.02                               10.15                    1.66
R3.i-TLNH                                  0.51        1.07        0.13                                                                                2.12      455.19        1.43                                                                                                                 1874.53                               25.90                    4.23
R3.i-TSEA_S                                                                                                                                                      354.71       18.34                                                                                                                            16076.08                  769.26                   26.72
R3.i-TAIR                                                                                                                                              1.64                   57.33                                                                                                                                         6115.78      291.30                    1.92
R3.i-COFF          0.32                                                       49.06                                                                  201.64     4404.79      869.18                                                                   79.68                                                                            99744.86                  851.80       91.55
R3.i-CENT          0.10                                                      145.12                                                                   54.31                  181.92                                                                   19.30                                                                              652.88    15756.76       75.51
R3.i-FIN           1.03                                                        0.62                                                                    3.40                   16.49                                                                   10.51                                                                              388.46                71765.33
R3.i-CHEA        117.17                                                       87.58                                                       90.93       85.71                   83.96                                                                   32.68                                                                             3665.37                            86187.85
R6.i-AAGR      15115.63        0.46                                          210.11                               90.92        1.01        2.34        0.09                  764.07                                                                                                                                                      208.83                   19.64
R6.i-FISH        278.46    20812.02                                                                                                                                                                                                                                                                                                      209.67
R6.i-COIL                                912.90                                2.46                                8.69        0.10        2.60        0.19        0.50       14.80                                                                    0.01                                                                               24.00                    0.11
R6.i-GASE                                           2044.73       51.29        5.64                               19.95        0.22        5.96        0.45        1.16       33.99                                                                    0.03                                                                               55.10                    0.25
R6.i-IMIN                                 64.32                  203.84        0.72                                2.55        0.03        0.76        0.06        0.15        4.35                                                             3.920971E-3                                                                                7.05                    0.03
R6.i-IRES         94.98        0.25       59.64      124.78       15.57    14681.74        5.49        6.47      194.79        2.19     6314.63      149.28       83.51     1713.15        0.54       11.94       25.59        0.43        0.67       29.45                                                                              453.71                   19.66
R6.i-REFP         11.48                   21.29       44.55        5.56       10.55      880.27                  720.34        5.94       20.08        0.86                   58.48                                                                    0.04                                                                               42.34                    0.37
R6.i-REFG         13.75                   25.51       53.37        6.66       12.64        8.06     1046.60      863.06        7.12       24.05        1.03                   70.07                                                                    0.05                                                                               50.73                    0.44
R6.i-ICHA          6.85                   12.70       26.57        3.32        6.30      241.08      284.03      429.70        3.55       11.98        0.51                   34.89                                                                    0.02                                                                               25.26                    0.22
R6.i-IMEA          5.51                                                      176.30                               74.39        0.84     3528.70       21.67      116.26      390.79                                                                                                                                                      120.52                    5.15
R6.i-COMT                                                                     25.31                                                                 5763.50                   54.09                                                                   15.33                                                                              372.63        7.73        4.99
R6.i-MVT                                                                      -2.99                                                        0.15        4.78     1868.83       97.86                                                                    0.04                                                                               28.17                    5.08
R6.i-CWSR          7.27                                                      115.86                                                       20.80       92.07      120.38    12699.65                                                                    0.65                                                                              392.71                   42.18
R6.i-POWF                                                                                                                                                                     14.94      114.66                                                        2.40                                                                                2.85                    0.14
R6.i-POWR                                                                                                                                                                    270.02                 2071.83                                           43.43                                                                               51.54                    2.60
R6.i-POWT                                                                                                                                                                    875.18       11.06      702.52     5947.97       27.32       26.30      140.75                                                                              167.06                    8.42
R6.i-NG                                                                                                                                                                        9.34                                           71.69                    1.50                                                                                1.78                    0.09
R6.i-LTH                                                                                                                                                                      12.50                                                      858.24       27.46                                                                                4.19                    0.12
R6.i-CCON                                                                     20.52                                                                    3.21                  196.80                                                                25190.44                                                                               47.61                  226.79
R6.i-TRAI                                  0.04        0.08        0.01                                                                                0.16       34.92        0.11                                                                              143.82                                                                    1.99                    0.32
R6.i-TLNL                                  0.04        0.09        0.01                                                                                0.18       37.68        0.12                                                                         2.21777E-14                  155.19                                            2.14                    0.35
R6.i-TPIP                                  0.07        0.14        0.02                                                                                0.28       59.06        0.19                                                                               61.44      178.44        0.66        2.66                                3.36                    0.55
R6.i-TLNH                                  0.17        0.35        0.04                                                                                0.70      150.73        0.48                                                                                                                  620.74                                8.58                    1.40
R6.i-TSEA_S                                                                                                                                                      255.19       13.19                                                                                                                            11565.36                  553.42                   19.22
R6.i-TAIR                                                                                                                                              0.58                   20.17                                                                                                                                         2151.51      102.48                    0.67
R6.i-COFF          0.10                                                       15.34                                                                   63.06     1377.46      271.81                                                                   24.92                                                                            31192.07                  266.37       28.63
R6.i-CENT          0.03                                                       39.30                                                                   14.71                   49.27                                                                    5.23                                                                              176.82     4267.37       20.45
R6.i-FIN           0.25                                                        0.15                                                                    0.81                    3.93                                                                    2.51                                                                               92.65                17115.62
R6.i-CHEA         48.65                                                       36.36                                                       37.75       35.58                   34.86                                                                   13.57                                                                             1521.77                            35783.09
R4.i-AAGR       9792.21        0.30                                          136.12                               58.90        0.66        1.52        0.06                  494.98                                                                                                                                                      135.28                   12.72
R4.i-FISH        255.08    19064.87                                                                                                                                                                                                                                                                                                      192.07
R4.i-COIL                               1458.20                                3.93                               13.88        0.15        4.15        0.31        0.81       23.64                                                                    0.02                                                                               38.33                    0.17
R4.i-GASE                                           3266.09       81.92        9.01                               31.87        0.35        9.52        0.71        1.85       54.29                                                                    0.05                                                                               88.01                    0.40
R4.i-IMIN                                102.74                  325.59        1.15                                4.08        0.05        1.22        0.09        0.24        6.95                                                                    0.01                                                                               11.26                    0.05
R4.i-IRES         48.89        0.13       30.70       64.24        8.01     7557.70        2.83        3.33      100.27        1.13     3250.58       76.85       42.99      881.88        0.28        6.14       13.17        0.22        0.34       15.16                                                                              233.55                   10.12
R4.i-REFP          0.23                    0.43        0.90        0.11        0.21       17.74                   14.51        0.12        0.40        0.02                    1.18                                                             7.885370E-4                                                                                0.85                    0.01
R4.i-REFG          0.28                    0.51        1.08        0.13        0.25        0.16       21.09       17.39        0.14        0.48        0.02                    1.41                                                             9.447602E-4                                                                                1.02                    0.01
R4.i-ICHA          0.27                    0.49        1.03        0.13        0.24        9.33       11.00       16.64        0.14        0.46        0.02                    1.35                                                             9.039044E-4                                                                                0.98                    0.01
R4.i-IMEA          0.66                                                       21.01                                8.86        0.10      420.47        2.58       13.85       46.57                                                                                                                                                       14.36                    0.61
R4.i-COMT                                                                     21.63                                                                 4925.98                   46.23                                                                   13.10                                                                              318.48        6.61        4.26
R4.i-MVT                                                                      -3.25                                                        0.16        5.19     2030.58      106.33                                                                    0.04                                                                               30.61                    5.52
R4.i-CWSR          7.34                                                      116.98                                                       21.00       92.96      121.55    12822.55                                                                    0.65                                                                              396.51                   42.59
R4.i-POWF                                                                                                                                                                      6.68       51.24                                                        1.07                                                                                1.27                    0.06
R4.i-POWR                                                                                                                                                                    120.68                  925.99                                           19.41                                                                               23.04                    1.16
R4.i-POWT                                                                                                                                                                    391.16        4.94      313.99     2658.41       12.21       11.75       62.91                                                                               74.66                    3.76
R4.i-NG                                                                                                                                                                        4.18                                           32.04                    0.67                                                                                0.80                    0.04
R4.i-LTH                                                                                                                                                                       7.62                                                      523.20       16.74                                                                                2.55                    0.07
R4.i-CCON                                                                     18.59                                                                    2.91                  178.34                                                                22826.98                                                                               43.15                  205.51
R4.i-TRAI                                  0.04        0.09        0.01                                                                                0.19       39.91        0.13                                                                              164.33                                                                    2.27                    0.37
R4.i-TLNL                                  0.05        0.10        0.01                                                                                0.20       43.06        0.14                                                                         2.53406E-14                  177.32                                            2.45                    0.40
R4.i-TPIP                                  0.08        0.16        0.02                                                                                0.31       67.48        0.21                                                                               70.20      203.89        0.76        3.04                                3.84                    0.63
R4.i-TLNH                                  0.19        0.40        0.05                                                                                0.80      172.23        0.54                                                                                                                  709.27                                9.80                    1.60
R4.i-TSEA_S                                                                                                                                                      178.63        9.23                                                                                                                             8095.62                  387.39                   13.46
R4.i-TAIR                                                                                                                                              0.57                   20.04                                                                                                                                         2138.29      101.85                    0.67
R4.i-COFF          0.12                                                       19.24                                                                   79.06     1727.05      340.79                                                                   31.24                                                                            39108.32                  333.98       35.89
R4.i-CENT          0.03                                                       47.10                                                                   17.63                   59.05                                                                    6.26                                                                              211.91     5114.22       24.51
R4.i-FIN           0.26                                                        0.15                                                                    0.85                    4.13                                                                    2.63                                                                               97.28                17972.55
R4.i-CHEA         56.28                                                       42.06                                                       43.67       41.16                   40.33                                                                   15.69                                                                             1760.48                            41396.19


----    730 PARAMETER USGN  

              c-AAGR      c-FISH      c-COIL      c-GASE      c-IMIN      c-IRES      c-REFP      c-REFG      c-ICHA       c-BIO      c-IMEA      c-COMT       c-MVT      c-CWSR      c-POWF      c-POWR      c-POWT        c-NG       c-LTH      c-CCON      c-TRAI      c-TPIP      c-TLNL      c-TLNH      c-TSEA      c-TAIR      c-COFF      c-CENT       c-FIN      c-CHEA

i-AAGR     329487.00       10.00                                         4580.00                             1981.94       22.06       51.00        2.00                16655.00                                                                                                                                                     4552.00                  428.00
i-FISH       1433.00   107102.00                                                                                                                                                                                                                                                                                                     1079.00
i-COIL                             171464.99                              461.60                             1632.24       18.03      487.78       36.49       94.71     2780.16                                                                    2.51                                                                             4507.59                   20.34
i-GASE                                         384048.28     9632.72     1059.82                             3747.59       41.40     1119.94       83.79      217.46     6383.20                                                                    5.76                                                                            10349.36                   46.69
i-IMIN                              12080.74                38285.27      135.59                              479.45        5.30      143.28       10.72       27.82      816.64                                                                    0.74                                                                             1324.06                    5.97
i-IRES       1135.00        3.00      712.70     1491.24      186.06   175454.00       65.65       77.35     2327.82       26.18    75463.00     1784.00      998.00    20473.00        6.46      142.65      305.84        5.09        7.96      352.00                                                                             5422.00                  235.00
i-REFP        313.03                  580.54     1214.71      151.56      287.77    24003.36                19642.47      162.08      547.44       23.48                 1594.65                                                                    1.07                                                                             1154.64                    9.96
i-REFG        375.04                  695.55     1455.36      181.59      344.78      219.83    28539.02    23533.99      194.19      655.90       28.13                 1910.58                                                                    1.28                                                                             1383.39                   11.93
i-ICHA        191.93                  355.96      744.80       92.93      176.45     6756.95     7960.84    12043.89       99.38      335.67       14.39                  977.77                                                                    0.65                                                                              707.97                    6.11
i-IMEA         62.00                                                     1985.00                              837.58        9.42    39730.00      244.00     1309.00     4400.00                                                                                                                                                     1357.00                   58.00
i-COMT                                                                    979.00                                                               222926.00                 2092.00                                                                  593.00                                                                            14413.00      299.00      193.00
i-MVT                                                                    -217.00                                                       11.00      347.00   135747.00     7108.00                                                                    3.00                                                                             2046.00                  369.00
i-CWSR        236.00                                                     3760.00                                                      675.00     2988.00     3907.00   412157.00                                                                   21.00                                                                            12745.00                 1369.00
i-POWF                                                                                                                                                                    136.06     1043.99                                                       21.88                                                                               25.97                    1.31
i-POWR                                                                                                                                                                   2461.35                18885.69                                          395.85                                                                              469.83                   23.67
i-POWT                                                                                                                                                                   7977.69      100.84     6403.84    54218.52      249.05      239.71     1283.01                                                                             1522.79                   76.73
i-NG                                                                                                                                                                       85.17                                          653.48                   13.70                                                                               16.26                    0.82
i-LTH                                                                                                                                                                     152.73                                                    10487.89      335.56                                                                               51.15                    1.47
i-CCON                                                                    511.00                                                                   80.00                 4902.00                                                               627455.00                                                                             1186.00                 5649.00
i-TRAI                                  3.21        6.71        0.84                                                                               13.36     2864.45        9.03                                                                            11796.16                                                                  163.00                   26.59
i-TLNL                                  3.46        7.24        0.90                                                                               14.41     3090.77        9.74                                                                         1.81899E-12                12728.16                                          175.88                   28.69
i-TPIP                                  5.43       11.35        1.42                                                                               22.59     4843.72       15.27                                                                             5038.99    14635.64       54.48      217.91                              275.62                   44.96
i-TLNH                                 13.85       28.97        3.62                                                                               57.65    12363.07       38.96                                                                                                                50912.66                              703.50                  114.76
i-TSEA_S                                                                                                                                                     3385.00      175.00                                                                                                                           153413.00                 7341.00                  255.00
i-TAIR                                                                                                                                             12.00                  419.00                                                                                                                                        44698.00     2129.00                   14.00
i-COFF          3.00                                                      463.00                                                                 1903.00    41571.00     8203.00                                                                  752.00                                                                           941360.00                 8039.00      864.00
i-CENT          1.00                                                     1451.00                                                                  543.00                 1819.00                                                                  193.00                                                                             6528.00   157549.00      755.00
i-FIN          10.00                                                        6.00                                                                   33.00                  160.00                                                                  102.00                                                                             3769.00               696295.00
i-CHEA        875.00                                                      654.00                                                      679.00      640.00                  627.00                                                                  244.00                                                                            27371.00                           643605.00


----    730 PARAMETER indicPROD  indicator for regional production by sector

        i-AAGR      i-FISH      i-COIL      i-GASE      i-IMIN      i-IRES      i-REFP      i-REFG      i-ICHA      i-IMEA      i-COMT       i-MVT      i-CWSR      i-POWF      i-POWR      i-POWT        i-NG       i-LTH      i-CCON      i-TRAI      i-TLNL      i-TPIP      i-TLNH    i-TSEA_S      i-TAIR      i-COFF      i-CENT       i-FIN      i-CHEA

R1        0.44 1.747815E-3        0.04        0.04        0.04        0.41        0.49        0.49        0.51        0.17        0.66        0.34        0.62        0.35        0.35        0.35        0.35        0.43        0.51        0.14        0.14        0.14        0.14        0.34        0.54        0.60        0.63        0.62        0.50
R2        0.17        0.06        0.12        0.12        0.12        0.16        0.05        0.05        0.04        0.42        0.11        0.28        0.12        0.16        0.16        0.16        0.16        0.15        0.17        0.06        0.06        0.06        0.06        0.16        0.13        0.11        0.11        0.12        0.12
R5        0.12        0.25        0.81        0.81        0.81        0.16        0.36        0.36        0.35        0.18        0.09        0.14        0.10        0.20        0.20        0.20        0.20        0.16        0.11        0.73        0.73        0.73        0.73        0.27        0.11        0.10        0.10        0.11        0.12
R3        0.19        0.31        0.02        0.02        0.02        0.14        0.06        0.06        0.06        0.13        0.09        0.21        0.10        0.14        0.14        0.14        0.14        0.13        0.13        0.04        0.04        0.04        0.04        0.10        0.14        0.11        0.10        0.10        0.13
R6        0.05        0.19        0.01        0.01        0.01        0.08        0.04        0.04        0.04        0.09        0.03        0.01        0.03        0.11        0.11        0.11        0.11        0.08        0.04        0.01        0.01        0.01        0.01        0.08        0.05        0.03        0.03        0.02        0.06
R4        0.03        0.18        0.01        0.01        0.01        0.04 7.389310E-4 7.389310E-4 1.381445E-3        0.01        0.02        0.01        0.03        0.05        0.05        0.05        0.05        0.05        0.04        0.01        0.01        0.01        0.01        0.05        0.05        0.04        0.03        0.03        0.06


----    750 div0 1

----    783 div0 2

----    802 PARAMETER capital_check  check if endowments are balanced - use capital as balancing element

                      ( ALL        0.00 )


----    807 PARAMETER indicCONS  indicator for regional households consumption

        c-AAGR      c-FISH      c-COIL      c-GASE      c-IMIN      c-IRES      c-REFP      c-REFG      c-ICHA       c-BIO      c-IMEA      c-COMT       c-MVT      c-CWSR      c-POWF      c-POWR      c-POWT        c-NG       c-LTH      c-CCON      c-TRAI      c-TPIP      c-TLNL      c-TLNH      c-TSEA      c-TAIR      c-COFF      c-CENT       c-FIN      c-CHEA

R1        0.51        0.51        0.51        0.51        0.51        0.51        0.51        0.51        0.51        0.51        0.51        0.51        0.52        0.52        0.51        0.51        0.51        0.51        0.51        0.51        0.52        0.52        0.52        0.52        0.43        0.45        0.53        0.51        0.51        0.50
R2        0.15        0.15        0.15        0.15        0.15        0.15        0.15        0.15        0.15        0.15        0.15        0.15        0.14        0.14        0.15        0.15        0.15        0.15        0.15        0.15        0.14        0.14        0.14        0.14        0.18        0.15        0.12        0.15        0.15        0.12
R5        0.12        0.12        0.12        0.12        0.12        0.12        0.12        0.12        0.12        0.12        0.12        0.12        0.12        0.12        0.12        0.12        0.12        0.12        0.12        0.12        0.12        0.12        0.12        0.12        0.27        0.22        0.12        0.12        0.12        0.12
R3        0.13        0.13        0.13        0.13        0.13        0.13        0.13        0.13        0.13        0.13        0.13        0.13        0.13        0.13        0.13        0.13        0.13        0.13        0.13        0.13        0.13        0.13        0.13        0.13        0.08        0.11        0.13        0.13        0.13        0.13
R6        0.05        0.05        0.04        0.04        0.04        0.05        0.05        0.05        0.05        0.05        0.05        0.05        0.05        0.04        0.05        0.05        0.05        0.05        0.05        0.04        0.04        0.04        0.04        0.04        0.02        0.04        0.05        0.05        0.05        0.06
R4        0.04        0.04        0.04        0.04        0.04        0.05        0.04        0.04        0.04        0.04        0.04        0.05        0.05        0.04        0.04        0.04        0.04        0.04        0.04        0.04        0.05        0.05        0.05        0.05        0.02        0.03        0.06        0.04        0.05        0.06


----    807 PARAMETER indicIO  indicator for regional production

               i-AAGR      i-FISH      i-COIL      i-GASE      i-IMIN      i-IRES      i-REFP      i-REFG      i-ICHA      i-IMEA      i-COMT       i-MVT      i-CWSR      i-POWF      i-POWR      i-POWT        i-NG       i-LTH      i-CCON      i-TRAI      i-TLNL      i-TPIP      i-TLNH    i-TSEA_S      i-TAIR      i-COFF      i-CENT       i-FIN      i-CHEA

R1.c-AAGR        0.44 1.747815E-3        0.04        0.04        0.04        0.41        0.49        0.49        0.51        0.17        0.66        0.34        0.62        0.35        0.35        0.35        0.35        0.43        0.51        0.14        0.14        0.14        0.14        0.34        0.54        0.60        0.63        0.62        0.50
R1.c-FISH        0.44 1.747815E-3        0.04        0.04        0.04        0.41        0.49        0.49        0.51        0.17        0.66        0.34        0.62        0.35        0.35        0.35        0.35        0.43        0.51        0.14        0.14        0.14        0.14        0.34        0.54        0.60        0.63        0.62        0.50
R1.c-COIL        0.44 1.747815E-3        0.04        0.04        0.04        0.41        0.49        0.49        0.51        0.17        0.66        0.34        0.62        0.35        0.35        0.35        0.35        0.43        0.51        0.14        0.14        0.14        0.14        0.34        0.54        0.60        0.63        0.62        0.50
R1.c-GASE        0.44 1.747815E-3        0.04        0.04        0.04        0.41        0.49        0.49        0.51        0.17        0.66        0.34        0.62        0.35        0.35        0.35        0.35        0.43        0.51        0.14        0.14        0.14        0.14        0.34        0.54        0.60        0.63        0.62        0.50
R1.c-IMIN        0.44 1.747815E-3        0.04        0.04        0.04        0.41        0.49        0.49        0.51        0.17        0.66        0.34        0.62        0.35        0.35        0.35        0.35        0.43        0.51        0.14        0.14        0.14        0.14        0.34        0.54        0.60        0.63        0.62        0.50
R1.c-IRES        0.44 1.747815E-3        0.04        0.04        0.04        0.41        0.49        0.49        0.51        0.17        0.66        0.34        0.62        0.35        0.35        0.35        0.35        0.43        0.51        0.14        0.14        0.14        0.14        0.34        0.54        0.60        0.63        0.62        0.50
R1.c-REFP        0.44 1.747815E-3        0.04        0.04        0.04        0.41        0.49        0.49        0.51        0.17        0.66        0.34        0.62        0.35        0.35        0.35        0.35        0.43        0.51        0.14        0.14        0.14        0.14        0.34        0.54        0.60        0.63        0.62        0.50
R1.c-REFG        0.44 1.747815E-3        0.04        0.04        0.04        0.41        0.49        0.49        0.51        0.17        0.66        0.34        0.62        0.35        0.35        0.35        0.35        0.43        0.51        0.14        0.14        0.14        0.14        0.34        0.54        0.60        0.63        0.62        0.50
R1.c-ICHA        0.44 1.747815E-3        0.04        0.04        0.04        0.41        0.49        0.49        0.51        0.17        0.66        0.34        0.62        0.35        0.35        0.35        0.35        0.43        0.51        0.14        0.14        0.14        0.14        0.34        0.54        0.60        0.63        0.62        0.50
R1.c-BIO         0.44 1.747815E-3        0.04        0.04        0.04        0.41        0.49        0.49        0.51        0.17        0.66        0.34        0.62        0.35        0.35        0.35        0.35        0.43        0.51        0.14        0.14        0.14        0.14        0.34        0.54        0.60        0.63        0.62        0.50
R1.c-IMEA        0.44 1.747815E-3        0.04        0.04        0.04        0.41        0.49        0.49        0.51        0.17        0.66        0.34        0.62        0.35        0.35        0.35        0.35        0.43        0.51        0.14        0.14        0.14        0.14        0.34        0.54        0.60        0.63        0.62        0.50
R1.c-COMT        0.44 1.747815E-3        0.04        0.04        0.04        0.41        0.49        0.49        0.51        0.17        0.66        0.34        0.62        0.35        0.35        0.35        0.35        0.43        0.51        0.14        0.14        0.14        0.14        0.34        0.54        0.60        0.63        0.62        0.50
R1.c-MVT         0.44 1.747815E-3        0.04        0.04        0.04        0.41        0.49        0.49        0.51        0.17        0.66        0.34        0.62        0.35        0.35        0.35        0.35        0.43        0.51        0.14        0.14        0.14        0.14        0.34        0.54        0.60        0.63        0.62        0.50
R1.c-CWSR        0.44 1.747815E-3        0.04        0.04        0.04        0.41        0.49        0.49        0.51        0.17        0.66        0.34        0.62        0.35        0.35        0.35        0.35        0.43        0.51        0.14        0.14        0.14        0.14        0.34        0.54        0.60        0.63        0.62        0.50
R1.c-POWF        0.44 1.747815E-3        0.04        0.04        0.04        0.41        0.49        0.49        0.51        0.17        0.66        0.34        0.62        0.35        0.35        0.35        0.35        0.43        0.51        0.14        0.14        0.14        0.14        0.34        0.54        0.60        0.63        0.62        0.50
R1.c-POWR        0.44 1.747815E-3        0.04        0.04        0.04        0.41        0.49        0.49        0.51        0.17        0.66        0.34        0.62        0.35        0.35        0.35        0.35        0.43        0.51        0.14        0.14        0.14        0.14        0.34        0.54        0.60        0.63        0.62        0.50
R1.c-POWT        0.44 1.747815E-3        0.04        0.04        0.04        0.41        0.49        0.49        0.51        0.17        0.66        0.34        0.62        0.35        0.35        0.35        0.35        0.43        0.51        0.14        0.14        0.14        0.14        0.34        0.54        0.60        0.63        0.62        0.50
R1.c-NG          0.44 1.747815E-3        0.04        0.04        0.04        0.41        0.49        0.49        0.51        0.17        0.66        0.34        0.62        0.35        0.35        0.35        0.35        0.43        0.51        0.14        0.14        0.14        0.14        0.34        0.54        0.60        0.63        0.62        0.50
R1.c-LTH         0.44 1.747815E-3        0.04        0.04        0.04        0.41        0.49        0.49        0.51        0.17        0.66        0.34        0.62        0.35        0.35        0.35        0.35        0.43        0.51        0.14        0.14        0.14        0.14        0.34        0.54        0.60        0.63        0.62        0.50
R1.c-CCON        0.44 1.747815E-3        0.04        0.04        0.04        0.41        0.49        0.49        0.51        0.17        0.66        0.34        0.62        0.35        0.35        0.35        0.35        0.43        0.51        0.14        0.14        0.14        0.14        0.34        0.54        0.60        0.63        0.62        0.50
R1.c-TRAI        0.44 1.747815E-3        0.04        0.04        0.04        0.41        0.49        0.49        0.51        0.17        0.66        0.34        0.62        0.35        0.35        0.35        0.35        0.43        0.51        0.14        0.14        0.14        0.14        0.34        0.54        0.60        0.63        0.62        0.50
R1.c-TPIP        0.44 1.747815E-3        0.04        0.04        0.04        0.41        0.49        0.49        0.51        0.17        0.66        0.34        0.62        0.35        0.35        0.35        0.35        0.43        0.51        0.14        0.14        0.14        0.14        0.34        0.54        0.60        0.63        0.62        0.50
R1.c-TLNL        0.44 1.747815E-3        0.04        0.04        0.04        0.41        0.49        0.49        0.51        0.17        0.66        0.34        0.62        0.35        0.35        0.35        0.35        0.43        0.51        0.14        0.14        0.14        0.14        0.34        0.54        0.60        0.63        0.62        0.50
R1.c-TLNH        0.44 1.747815E-3        0.04        0.04        0.04        0.41        0.49        0.49        0.51        0.17        0.66        0.34        0.62        0.35        0.35        0.35        0.35        0.43        0.51        0.14        0.14        0.14        0.14        0.34        0.54        0.60        0.63        0.62        0.50
R1.c-TSEA        0.44 1.747815E-3        0.04        0.04        0.04        0.41        0.49        0.49        0.51        0.17        0.66        0.34        0.62        0.35        0.35        0.35        0.35        0.43        0.51        0.14        0.14        0.14        0.14        0.34        0.54        0.60        0.63        0.62        0.50
R1.c-TAIR        0.44 1.747815E-3        0.04        0.04        0.04        0.41        0.49        0.49        0.51        0.17        0.66        0.34        0.62        0.35        0.35        0.35        0.35        0.43        0.51        0.14        0.14        0.14        0.14        0.34        0.54        0.60        0.63        0.62        0.50
R1.c-COFF        0.44 1.747815E-3        0.04        0.04        0.04        0.41        0.49        0.49        0.51        0.17        0.66        0.34        0.62        0.35        0.35        0.35        0.35        0.43        0.51        0.14        0.14        0.14        0.14        0.34        0.54        0.60        0.63        0.62        0.50
R1.c-CENT        0.44 1.747815E-3        0.04        0.04        0.04        0.41        0.49        0.49        0.51        0.17        0.66        0.34        0.62        0.35        0.35        0.35        0.35        0.43        0.51        0.14        0.14        0.14        0.14        0.34        0.54        0.60        0.63        0.62        0.50
R1.c-FIN         0.44 1.747815E-3        0.04        0.04        0.04        0.41        0.49        0.49        0.51        0.17        0.66        0.34        0.62        0.35        0.35        0.35        0.35        0.43        0.51        0.14        0.14        0.14        0.14        0.34        0.54        0.60        0.63        0.62        0.50
R1.c-CHEA        0.44 1.747815E-3        0.04        0.04        0.04        0.41        0.49        0.49        0.51        0.17        0.66        0.34        0.62        0.35        0.35        0.35        0.35        0.43        0.51        0.14        0.14        0.14        0.14        0.34        0.54        0.60        0.63        0.62        0.50
R2.c-AAGR        0.17        0.06        0.12        0.12        0.12        0.16        0.05        0.05        0.04        0.42        0.11        0.28        0.12        0.16        0.16        0.16        0.16        0.15        0.17        0.06        0.06        0.06        0.06        0.16        0.13        0.11        0.11        0.12        0.12
R2.c-FISH        0.17        0.06        0.12        0.12        0.12        0.16        0.05        0.05        0.04        0.42        0.11        0.28        0.12        0.16        0.16        0.16        0.16        0.15        0.17        0.06        0.06        0.06        0.06        0.16        0.13        0.11        0.11        0.12        0.12
R2.c-COIL        0.17        0.06        0.12        0.12        0.12        0.16        0.05        0.05        0.04        0.42        0.11        0.28        0.12        0.16        0.16        0.16        0.16        0.15        0.17        0.06        0.06        0.06        0.06        0.16        0.13        0.11        0.11        0.12        0.12
R2.c-GASE        0.17        0.06        0.12        0.12        0.12        0.16        0.05        0.05        0.04        0.42        0.11        0.28        0.12        0.16        0.16        0.16        0.16        0.15        0.17        0.06        0.06        0.06        0.06        0.16        0.13        0.11        0.11        0.12        0.12
R2.c-IMIN        0.17        0.06        0.12        0.12        0.12        0.16        0.05        0.05        0.04        0.42        0.11        0.28        0.12        0.16        0.16        0.16        0.16        0.15        0.17        0.06        0.06        0.06        0.06        0.16        0.13        0.11        0.11        0.12        0.12
R2.c-IRES        0.17        0.06        0.12        0.12        0.12        0.16        0.05        0.05        0.04        0.42        0.11        0.28        0.12        0.16        0.16        0.16        0.16        0.15        0.17        0.06        0.06        0.06        0.06        0.16        0.13        0.11        0.11        0.12        0.12
R2.c-REFP        0.17        0.06        0.12        0.12        0.12        0.16        0.05        0.05        0.04        0.42        0.11        0.28        0.12        0.16        0.16        0.16        0.16        0.15        0.17        0.06        0.06        0.06        0.06        0.16        0.13        0.11        0.11        0.12        0.12
R2.c-REFG        0.17        0.06        0.12        0.12        0.12        0.16        0.05        0.05        0.04        0.42        0.11        0.28        0.12        0.16        0.16        0.16        0.16        0.15        0.17        0.06        0.06        0.06        0.06        0.16        0.13        0.11        0.11        0.12        0.12
R2.c-ICHA        0.17        0.06        0.12        0.12        0.12        0.16        0.05        0.05        0.04        0.42        0.11        0.28        0.12        0.16        0.16        0.16        0.16        0.15        0.17        0.06        0.06        0.06        0.06        0.16        0.13        0.11        0.11        0.12        0.12
R2.c-BIO         0.17        0.06        0.12        0.12        0.12        0.16        0.05        0.05        0.04        0.42        0.11        0.28        0.12        0.16        0.16        0.16        0.16        0.15        0.17        0.06        0.06        0.06        0.06        0.16        0.13        0.11        0.11        0.12        0.12
R2.c-IMEA        0.17        0.06        0.12        0.12        0.12        0.16        0.05        0.05        0.04        0.42        0.11        0.28        0.12        0.16        0.16        0.16        0.16        0.15        0.17        0.06        0.06        0.06        0.06        0.16        0.13        0.11        0.11        0.12        0.12
R2.c-COMT        0.17        0.06        0.12        0.12        0.12        0.16        0.05        0.05        0.04        0.42        0.11        0.28        0.12        0.16        0.16        0.16        0.16        0.15        0.17        0.06        0.06        0.06        0.06        0.16        0.13        0.11        0.11        0.12        0.12
R2.c-MVT         0.17        0.06        0.12        0.12        0.12        0.16        0.05        0.05        0.04        0.42        0.11        0.28        0.12        0.16        0.16        0.16        0.16        0.15        0.17        0.06        0.06        0.06        0.06        0.16        0.13        0.11        0.11        0.12        0.12
R2.c-CWSR        0.17        0.06        0.12        0.12        0.12        0.16        0.05        0.05        0.04        0.42        0.11        0.28        0.12        0.16        0.16        0.16        0.16        0.15        0.17        0.06        0.06        0.06        0.06        0.16        0.13        0.11        0.11        0.12        0.12
R2.c-POWF        0.17        0.06        0.12        0.12        0.12        0.16        0.05        0.05        0.04        0.42        0.11        0.28        0.12        0.16        0.16        0.16        0.16        0.15        0.17        0.06        0.06        0.06        0.06        0.16        0.13        0.11        0.11        0.12        0.12
R2.c-POWR        0.17        0.06        0.12        0.12        0.12        0.16        0.05        0.05        0.04        0.42        0.11        0.28        0.12        0.16        0.16        0.16        0.16        0.15        0.17        0.06        0.06        0.06        0.06        0.16        0.13        0.11        0.11        0.12        0.12
R2.c-POWT        0.17        0.06        0.12        0.12        0.12        0.16        0.05        0.05        0.04        0.42        0.11        0.28        0.12        0.16        0.16        0.16        0.16        0.15        0.17        0.06        0.06        0.06        0.06        0.16        0.13        0.11        0.11        0.12        0.12
R2.c-NG          0.17        0.06        0.12        0.12        0.12        0.16        0.05        0.05        0.04        0.42        0.11        0.28        0.12        0.16        0.16        0.16        0.16        0.15        0.17        0.06        0.06        0.06        0.06        0.16        0.13        0.11        0.11        0.12        0.12
R2.c-LTH         0.17        0.06        0.12        0.12        0.12        0.16        0.05        0.05        0.04        0.42        0.11        0.28        0.12        0.16        0.16        0.16        0.16        0.15        0.17        0.06        0.06        0.06        0.06        0.16        0.13        0.11        0.11        0.12        0.12
R2.c-CCON        0.17        0.06        0.12        0.12        0.12        0.16        0.05        0.05        0.04        0.42        0.11        0.28        0.12        0.16        0.16        0.16        0.16        0.15        0.17        0.06        0.06        0.06        0.06        0.16        0.13        0.11        0.11        0.12        0.12
R2.c-TRAI        0.17        0.06        0.12        0.12        0.12        0.16        0.05        0.05        0.04        0.42        0.11        0.28        0.12        0.16        0.16        0.16        0.16        0.15        0.17        0.06        0.06        0.06        0.06        0.16        0.13        0.11        0.11        0.12        0.12
R2.c-TPIP        0.17        0.06        0.12        0.12        0.12        0.16        0.05        0.05        0.04        0.42        0.11        0.28        0.12        0.16        0.16        0.16        0.16        0.15        0.17        0.06        0.06        0.06        0.06        0.16        0.13        0.11        0.11        0.12        0.12
R2.c-TLNL        0.17        0.06        0.12        0.12        0.12        0.16        0.05        0.05        0.04        0.42        0.11        0.28        0.12        0.16        0.16        0.16        0.16        0.15        0.17        0.06        0.06        0.06        0.06        0.16        0.13        0.11        0.11        0.12        0.12
R2.c-TLNH        0.17        0.06        0.12        0.12        0.12        0.16        0.05        0.05        0.04        0.42        0.11        0.28        0.12        0.16        0.16        0.16        0.16        0.15        0.17        0.06        0.06        0.06        0.06        0.16        0.13        0.11        0.11        0.12        0.12
R2.c-TSEA        0.17        0.06        0.12        0.12        0.12        0.16        0.05        0.05        0.04        0.42        0.11        0.28        0.12        0.16        0.16        0.16        0.16        0.15        0.17        0.06        0.06        0.06        0.06        0.16        0.13        0.11        0.11        0.12        0.12
R2.c-TAIR        0.17        0.06        0.12        0.12        0.12        0.16        0.05        0.05        0.04        0.42        0.11        0.28        0.12        0.16        0.16        0.16        0.16        0.15        0.17        0.06        0.06        0.06        0.06        0.16        0.13        0.11        0.11        0.12        0.12
R2.c-COFF        0.17        0.06        0.12        0.12        0.12        0.16        0.05        0.05        0.04        0.42        0.11        0.28        0.12        0.16        0.16        0.16        0.16        0.15        0.17        0.06        0.06        0.06        0.06        0.16        0.13        0.11        0.11        0.12        0.12
R2.c-CENT        0.17        0.06        0.12        0.12        0.12        0.16        0.05        0.05        0.04        0.42        0.11        0.28        0.12        0.16        0.16        0.16        0.16        0.15        0.17        0.06        0.06        0.06        0.06        0.16        0.13        0.11        0.11        0.12        0.12
R2.c-FIN         0.17        0.06        0.12        0.12        0.12        0.16        0.05        0.05        0.04        0.42        0.11        0.28        0.12        0.16        0.16        0.16        0.16        0.15        0.17        0.06        0.06        0.06        0.06        0.16        0.13        0.11        0.11        0.12        0.12
R2.c-CHEA        0.17        0.06        0.12        0.12        0.12        0.16        0.05        0.05        0.04        0.42        0.11        0.28        0.12        0.16        0.16        0.16        0.16        0.15        0.17        0.06        0.06        0.06        0.06        0.16        0.13        0.11        0.11        0.12        0.12
R5.c-AAGR        0.12        0.25        0.81        0.81        0.81        0.16        0.36        0.36        0.35        0.18        0.09        0.14        0.10        0.20        0.20        0.20        0.20        0.16        0.11        0.73        0.73        0.73        0.73        0.27        0.11        0.10        0.10        0.11        0.12
R5.c-FISH        0.12        0.25        0.81        0.81        0.81        0.16        0.36        0.36        0.35        0.18        0.09        0.14        0.10        0.20        0.20        0.20        0.20        0.16        0.11        0.73        0.73        0.73        0.73        0.27        0.11        0.10        0.10        0.11        0.12
R5.c-COIL        0.12        0.25        0.81        0.81        0.81        0.16        0.36        0.36        0.35        0.18        0.09        0.14        0.10        0.20        0.20        0.20        0.20        0.16        0.11        0.73        0.73        0.73        0.73        0.27        0.11        0.10        0.10        0.11        0.12
R5.c-GASE        0.12        0.25        0.81        0.81        0.81        0.16        0.36        0.36        0.35        0.18        0.09        0.14        0.10        0.20        0.20        0.20        0.20        0.16        0.11        0.73        0.73        0.73        0.73        0.27        0.11        0.10        0.10        0.11        0.12
R5.c-IMIN        0.12        0.25        0.81        0.81        0.81        0.16        0.36        0.36        0.35        0.18        0.09        0.14        0.10        0.20        0.20        0.20        0.20        0.16        0.11        0.73        0.73        0.73        0.73        0.27        0.11        0.10        0.10        0.11        0.12
R5.c-IRES        0.12        0.25        0.81        0.81        0.81        0.16        0.36        0.36        0.35        0.18        0.09        0.14        0.10        0.20        0.20        0.20        0.20        0.16        0.11        0.73        0.73        0.73        0.73        0.27        0.11        0.10        0.10        0.11        0.12
R5.c-REFP        0.12        0.25        0.81        0.81        0.81        0.16        0.36        0.36        0.35        0.18        0.09        0.14        0.10        0.20        0.20        0.20        0.20        0.16        0.11        0.73        0.73        0.73        0.73        0.27        0.11        0.10        0.10        0.11        0.12
R5.c-REFG        0.12        0.25        0.81        0.81        0.81        0.16        0.36        0.36        0.35        0.18        0.09        0.14        0.10        0.20        0.20        0.20        0.20        0.16        0.11        0.73        0.73        0.73        0.73        0.27        0.11        0.10        0.10        0.11        0.12
R5.c-ICHA        0.12        0.25        0.81        0.81        0.81        0.16        0.36        0.36        0.35        0.18        0.09        0.14        0.10        0.20        0.20        0.20        0.20        0.16        0.11        0.73        0.73        0.73        0.73        0.27        0.11        0.10        0.10        0.11        0.12
R5.c-BIO         0.12        0.25        0.81        0.81        0.81        0.16        0.36        0.36        0.35        0.18        0.09        0.14        0.10        0.20        0.20        0.20        0.20        0.16        0.11        0.73        0.73        0.73        0.73        0.27        0.11        0.10        0.10        0.11        0.12
R5.c-IMEA        0.12        0.25        0.81        0.81        0.81        0.16        0.36        0.36        0.35        0.18        0.09        0.14        0.10        0.20        0.20        0.20        0.20        0.16        0.11        0.73        0.73        0.73        0.73        0.27        0.11        0.10        0.10        0.11        0.12
R5.c-COMT        0.12        0.25        0.81        0.81        0.81        0.16        0.36        0.36        0.35        0.18        0.09        0.14        0.10        0.20        0.20        0.20        0.20        0.16        0.11        0.73        0.73        0.73        0.73        0.27        0.11        0.10        0.10        0.11        0.12
R5.c-MVT         0.12        0.25        0.81        0.81        0.81        0.16        0.36        0.36        0.35        0.18        0.09        0.14        0.10        0.20        0.20        0.20        0.20        0.16        0.11        0.73        0.73        0.73        0.73        0.27        0.11        0.10        0.10        0.11        0.12
R5.c-CWSR        0.12        0.25        0.81        0.81        0.81        0.16        0.36        0.36        0.35        0.18        0.09        0.14        0.10        0.20        0.20        0.20        0.20        0.16        0.11        0.73        0.73        0.73        0.73        0.27        0.11        0.10        0.10        0.11        0.12
R5.c-POWF        0.12        0.25        0.81        0.81        0.81        0.16        0.36        0.36        0.35        0.18        0.09        0.14        0.10        0.20        0.20        0.20        0.20        0.16        0.11        0.73        0.73        0.73        0.73        0.27        0.11        0.10        0.10        0.11        0.12
R5.c-POWR        0.12        0.25        0.81        0.81        0.81        0.16        0.36        0.36        0.35        0.18        0.09        0.14        0.10        0.20        0.20        0.20        0.20        0.16        0.11        0.73        0.73        0.73        0.73        0.27        0.11        0.10        0.10        0.11        0.12
R5.c-POWT        0.12        0.25        0.81        0.81        0.81        0.16        0.36        0.36        0.35        0.18        0.09        0.14        0.10        0.20        0.20        0.20        0.20        0.16        0.11        0.73        0.73        0.73        0.73        0.27        0.11        0.10        0.10        0.11        0.12
R5.c-NG          0.12        0.25        0.81        0.81        0.81        0.16        0.36        0.36        0.35        0.18        0.09        0.14        0.10        0.20        0.20        0.20        0.20        0.16        0.11        0.73        0.73        0.73        0.73        0.27        0.11        0.10        0.10        0.11        0.12
R5.c-LTH         0.12        0.25        0.81        0.81        0.81        0.16        0.36        0.36        0.35        0.18        0.09        0.14        0.10        0.20        0.20        0.20        0.20        0.16        0.11        0.73        0.73        0.73        0.73        0.27        0.11        0.10        0.10        0.11        0.12
R5.c-CCON        0.12        0.25        0.81        0.81        0.81        0.16        0.36        0.36        0.35        0.18        0.09        0.14        0.10        0.20        0.20        0.20        0.20        0.16        0.11        0.73        0.73        0.73        0.73        0.27        0.11        0.10        0.10        0.11        0.12
R5.c-TRAI        0.12        0.25        0.81        0.81        0.81        0.16        0.36        0.36        0.35        0.18        0.09        0.14        0.10        0.20        0.20        0.20        0.20        0.16        0.11        0.73        0.73        0.73        0.73        0.27        0.11        0.10        0.10        0.11        0.12
R5.c-TPIP        0.12        0.25        0.81        0.81        0.81        0.16        0.36        0.36        0.35        0.18        0.09        0.14        0.10        0.20        0.20        0.20        0.20        0.16        0.11        0.73        0.73        0.73        0.73        0.27        0.11        0.10        0.10        0.11        0.12
R5.c-TLNL        0.12        0.25        0.81        0.81        0.81        0.16        0.36        0.36        0.35        0.18        0.09        0.14        0.10        0.20        0.20        0.20        0.20        0.16        0.11        0.73        0.73        0.73        0.73        0.27        0.11        0.10        0.10        0.11        0.12
R5.c-TLNH        0.12        0.25        0.81        0.81        0.81        0.16        0.36        0.36        0.35        0.18        0.09        0.14        0.10        0.20        0.20        0.20        0.20        0.16        0.11        0.73        0.73        0.73        0.73        0.27        0.11        0.10        0.10        0.11        0.12
R5.c-TSEA        0.12        0.25        0.81        0.81        0.81        0.16        0.36        0.36        0.35        0.18        0.09        0.14        0.10        0.20        0.20        0.20        0.20        0.16        0.11        0.73        0.73        0.73        0.73        0.27        0.11        0.10        0.10        0.11        0.12
R5.c-TAIR        0.12        0.25        0.81        0.81        0.81        0.16        0.36        0.36        0.35        0.18        0.09        0.14        0.10        0.20        0.20        0.20        0.20        0.16        0.11        0.73        0.73        0.73        0.73        0.27        0.11        0.10        0.10        0.11        0.12
R5.c-COFF        0.12        0.25        0.81        0.81        0.81        0.16        0.36        0.36        0.35        0.18        0.09        0.14        0.10        0.20        0.20        0.20        0.20        0.16        0.11        0.73        0.73        0.73        0.73        0.27        0.11        0.10        0.10        0.11        0.12
R5.c-CENT        0.12        0.25        0.81        0.81        0.81        0.16        0.36        0.36        0.35        0.18        0.09        0.14        0.10        0.20        0.20        0.20        0.20        0.16        0.11        0.73        0.73        0.73        0.73        0.27        0.11        0.10        0.10        0.11        0.12
R5.c-FIN         0.12        0.25        0.81        0.81        0.81        0.16        0.36        0.36        0.35        0.18        0.09        0.14        0.10        0.20        0.20        0.20        0.20        0.16        0.11        0.73        0.73        0.73        0.73        0.27        0.11        0.10        0.10        0.11        0.12
R5.c-CHEA        0.12        0.25        0.81        0.81        0.81        0.16        0.36        0.36        0.35        0.18        0.09        0.14        0.10        0.20        0.20        0.20        0.20        0.16        0.11        0.73        0.73        0.73        0.73        0.27        0.11        0.10        0.10        0.11        0.12
R3.c-AAGR        0.19        0.31        0.02        0.02        0.02        0.14        0.06        0.06        0.06        0.13        0.09        0.21        0.10        0.14        0.14        0.14        0.14        0.13        0.13        0.04        0.04        0.04        0.04        0.10        0.14        0.11        0.10        0.10        0.13
R3.c-FISH        0.19        0.31        0.02        0.02        0.02        0.14        0.06        0.06        0.06        0.13        0.09        0.21        0.10        0.14        0.14        0.14        0.14        0.13        0.13        0.04        0.04        0.04        0.04        0.10        0.14        0.11        0.10        0.10        0.13
R3.c-COIL        0.19        0.31        0.02        0.02        0.02        0.14        0.06        0.06        0.06        0.13        0.09        0.21        0.10        0.14        0.14        0.14        0.14        0.13        0.13        0.04        0.04        0.04        0.04        0.10        0.14        0.11        0.10        0.10        0.13
R3.c-GASE        0.19        0.31        0.02        0.02        0.02        0.14        0.06        0.06        0.06        0.13        0.09        0.21        0.10        0.14        0.14        0.14        0.14        0.13        0.13        0.04        0.04        0.04        0.04        0.10        0.14        0.11        0.10        0.10        0.13
R3.c-IMIN        0.19        0.31        0.02        0.02        0.02        0.14        0.06        0.06        0.06        0.13        0.09        0.21        0.10        0.14        0.14        0.14        0.14        0.13        0.13        0.04        0.04        0.04        0.04        0.10        0.14        0.11        0.10        0.10        0.13
R3.c-IRES        0.19        0.31        0.02        0.02        0.02        0.14        0.06        0.06        0.06        0.13        0.09        0.21        0.10        0.14        0.14        0.14        0.14        0.13        0.13        0.04        0.04        0.04        0.04        0.10        0.14        0.11        0.10        0.10        0.13
R3.c-REFP        0.19        0.31        0.02        0.02        0.02        0.14        0.06        0.06        0.06        0.13        0.09        0.21        0.10        0.14        0.14        0.14        0.14        0.13        0.13        0.04        0.04        0.04        0.04        0.10        0.14        0.11        0.10        0.10        0.13
R3.c-REFG        0.19        0.31        0.02        0.02        0.02        0.14        0.06        0.06        0.06        0.13        0.09        0.21        0.10        0.14        0.14        0.14        0.14        0.13        0.13        0.04        0.04        0.04        0.04        0.10        0.14        0.11        0.10        0.10        0.13
R3.c-ICHA        0.19        0.31        0.02        0.02        0.02        0.14        0.06        0.06        0.06        0.13        0.09        0.21        0.10        0.14        0.14        0.14        0.14        0.13        0.13        0.04        0.04        0.04        0.04        0.10        0.14        0.11        0.10        0.10        0.13
R3.c-BIO         0.19        0.31        0.02        0.02        0.02        0.14        0.06        0.06        0.06        0.13        0.09        0.21        0.10        0.14        0.14        0.14        0.14        0.13        0.13        0.04        0.04        0.04        0.04        0.10        0.14        0.11        0.10        0.10        0.13
R3.c-IMEA        0.19        0.31        0.02        0.02        0.02        0.14        0.06        0.06        0.06        0.13        0.09        0.21        0.10        0.14        0.14        0.14        0.14        0.13        0.13        0.04        0.04        0.04        0.04        0.10        0.14        0.11        0.10        0.10        0.13
R3.c-COMT        0.19        0.31        0.02        0.02        0.02        0.14        0.06        0.06        0.06        0.13        0.09        0.21        0.10        0.14        0.14        0.14        0.14        0.13        0.13        0.04        0.04        0.04        0.04        0.10        0.14        0.11        0.10        0.10        0.13
R3.c-MVT         0.19        0.31        0.02        0.02        0.02        0.14        0.06        0.06        0.06        0.13        0.09        0.21        0.10        0.14        0.14        0.14        0.14        0.13        0.13        0.04        0.04        0.04        0.04        0.10        0.14        0.11        0.10        0.10        0.13
R3.c-CWSR        0.19        0.31        0.02        0.02        0.02        0.14        0.06        0.06        0.06        0.13        0.09        0.21        0.10        0.14        0.14        0.14        0.14        0.13        0.13        0.04        0.04        0.04        0.04        0.10        0.14        0.11        0.10        0.10        0.13
R3.c-POWF        0.19        0.31        0.02        0.02        0.02        0.14        0.06        0.06        0.06        0.13        0.09        0.21        0.10        0.14        0.14        0.14        0.14        0.13        0.13        0.04        0.04        0.04        0.04        0.10        0.14        0.11        0.10        0.10        0.13
R3.c-POWR        0.19        0.31        0.02        0.02        0.02        0.14        0.06        0.06        0.06        0.13        0.09        0.21        0.10        0.14        0.14        0.14        0.14        0.13        0.13        0.04        0.04        0.04        0.04        0.10        0.14        0.11        0.10        0.10        0.13
R3.c-POWT        0.19        0.31        0.02        0.02        0.02        0.14        0.06        0.06        0.06        0.13        0.09        0.21        0.10        0.14        0.14        0.14        0.14        0.13        0.13        0.04        0.04        0.04        0.04        0.10        0.14        0.11        0.10        0.10        0.13
R3.c-NG          0.19        0.31        0.02        0.02        0.02        0.14        0.06        0.06        0.06        0.13        0.09        0.21        0.10        0.14        0.14        0.14        0.14        0.13        0.13        0.04        0.04        0.04        0.04        0.10        0.14        0.11        0.10        0.10        0.13
R3.c-LTH         0.19        0.31        0.02        0.02        0.02        0.14        0.06        0.06        0.06        0.13        0.09        0.21        0.10        0.14        0.14        0.14        0.14        0.13        0.13        0.04        0.04        0.04        0.04        0.10        0.14        0.11        0.10        0.10        0.13
R3.c-CCON        0.19        0.31        0.02        0.02        0.02        0.14        0.06        0.06        0.06        0.13        0.09        0.21        0.10        0.14        0.14        0.14        0.14        0.13        0.13        0.04        0.04        0.04        0.04        0.10        0.14        0.11        0.10        0.10        0.13
R3.c-TRAI        0.19        0.31        0.02        0.02        0.02        0.14        0.06        0.06        0.06        0.13        0.09        0.21        0.10        0.14        0.14        0.14        0.14        0.13        0.13        0.04        0.04        0.04        0.04        0.10        0.14        0.11        0.10        0.10        0.13
R3.c-TPIP        0.19        0.31        0.02        0.02        0.02        0.14        0.06        0.06        0.06        0.13        0.09        0.21        0.10        0.14        0.14        0.14        0.14        0.13        0.13        0.04        0.04        0.04        0.04        0.10        0.14        0.11        0.10        0.10        0.13
R3.c-TLNL        0.19        0.31        0.02        0.02        0.02        0.14        0.06        0.06        0.06        0.13        0.09        0.21        0.10        0.14        0.14        0.14        0.14        0.13        0.13        0.04        0.04        0.04        0.04        0.10        0.14        0.11        0.10        0.10        0.13
R3.c-TLNH        0.19        0.31        0.02        0.02        0.02        0.14        0.06        0.06        0.06        0.13        0.09        0.21        0.10        0.14        0.14        0.14        0.14        0.13        0.13        0.04        0.04        0.04        0.04        0.10        0.14        0.11        0.10        0.10        0.13
R3.c-TSEA        0.19        0.31        0.02        0.02        0.02        0.14        0.06        0.06        0.06        0.13        0.09        0.21        0.10        0.14        0.14        0.14        0.14        0.13        0.13        0.04        0.04        0.04        0.04        0.10        0.14        0.11        0.10        0.10        0.13
R3.c-TAIR        0.19        0.31        0.02        0.02        0.02        0.14        0.06        0.06        0.06        0.13        0.09        0.21        0.10        0.14        0.14        0.14        0.14        0.13        0.13        0.04        0.04        0.04        0.04        0.10        0.14        0.11        0.10        0.10        0.13
R3.c-COFF        0.19        0.31        0.02        0.02        0.02        0.14        0.06        0.06        0.06        0.13        0.09        0.21        0.10        0.14        0.14        0.14        0.14        0.13        0.13        0.04        0.04        0.04        0.04        0.10        0.14        0.11        0.10        0.10        0.13
R3.c-CENT        0.19        0.31        0.02        0.02        0.02        0.14        0.06        0.06        0.06        0.13        0.09        0.21        0.10        0.14        0.14        0.14        0.14        0.13        0.13        0.04        0.04        0.04        0.04        0.10        0.14        0.11        0.10        0.10        0.13
R3.c-FIN         0.19        0.31        0.02        0.02        0.02        0.14        0.06        0.06        0.06        0.13        0.09        0.21        0.10        0.14        0.14        0.14        0.14        0.13        0.13        0.04        0.04        0.04        0.04        0.10        0.14        0.11        0.10        0.10        0.13
R3.c-CHEA        0.19        0.31        0.02        0.02        0.02        0.14        0.06        0.06        0.06        0.13        0.09        0.21        0.10        0.14        0.14        0.14        0.14        0.13        0.13        0.04        0.04        0.04        0.04        0.10        0.14        0.11        0.10        0.10        0.13
R6.c-AAGR        0.05        0.19        0.01        0.01        0.01        0.08        0.04        0.04        0.04        0.09        0.03        0.01        0.03        0.11        0.11        0.11        0.11        0.08        0.04        0.01        0.01        0.01        0.01        0.08        0.05        0.03        0.03        0.02        0.06
R6.c-FISH        0.05        0.19        0.01        0.01        0.01        0.08        0.04        0.04        0.04        0.09        0.03        0.01        0.03        0.11        0.11        0.11        0.11        0.08        0.04        0.01        0.01        0.01        0.01        0.08        0.05        0.03        0.03        0.02        0.06
R6.c-COIL        0.05        0.19        0.01        0.01        0.01        0.08        0.04        0.04        0.04        0.09        0.03        0.01        0.03        0.11        0.11        0.11        0.11        0.08        0.04        0.01        0.01        0.01        0.01        0.08        0.05        0.03        0.03        0.02        0.06
R6.c-GASE        0.05        0.19        0.01        0.01        0.01        0.08        0.04        0.04        0.04        0.09        0.03        0.01        0.03        0.11        0.11        0.11        0.11        0.08        0.04        0.01        0.01        0.01        0.01        0.08        0.05        0.03        0.03        0.02        0.06
R6.c-IMIN        0.05        0.19        0.01        0.01        0.01        0.08        0.04        0.04        0.04        0.09        0.03        0.01        0.03        0.11        0.11        0.11        0.11        0.08        0.04        0.01        0.01        0.01        0.01        0.08        0.05        0.03        0.03        0.02        0.06
R6.c-IRES        0.05        0.19        0.01        0.01        0.01        0.08        0.04        0.04        0.04        0.09        0.03        0.01        0.03        0.11        0.11        0.11        0.11        0.08        0.04        0.01        0.01        0.01        0.01        0.08        0.05        0.03        0.03        0.02        0.06
R6.c-REFP        0.05        0.19        0.01        0.01        0.01        0.08        0.04        0.04        0.04        0.09        0.03        0.01        0.03        0.11        0.11        0.11        0.11        0.08        0.04        0.01        0.01        0.01        0.01        0.08        0.05        0.03        0.03        0.02        0.06
R6.c-REFG        0.05        0.19        0.01        0.01        0.01        0.08        0.04        0.04        0.04        0.09        0.03        0.01        0.03        0.11        0.11        0.11        0.11        0.08        0.04        0.01        0.01        0.01        0.01        0.08        0.05        0.03        0.03        0.02        0.06
R6.c-ICHA        0.05        0.19        0.01        0.01        0.01        0.08        0.04        0.04        0.04        0.09        0.03        0.01        0.03        0.11        0.11        0.11        0.11        0.08        0.04        0.01        0.01        0.01        0.01        0.08        0.05        0.03        0.03        0.02        0.06
R6.c-BIO         0.05        0.19        0.01        0.01        0.01        0.08        0.04        0.04        0.04        0.09        0.03        0.01        0.03        0.11        0.11        0.11        0.11        0.08        0.04        0.01        0.01        0.01        0.01        0.08        0.05        0.03        0.03        0.02        0.06
R6.c-IMEA        0.05        0.19        0.01        0.01        0.01        0.08        0.04        0.04        0.04        0.09        0.03        0.01        0.03        0.11        0.11        0.11        0.11        0.08        0.04        0.01        0.01        0.01        0.01        0.08        0.05        0.03        0.03        0.02        0.06
R6.c-COMT        0.05        0.19        0.01        0.01        0.01        0.08        0.04        0.04        0.04        0.09        0.03        0.01        0.03        0.11        0.11        0.11        0.11        0.08        0.04        0.01        0.01        0.01        0.01        0.08        0.05        0.03        0.03        0.02        0.06
R6.c-MVT         0.05        0.19        0.01        0.01        0.01        0.08        0.04        0.04        0.04        0.09        0.03        0.01        0.03        0.11        0.11        0.11        0.11        0.08        0.04        0.01        0.01        0.01        0.01        0.08        0.05        0.03        0.03        0.02        0.06
R6.c-CWSR        0.05        0.19        0.01        0.01        0.01        0.08        0.04        0.04        0.04        0.09        0.03        0.01        0.03        0.11        0.11        0.11        0.11        0.08        0.04        0.01        0.01        0.01        0.01        0.08        0.05        0.03        0.03        0.02        0.06
R6.c-POWF        0.05        0.19        0.01        0.01        0.01        0.08        0.04        0.04        0.04        0.09        0.03        0.01        0.03        0.11        0.11        0.11        0.11        0.08        0.04        0.01        0.01        0.01        0.01        0.08        0.05        0.03        0.03        0.02        0.06
R6.c-POWR        0.05        0.19        0.01        0.01        0.01        0.08        0.04        0.04        0.04        0.09        0.03        0.01        0.03        0.11        0.11        0.11        0.11        0.08        0.04        0.01        0.01        0.01        0.01        0.08        0.05        0.03        0.03        0.02        0.06
R6.c-POWT        0.05        0.19        0.01        0.01        0.01        0.08        0.04        0.04        0.04        0.09        0.03        0.01        0.03        0.11        0.11        0.11        0.11        0.08        0.04        0.01        0.01        0.01        0.01        0.08        0.05        0.03        0.03        0.02        0.06
R6.c-NG          0.05        0.19        0.01        0.01        0.01        0.08        0.04        0.04        0.04        0.09        0.03        0.01        0.03        0.11        0.11        0.11        0.11        0.08        0.04        0.01        0.01        0.01        0.01        0.08        0.05        0.03        0.03        0.02        0.06
R6.c-LTH         0.05        0.19        0.01        0.01        0.01        0.08        0.04        0.04        0.04        0.09        0.03        0.01        0.03        0.11        0.11        0.11        0.11        0.08        0.04        0.01        0.01        0.01        0.01        0.08        0.05        0.03        0.03        0.02        0.06
R6.c-CCON        0.05        0.19        0.01        0.01        0.01        0.08        0.04        0.04        0.04        0.09        0.03        0.01        0.03        0.11        0.11        0.11        0.11        0.08        0.04        0.01        0.01        0.01        0.01        0.08        0.05        0.03        0.03        0.02        0.06
R6.c-TRAI        0.05        0.19        0.01        0.01        0.01        0.08        0.04        0.04        0.04        0.09        0.03        0.01        0.03        0.11        0.11        0.11        0.11        0.08        0.04        0.01        0.01        0.01        0.01        0.08        0.05        0.03        0.03        0.02        0.06
R6.c-TPIP        0.05        0.19        0.01        0.01        0.01        0.08        0.04        0.04        0.04        0.09        0.03        0.01        0.03        0.11        0.11        0.11        0.11        0.08        0.04        0.01        0.01        0.01        0.01        0.08        0.05        0.03        0.03        0.02        0.06
R6.c-TLNL        0.05        0.19        0.01        0.01        0.01        0.08        0.04        0.04        0.04        0.09        0.03        0.01        0.03        0.11        0.11        0.11        0.11        0.08        0.04        0.01        0.01        0.01        0.01        0.08        0.05        0.03        0.03        0.02        0.06
R6.c-TLNH        0.05        0.19        0.01        0.01        0.01        0.08        0.04        0.04        0.04        0.09        0.03        0.01        0.03        0.11        0.11        0.11        0.11        0.08        0.04        0.01        0.01        0.01        0.01        0.08        0.05        0.03        0.03        0.02        0.06
R6.c-TSEA        0.05        0.19        0.01        0.01        0.01        0.08        0.04        0.04        0.04        0.09        0.03        0.01        0.03        0.11        0.11        0.11        0.11        0.08        0.04        0.01        0.01        0.01        0.01        0.08        0.05        0.03        0.03        0.02        0.06
R6.c-TAIR        0.05        0.19        0.01        0.01        0.01        0.08        0.04        0.04        0.04        0.09        0.03        0.01        0.03        0.11        0.11        0.11        0.11        0.08        0.04        0.01        0.01        0.01        0.01        0.08        0.05        0.03        0.03        0.02        0.06
R6.c-COFF        0.05        0.19        0.01        0.01        0.01        0.08        0.04        0.04        0.04        0.09        0.03        0.01        0.03        0.11        0.11        0.11        0.11        0.08        0.04        0.01        0.01        0.01        0.01        0.08        0.05        0.03        0.03        0.02        0.06
R6.c-CENT        0.05        0.19        0.01        0.01        0.01        0.08        0.04        0.04        0.04        0.09        0.03        0.01        0.03        0.11        0.11        0.11        0.11        0.08        0.04        0.01        0.01        0.01        0.01        0.08        0.05        0.03        0.03        0.02        0.06
R6.c-FIN         0.05        0.19        0.01        0.01        0.01        0.08        0.04        0.04        0.04        0.09        0.03        0.01        0.03        0.11        0.11        0.11        0.11        0.08        0.04        0.01        0.01        0.01        0.01        0.08        0.05        0.03        0.03        0.02        0.06
R6.c-CHEA        0.05        0.19        0.01        0.01        0.01        0.08        0.04        0.04        0.04        0.09        0.03        0.01        0.03        0.11        0.11        0.11        0.11        0.08        0.04        0.01        0.01        0.01        0.01        0.08        0.05        0.03        0.03        0.02        0.06
R4.c-AAGR        0.03        0.18        0.01        0.01        0.01        0.04 7.389310E-4 7.389310E-4 1.381445E-3        0.01        0.02        0.01        0.03        0.05        0.05        0.05        0.05        0.05        0.04        0.01        0.01        0.01        0.01        0.05        0.05        0.04        0.03        0.03        0.06
R4.c-FISH        0.03        0.18        0.01        0.01        0.01        0.04 7.389310E-4 7.389310E-4 1.381445E-3        0.01        0.02        0.01        0.03        0.05        0.05        0.05        0.05        0.05        0.04        0.01        0.01        0.01        0.01        0.05        0.05        0.04        0.03        0.03        0.06
R4.c-COIL        0.03        0.18        0.01        0.01        0.01        0.04 7.389310E-4 7.389310E-4 1.381445E-3        0.01        0.02        0.01        0.03        0.05        0.05        0.05        0.05        0.05        0.04        0.01        0.01        0.01        0.01        0.05        0.05        0.04        0.03        0.03        0.06
R4.c-GASE        0.03        0.18        0.01        0.01        0.01        0.04 7.389310E-4 7.389310E-4 1.381445E-3        0.01        0.02        0.01        0.03        0.05        0.05        0.05        0.05        0.05        0.04        0.01        0.01        0.01        0.01        0.05        0.05        0.04        0.03        0.03        0.06
R4.c-IMIN        0.03        0.18        0.01        0.01        0.01        0.04 7.389310E-4 7.389310E-4 1.381445E-3        0.01        0.02        0.01        0.03        0.05        0.05        0.05        0.05        0.05        0.04        0.01        0.01        0.01        0.01        0.05        0.05        0.04        0.03        0.03        0.06
R4.c-IRES        0.03        0.18        0.01        0.01        0.01        0.04 7.389310E-4 7.389310E-4 1.381445E-3        0.01        0.02        0.01        0.03        0.05        0.05        0.05        0.05        0.05        0.04        0.01        0.01        0.01        0.01        0.05        0.05        0.04        0.03        0.03        0.06
R4.c-REFP        0.03        0.18        0.01        0.01        0.01        0.04 7.389310E-4 7.389310E-4 1.381445E-3        0.01        0.02        0.01        0.03        0.05        0.05        0.05        0.05        0.05        0.04        0.01        0.01        0.01        0.01        0.05        0.05        0.04        0.03        0.03        0.06
R4.c-REFG        0.03        0.18        0.01        0.01        0.01        0.04 7.389310E-4 7.389310E-4 1.381445E-3        0.01        0.02        0.01        0.03        0.05        0.05        0.05        0.05        0.05        0.04        0.01        0.01        0.01        0.01        0.05        0.05        0.04        0.03        0.03        0.06
R4.c-ICHA        0.03        0.18        0.01        0.01        0.01        0.04 7.389310E-4 7.389310E-4 1.381445E-3        0.01        0.02        0.01        0.03        0.05        0.05        0.05        0.05        0.05        0.04        0.01        0.01        0.01        0.01        0.05        0.05        0.04        0.03        0.03        0.06
R4.c-BIO         0.03        0.18        0.01        0.01        0.01        0.04 7.389310E-4 7.389310E-4 1.381445E-3        0.01        0.02        0.01        0.03        0.05        0.05        0.05        0.05        0.05        0.04        0.01        0.01        0.01        0.01        0.05        0.05        0.04        0.03        0.03        0.06
R4.c-IMEA        0.03        0.18        0.01        0.01        0.01        0.04 7.389310E-4 7.389310E-4 1.381445E-3        0.01        0.02        0.01        0.03        0.05        0.05        0.05        0.05        0.05        0.04        0.01        0.01        0.01        0.01        0.05        0.05        0.04        0.03        0.03        0.06
R4.c-COMT        0.03        0.18        0.01        0.01        0.01        0.04 7.389310E-4 7.389310E-4 1.381445E-3        0.01        0.02        0.01        0.03        0.05        0.05        0.05        0.05        0.05        0.04        0.01        0.01        0.01        0.01        0.05        0.05        0.04        0.03        0.03        0.06
R4.c-MVT         0.03        0.18        0.01        0.01        0.01        0.04 7.389310E-4 7.389310E-4 1.381445E-3        0.01        0.02        0.01        0.03        0.05        0.05        0.05        0.05        0.05        0.04        0.01        0.01        0.01        0.01        0.05        0.05        0.04        0.03        0.03        0.06
R4.c-CWSR        0.03        0.18        0.01        0.01        0.01        0.04 7.389310E-4 7.389310E-4 1.381445E-3        0.01        0.02        0.01        0.03        0.05        0.05        0.05        0.05        0.05        0.04        0.01        0.01        0.01        0.01        0.05        0.05        0.04        0.03        0.03        0.06
R4.c-POWF        0.03        0.18        0.01        0.01        0.01        0.04 7.389310E-4 7.389310E-4 1.381445E-3        0.01        0.02        0.01        0.03        0.05        0.05        0.05        0.05        0.05        0.04        0.01        0.01        0.01        0.01        0.05        0.05        0.04        0.03        0.03        0.06
R4.c-POWR        0.03        0.18        0.01        0.01        0.01        0.04 7.389310E-4 7.389310E-4 1.381445E-3        0.01        0.02        0.01        0.03        0.05        0.05        0.05        0.05        0.05        0.04        0.01        0.01        0.01        0.01        0.05        0.05        0.04        0.03        0.03        0.06
R4.c-POWT        0.03        0.18        0.01        0.01        0.01        0.04 7.389310E-4 7.389310E-4 1.381445E-3        0.01        0.02        0.01        0.03        0.05        0.05        0.05        0.05        0.05        0.04        0.01        0.01        0.01        0.01        0.05        0.05        0.04        0.03        0.03        0.06
R4.c-NG          0.03        0.18        0.01        0.01        0.01        0.04 7.389310E-4 7.389310E-4 1.381445E-3        0.01        0.02        0.01        0.03        0.05        0.05        0.05        0.05        0.05        0.04        0.01        0.01        0.01        0.01        0.05        0.05        0.04        0.03        0.03        0.06
R4.c-LTH         0.03        0.18        0.01        0.01        0.01        0.04 7.389310E-4 7.389310E-4 1.381445E-3        0.01        0.02        0.01        0.03        0.05        0.05        0.05        0.05        0.05        0.04        0.01        0.01        0.01        0.01        0.05        0.05        0.04        0.03        0.03        0.06
R4.c-CCON        0.03        0.18        0.01        0.01        0.01        0.04 7.389310E-4 7.389310E-4 1.381445E-3        0.01        0.02        0.01        0.03        0.05        0.05        0.05        0.05        0.05        0.04        0.01        0.01        0.01        0.01        0.05        0.05        0.04        0.03        0.03        0.06
R4.c-TRAI        0.03        0.18        0.01        0.01        0.01        0.04 7.389310E-4 7.389310E-4 1.381445E-3        0.01        0.02        0.01        0.03        0.05        0.05        0.05        0.05        0.05        0.04        0.01        0.01        0.01        0.01        0.05        0.05        0.04        0.03        0.03        0.06
R4.c-TPIP        0.03        0.18        0.01        0.01        0.01        0.04 7.389310E-4 7.389310E-4 1.381445E-3        0.01        0.02        0.01        0.03        0.05        0.05        0.05        0.05        0.05        0.04        0.01        0.01        0.01        0.01        0.05        0.05        0.04        0.03        0.03        0.06
R4.c-TLNL        0.03        0.18        0.01        0.01        0.01        0.04 7.389310E-4 7.389310E-4 1.381445E-3        0.01        0.02        0.01        0.03        0.05        0.05        0.05        0.05        0.05        0.04        0.01        0.01        0.01        0.01        0.05        0.05        0.04        0.03        0.03        0.06
R4.c-TLNH        0.03        0.18        0.01        0.01        0.01        0.04 7.389310E-4 7.389310E-4 1.381445E-3        0.01        0.02        0.01        0.03        0.05        0.05        0.05        0.05        0.05        0.04        0.01        0.01        0.01        0.01        0.05        0.05        0.04        0.03        0.03        0.06
R4.c-TSEA        0.03        0.18        0.01        0.01        0.01        0.04 7.389310E-4 7.389310E-4 1.381445E-3        0.01        0.02        0.01        0.03        0.05        0.05        0.05        0.05        0.05        0.04        0.01        0.01        0.01        0.01        0.05        0.05        0.04        0.03        0.03        0.06
R4.c-TAIR        0.03        0.18        0.01        0.01        0.01        0.04 7.389310E-4 7.389310E-4 1.381445E-3        0.01        0.02        0.01        0.03        0.05        0.05        0.05        0.05        0.05        0.04        0.01        0.01        0.01        0.01        0.05        0.05        0.04        0.03        0.03        0.06
R4.c-COFF        0.03        0.18        0.01        0.01        0.01        0.04 7.389310E-4 7.389310E-4 1.381445E-3        0.01        0.02        0.01        0.03        0.05        0.05        0.05        0.05        0.05        0.04        0.01        0.01        0.01        0.01        0.05        0.05        0.04        0.03        0.03        0.06
R4.c-CENT        0.03        0.18        0.01        0.01        0.01        0.04 7.389310E-4 7.389310E-4 1.381445E-3        0.01        0.02        0.01        0.03        0.05        0.05        0.05        0.05        0.05        0.04        0.01        0.01        0.01        0.01        0.05        0.05        0.04        0.03        0.03        0.06
R4.c-FIN         0.03        0.18        0.01        0.01        0.01        0.04 7.389310E-4 7.389310E-4 1.381445E-3        0.01        0.02        0.01        0.03        0.05        0.05        0.05        0.05        0.05        0.04        0.01        0.01        0.01        0.01        0.05        0.05        0.04        0.03        0.03        0.06
R4.c-CHEA        0.03        0.18        0.01        0.01        0.01        0.04 7.389310E-4 7.389310E-4 1.381445E-3        0.01        0.02        0.01        0.03        0.05        0.05        0.05        0.05        0.05        0.04        0.01        0.01        0.01        0.01        0.05        0.05        0.04        0.03        0.03        0.06


----    807 PARAMETER UGFN  

              HOUS        GOVT         INV      STOCKS       tmarg         ROW

c-AAGR   318975.00                 4359.64   -11252.34                71478.00
c-FISH     2378.00                   41.00    -3088.39                63254.00
c-COIL      197.11                16756.76     4283.11               144254.00
c-GASE      412.43                35061.58     8961.91               301834.85
c-IMIN       51.46                 4374.66     1118.18                37660.16
c-IRES    96672.00     6766.00    84475.83   -17341.02                70718.00
c-REFP    14161.43                             4704.81                21225.62
c-REFG    16684.57                             5543.07                25007.38
c-ICHA    33819.19    11247.00      726.83     8649.07                58379.14
c-BIO       221.81                    8.17      133.81                  458.86
c-IMEA     6428.00                17791.64   -10914.02                80037.00
c-COMT    75495.00      585.00    82685.49     -219.53                50537.00
c-MVT    118721.00     1869.00   113457.27     2423.64   108398.00    29898.00
c-CWSR       73.00                15278.18     3539.53   390100.00    16867.00
c-POWF      699.05                               -5.85                   63.89
c-POWR    15442.20                             -129.15                 1411.29
c-POWT    33106.71                             -276.89                 3025.68
c-NG        551.10                               -4.61                   50.37
c-LTH      7441.95     1236.00                  -73.31                   78.77
c-CCON     1432.00      262.00   396457.88    73142.21                 1978.00
c-TRAI     2960.41      872.79                -1727.47     1417.28     3064.72
c-TPIP     2573.64      758.76                -1501.78     1232.12     2664.32
c-TLNL     2247.79      662.69                -1311.64     1076.12     2326.99
c-TLNH     8991.16     2650.77                -5246.55     4304.48     9307.97
c-TSEA    10082.00                 2725.00    -1745.32               121403.00
c-TAIR    17156.00                 2003.00      -77.50                18456.00
c-COFF   180892.00   298851.00   129322.31    57340.75                60476.00
c-CENT   117444.00    11575.00     5524.27    -5278.58                 2774.00
c-FIN    316117.00      888.00    45553.48    -3272.13                39353.00
c-CHEA   104700.00   528767.00     1552.01     -636.03                 2317.00


----    833 PARAMETER TRANSFZ  govermental transfers to households

                      ( ALL        0.00 )


----    847 PARAMETER EROWZ  initial exports to RoW

        c-AAGR      c-FISH      c-COIL      c-GASE      c-IMIN      c-IRES      c-REFP      c-REFG      c-ICHA       c-BIO      c-IMEA      c-COMT       c-MVT      c-CWSR      c-POWF      c-POWR      c-POWT        c-NG       c-LTH      c-CCON      c-TRAI      c-TPIP      c-TLNL      c-TLNH      c-TSEA      c-TAIR      c-COFF      c-CENT       c-FIN      c-CHEA

R1    31624.51      113.90     5957.59    12465.57     1555.34    29470.25    10529.38    12405.39    26088.91      198.96    26369.40    32888.44    11163.71     9763.72       22.13      488.44     1047.17       17.43       33.59     1009.29      433.26      376.66      328.97     1315.87    40839.84     9887.08    35304.13     1740.79    24286.33     1170.29
R2    12280.43     4016.39    17595.38    36816.30     4593.60    11562.99     1023.96     1206.39     3917.94       33.23    19742.08     5693.88     6521.02     2132.00       10.14      223.73      479.66        7.98       11.57      339.48      189.05      164.35      143.54      574.17    19610.98     2332.65     7030.15      313.66     4617.03      284.12
R5     8391.60    16109.96   116266.74   243274.75    30353.57    11559.49     7659.63     9024.34    22445.55      179.12    14206.41     4700.23     6071.56     2017.93       12.51      277.42      594.76        9.90       12.89      226.74     2249.51     1955.61     1708.01     6832.06    32671.74     1939.76     7191.02      277.02     4375.50      274.69
R3    13673.98    19464.82     2347.00     4910.84      612.73     9529.62     1216.19     1432.88     3572.41       28.63    10558.21     4768.61     4927.42     1837.45        8.97      197.93      424.35        7.06       10.31      250.61      112.84       98.10       85.68      342.71    12721.77     2525.23     6406.18      277.40     4068.33      310.19
R6     3333.63    12290.42      850.92     1780.45      222.15     5653.37      775.92      914.16     2119.48       16.67     6655.21     1341.60      583.39      592.02        7.01      154.62      331.49        5.52        6.50       79.83       37.37       32.48       28.37      113.49     9152.22      888.37     2060.81       75.13      978.82      128.75
R4     2173.86    11258.52     1236.36     2586.94      322.77     2942.28       20.55       24.21      234.84        2.25     2505.69     1144.24      630.90      523.88        3.13       69.15      148.25        2.47        3.93       72.05       42.70       37.12       32.42      129.67     6406.45      882.91     2483.71       89.99     1026.99      148.96


----    860 div0 6

----    885 Trade margins

----    886 PARAMETER CZ  initial consumer demand for goods and leisure

        c-AAGR      c-FISH      c-COIL      c-GASE      c-IMIN      c-IRES      c-REFP      c-REFG      c-ICHA       c-BIO      c-IMEA      c-COMT       c-MVT      c-CWSR      c-POWF      c-POWR      c-POWT        c-NG       c-LTH      c-CCON      c-TRAI      c-TPIP      c-TLNL      c-TLNH      c-TSEA      c-TAIR      c-COFF      c-CENT       c-FIN      c-CHEA

R1   163720.21     1220.57       99.60      208.40       26.00    49610.56     7275.93     8572.28    17348.44      113.73     3296.91    38793.95    61444.69       37.75      358.68     7923.35    16986.96      282.77     3818.89      733.32     1539.72     1338.55     1169.08     4676.32     4369.80     7707.81    95839.86    60259.05   162336.38    52824.14
R2    46408.99      346.17       30.30       63.39        7.91    14063.12     2058.22     2424.93     4941.73       32.46      938.34    10957.94    16589.93       10.53      101.73     2247.22     4817.83       80.20     1083.09      210.84      425.77      370.14      323.28     1293.12     1770.31     2538.24    21357.62    17089.25    45909.67    12955.32
R5    38165.94      284.47       24.06       50.35        6.28    11566.33     1690.67     1991.90     4045.97       26.55      767.21     9020.43    14303.17        8.68       83.69     1848.73     3963.50       65.98      890.72      171.62      349.98      304.26      265.74     1062.94     2692.34     3763.46    20978.51    14097.04    37809.74    12407.68
R3    41908.58      312.39       25.62       53.62        6.69    12703.50     1860.55     2192.05     4439.72       29.11      847.76     9908.33    15302.56        9.51       91.87     2029.33     4350.71       72.42      977.86      188.65      379.69      330.09      288.29     1153.18      856.12     1950.88    22800.75    15419.47    41496.43    14040.37
R6    14422.36      107.50        8.78       18.37        2.29     4376.50      641.15      755.39     1528.65       10.02      290.50     3412.40     5397.18        3.27       31.65      699.19     1499.00       24.95      336.78       64.38      130.78      113.69       99.30      397.18      229.70      634.42     8894.18     5304.06    14299.77     5786.50
R4    14348.92      106.90        8.75       18.30        2.28     4351.99      634.90      748.02     1514.67        9.93      287.28     3401.95     5683.47        3.26       31.43      694.39     1488.71       24.78      334.61       63.19      134.47      116.90      102.10      408.41      163.72      561.20    11021.08     5275.13    14265.01     6686.00


----    886 PARAMETER CGZ  initial government demand for goods

        c-IRES      c-ICHA      c-COMT       c-MVT       c-LTH      c-CCON      c-TRAI      c-TPIP      c-TLNL      c-TLNH      c-COFF      c-CENT       c-FIN      c-CHEA

R1     3472.21     5769.44      300.61      967.31      634.26      134.17      453.94      394.63      344.67     1378.67   158336.68     5938.99      456.02   266778.04
R2      984.27     1643.44       84.91      261.17      179.89       38.58      125.53      109.13       95.31      381.24    35284.84     1684.28      128.96    65428.31
R5      809.52     1345.54       69.90      225.17      147.94       31.40      103.18       89.70       78.34      313.38    34658.52     1389.37      106.21    62662.56
R3      889.11     1476.49       76.78      240.91      162.41       34.52      111.94       97.32       84.99      339.98    37669.03     1519.71      116.57    70908.15
R6      306.31      508.37       26.44       84.97       55.93       11.78       38.56       33.52       29.27      117.10    14694.04      522.76       40.17    29223.61
R4      304.59      503.72       26.36       89.47       55.57       11.56       39.65       34.47       30.10      120.41    18207.89      519.90       40.07    33766.34


----    886 PARAMETER IOZ  initial intermediate demand for goods

               i-AAGR      i-FISH      i-COIL      i-GASE      i-IMIN      i-IRES      i-REFP      i-REFG      i-ICHA      i-IMEA      i-COMT       i-MVT      i-CWSR      i-POWF      i-POWR      i-POWT        i-NG       i-LTH      i-CCON      i-TRAI      i-TLNL      i-TPIP      i-TLNH    i-TSEA_S      i-TAIR      i-COFF      i-CENT       i-FIN      i-CHEA

R1.c-AAGR    71190.75       41.94       17.57       40.33        5.16     2815.96      201.92      241.92      129.39       89.47     1026.87      517.76     5944.04        4.39       79.40      257.36        2.75       98.28    25596.29        3.47        3.74        5.87       14.98        7.15       26.42    16950.81     4247.87     7474.03     5450.99
R1.c-FISH    16511.92       26.35        0.51        1.17        0.15       10.17        2.07        2.49        1.33        0.84       29.87        3.05       41.05        0.09        1.60        5.20        0.06        0.34        5.56        0.04        0.04        0.06        0.15                    0.10      556.19       30.74       30.73      196.61
R1.c-COIL      183.14        0.03       48.07      110.37       14.12     1239.19     3922.29     4699.36     2513.41        4.22        0.59      670.01       23.53        0.35        6.24       20.23        0.22        2.14      537.23        8.09        8.73       13.68       34.92                              129.10       32.75       80.65        0.75
R1.c-GASE      383.19        0.06      100.59      230.95       29.55     2592.87     8206.93     9832.87     5259.03        8.83        1.23     1401.92       49.23        0.72       13.06       42.33        0.45        4.48     1124.10       16.93       18.27       28.63       73.07                              270.13       68.52      168.75        1.58
R1.c-IMIN       47.81        0.01       12.55       28.82        3.69      323.51     1023.99     1226.85      656.17        1.10        0.15      174.92        6.14        0.09        1.63        5.28        0.06        0.56      140.25        2.11        2.28        3.57        9.12                               33.70        8.55       21.05        0.20
R1.c-IRES     3986.73        6.35      241.81      555.18       71.03    25474.82      361.46      433.08      231.63      266.66     3453.12     4740.95    17862.94        5.84      105.45      341.79        3.65      122.70    44021.10      116.91      126.15      197.69      504.59       69.99      112.98    31221.26     5988.44    11584.21     4694.85
R1.c-REFP      563.49        1.84       26.48       60.81        7.78      991.87      177.19      212.30      113.55       13.61      170.69      159.73     1193.10        1.54       27.86       90.28        0.96       42.44     1680.47       78.32       84.50      132.43      338.01     3305.19     2385.92     1778.62      364.42       83.53      683.43
R1.c-REFG      663.89        2.17       31.20       71.64        9.17     1168.59      208.76      250.12      133.78       16.03      201.10      188.19     1405.68        1.82       32.82      106.37        1.14       50.00     1979.88       92.27       99.56      156.02      398.24     3894.08     2811.01     2095.52      429.35       98.42      805.20
R1.c-ICHA     2968.31        5.49       36.26       83.26       10.65     3291.89     2402.86     2878.92     1539.76       70.88      201.14      507.24     1614.71        0.65       11.79       38.22        0.41       32.42     3884.29       10.07       10.87       17.03       43.47        3.17       16.76     3066.42      914.69     1275.30    11408.02
R1.c-BIO        30.67 6.717764E-4        0.41        0.94        0.12       37.02       23.75       28.45       15.22        0.80        2.26        5.70       18.16        0.01        0.13        0.43 4.588880E-3        0.36       43.68        0.11        0.12        0.19        0.49        0.04        0.19       31.91       10.29       14.34       13.47
R1.c-IMEA     1484.96        1.44      106.37      244.23       31.25    23670.77       78.37       93.90       50.22     2958.24     1874.50     4489.50     7289.14        1.88       34.01      110.24        1.18      203.74     8824.94        2.00        2.16        3.38        8.63        4.53       18.22     7339.25      860.91      683.43     1001.65
R1.c-COMT      581.86        1.29       34.94       80.21       10.26     1958.27      105.23      126.07       67.43       82.18    31561.28     1233.51     9666.43       12.30      222.29      720.48        7.69      214.02     3235.53       48.75       52.60       82.44      210.42     1576.11      137.16    33670.09     5472.68    17103.07     8859.76
R1.c-MVT        83.75        0.05       49.02      112.55       14.40      270.29        2.04        2.45        1.31       19.18      591.38     5527.22     1972.23        0.08        1.43        4.63        0.05        9.07     1963.94       81.78       88.24      138.28      352.96                  542.95     3076.77      555.21      797.49      636.06
R1.c-CWSR     4260.85       12.63      110.93      254.69       32.58     3391.24      347.79      416.69      222.87      441.76     2618.54     1650.67     4913.56        0.99       17.86       57.88        0.62       21.10     3385.37       68.98       74.43      116.64      297.72     2380.76     2176.63     5505.23     2002.82     3399.19      855.57
R1.c-POWF       29.31        0.01        0.60        1.37        0.18       55.84        8.17        9.79        5.23        0.95        6.91        4.56       31.41        0.22        3.93       12.74        0.14        1.49       10.33        0.13        0.14        0.22        0.56        0.24        0.10       80.76       14.46       53.29       30.46
R1.c-POWR      647.41        0.30       13.17       30.23        3.87     1233.54      180.41      216.15      115.61       21.05      152.70      100.66      693.86        4.81       86.83      281.44        3.00       32.91      228.28        2.88        3.11        4.87       12.42        5.33        2.29     1783.97      319.42     1177.15      672.94
R1.c-POWT     1387.98        0.65       28.23       64.81        8.29     2644.59      386.79      463.42      247.85       45.12      327.38      215.82     1487.58       10.30      186.16      603.39        6.44       70.55      489.41        6.17        6.66       10.43       26.63       11.43        4.90     3824.67      684.80     2523.70     1442.72
R1.c-NG         23.10        0.01        0.47        1.08        0.14       44.02        6.44        7.71        4.13        0.75        5.45        3.59       24.76        0.17        3.10       10.04        0.11        1.17        8.15        0.10        0.11        0.17        0.44        0.19        0.08       63.67       11.40       42.01       24.02
R1.c-LTH        58.21        0.02        0.96        2.21        0.28       87.69       13.47       16.14        8.63        2.04       28.94        9.52       52.73        0.28        5.12       16.59        0.18      172.39       18.19        0.26        0.28        0.44        1.12        0.73        0.64      653.91       45.19      562.80      542.36
R1.c-CCON     1167.43        2.54        2.26        5.20        0.66      753.23       26.74       32.04       17.14       24.92     2750.70      106.69      477.14        1.56       28.27       91.63        0.98      412.82    74027.94        1.85        2.00        3.13        8.00                    3.75    23429.79      864.68    16353.42     3613.00
R1.c-TRAI      344.74        0.08        2.32        5.33        0.68      271.25       62.03       74.31       39.75       10.09       56.19       42.37     1148.61        0.01        0.17        0.54        0.01        0.63      246.05       10.99       11.86       18.59       47.44        1.63        4.74     2787.26      263.90       31.68      362.26
R1.c-TPIP      299.70        0.07        2.02        4.63        0.59      235.81       53.92       64.60       34.55        8.77       48.85       36.83      998.54        0.01        0.14        0.47 4.986591E-3        0.55      213.90        9.56       10.31       16.16       41.24        1.42        4.12     2423.11      229.42       27.54      314.93
R1.c-TLNL      261.75        0.06        1.76        4.04        0.52      205.95       47.10       56.43       30.18        7.66       42.66       32.17      872.12        0.01        0.13        0.41 4.355245E-3        0.48      186.82        8.35        9.01       14.11       36.02        1.24        3.60     2116.32      200.38       24.05      275.06
R1.c-TLNH     1047.01        0.25        7.05       16.18        2.07      823.81      188.38      225.70      120.71       30.65      170.66      128.67     3488.47        0.03        0.50        1.63        0.02        1.92      747.28       33.38       36.02       56.45      144.09        4.96       14.40     8465.29      801.51       96.21     1100.23
R1.c-TSEA      451.98        0.13       33.90       77.84        9.96      397.69       84.70      101.48       54.27       14.20      114.38       65.72     1535.64        0.03        0.48        1.56        0.02        0.85      158.87       37.50       40.47       63.42      161.87     2599.56       13.82     1741.08      383.75      101.54      106.78
R1.c-TAIR      224.80        0.18       21.30       48.91        6.26      308.69       72.98       87.44       46.77       16.68      448.64      121.25      947.74        0.16        2.80        9.09        0.10        0.69      496.81        4.92        5.31        8.31       21.22       29.97      812.73     5720.45      559.79      559.20      541.86
R1.c-COFF     5437.24        5.11      443.46     1018.17      130.26     6595.26      824.54      987.90      528.37      502.78    11627.89     3394.61    24734.95       17.77      321.15     1040.89       11.11      260.28    32863.41      306.88      331.13      518.93     1324.52    26470.86    12697.00    64922.86    12443.52    20417.13    12123.02
R1.c-CENT      424.44        0.20        7.32       16.81        2.15      473.92       77.87       93.30       49.90       27.12     9651.04      725.52     5737.00        1.95       35.19      114.05        1.22       29.76      923.22       12.61       13.61       21.32       54.43       14.90      356.91    12928.08     6488.15     4427.09     3614.73
R1.c-FIN      4803.48        6.90      165.17      379.23       48.52     4432.63      658.74      789.25      422.12      401.92    10157.84     2801.73    31693.88       15.97      288.63      935.49        9.99      171.32     9449.45       66.99       72.28      113.28      289.12     2108.57      618.47    53031.37     9788.87    60934.83    10970.16
R1.c-CHEA      116.31        0.02        1.56        3.59        0.46      132.54       29.94       35.87       19.18        8.50      236.89       38.26      137.21        0.15        2.67        8.67        0.09        9.40      248.92        0.97        1.04        1.64        4.18        4.21        6.63     1393.24      599.52      156.64      985.20
R2.c-AAGR    27697.02     1523.31       60.11      138.01       17.66     1112.79       20.83       24.96        9.66      224.44      174.73      425.95     1117.82        2.01       36.40      117.99        1.26       33.64     8616.56        1.51        1.63        2.56        6.54        3.44        6.23     3233.16      765.48     1410.02     1323.84
R2.c-FISH     6424.02      957.11        1.74        4.00        0.51        4.02        0.21        0.26        0.10        2.11        5.08        2.51        7.72        0.04        0.74        2.38        0.03        0.12        1.87        0.02        0.02        0.03        0.07                    0.02      106.09        5.54        5.80       47.75
R2.c-COIL       71.25        1.10      164.49      377.67       48.32      489.69      404.62      484.78      187.60       10.58        0.10      551.20        4.42        0.16        2.86        9.28        0.10        0.73      180.85        3.53        3.81        5.97       15.24                               24.62        5.90       15.21        0.18
R2.c-GASE      149.08        2.30      344.18      790.23      101.10     1024.63      846.62     1014.35      392.53       22.14        0.21     1153.33        9.26        0.33        5.99       19.41        0.21        1.53      378.41        7.39        7.97       12.49       31.88                               51.52       12.35       31.84        0.38
R2.c-IMIN       18.60        0.29       42.94       98.60       12.61      127.84      105.63      126.56       48.98        2.76        0.03      143.90        1.16        0.04        0.75        2.42        0.03        0.19       47.21        0.92        0.99        1.56        3.98                                6.43        1.54        3.97        0.05
R2.c-IRES     1551.05      230.68      827.39     1899.68      243.04    10066.93       37.29       44.68       17.29      668.95      587.59     3900.28     3359.27        2.68       48.35      156.70        1.67       42.00    14818.96       51.01       55.04       86.26      220.17       33.61       26.65     5955.08     1079.14     2185.43     1140.20
R2.c-REFP      219.23       66.92       90.62      208.06       26.62      391.96       18.28       21.90        8.47       34.13       29.04      131.41      224.37        0.71       12.77       41.39        0.44       14.53      565.70       34.17       36.87       57.79      147.49     1587.13      562.91      339.25       65.67       15.76      165.98
R2.c-REFG      258.29       78.84      106.76      245.13       31.36      461.80       21.54       25.80        9.98       40.22       34.22      154.82      264.35        0.83       15.05       48.77        0.52       17.12      666.49       40.26       43.44       68.08      173.77     1869.91      663.20      399.69       77.37       18.57      195.55
R2.c-ICHA     1154.83      199.41      124.09      284.90       36.45     1300.86      247.88      296.99      114.93      177.81       34.23      417.30      303.66        0.30        5.41       17.52        0.19       11.10     1307.58        4.39        4.74        7.43       18.97        1.52        3.95      584.88      164.83      240.59     2770.57
R2.c-BIO        11.93        0.02        1.40        3.20        0.41       14.63        2.45        2.94        1.14        2.00        0.38        4.69        3.41 3.364838E-3        0.06        0.20 2.103883E-3        0.12       14.71        0.05        0.05        0.08        0.21        0.02        0.04        6.09        1.85        2.71        3.27
R2.c-IMEA      577.73       52.43      363.97      835.67      106.91     9354.02        8.08        9.69        3.75     7421.05      318.97     3693.41     1370.78        0.86       15.59       50.54        0.54       69.74     2970.77        0.87        0.94        1.48        3.77        2.18        4.30     1399.87      155.14      128.93      243.26
R2.c-COMT      226.37       46.67      119.54      274.47       35.11      773.85       10.86       13.01        5.03      206.15     5370.53     1014.78     1817.85        5.64      101.91      330.32        3.53       73.26     1089.19       21.27       22.95       35.97       91.82      756.84       32.36     6422.16      986.20     3226.59     2151.70
R2.c-MVT        32.58        1.78      167.73      385.11       49.27      106.81        0.21        0.25        0.10       48.11      100.63     4547.12      370.89        0.04        0.65        2.12        0.02        3.11      661.13       35.68       38.50       60.34      154.01                  128.10      586.86      100.05      150.45      154.47
R2.c-CWSR     1657.70      458.67      379.57      871.49      111.50     1340.12       35.88       42.99       16.63     1108.20      445.58     1357.97      924.03        0.45        8.19       26.53        0.28        7.22     1139.63       30.10       32.48       50.90      129.91     1143.22      513.53     1050.06      360.92      641.28      207.78
R2.c-POWF       11.40        0.50        2.04        4.68        0.60       22.07        0.84        1.01        0.39        2.39        1.18        3.75        5.91        0.10        1.80        5.84        0.06        0.51        3.48        0.06        0.06        0.10        0.25        0.12        0.02       15.40        2.61       10.05        7.40
R2.c-POWR      251.88       10.95       45.05      103.44       13.23      487.46       18.61       22.30        8.63       52.80       25.98       82.81      130.49        2.20       39.81      129.03        1.38       11.27       76.85        1.26        1.35        2.12        5.42        2.56        0.54      340.27       57.56      222.08      163.43
R2.c-POWT      540.00       23.48       96.59      221.77       28.37     1045.07       39.90       47.81       18.50      113.19       55.71      177.55      279.75        4.72       85.35      276.64        2.95       24.15      164.75        2.69        2.90        4.55       11.62        5.49        1.16      729.51      123.40      476.11      350.38
R2.c-NG          8.99        0.39        1.61        3.69        0.47       17.40        0.66        0.80        0.31        1.88        0.93        2.96        4.66        0.08        1.42        4.60        0.05        0.40        2.74        0.04        0.05        0.08        0.19        0.09        0.02       12.14        2.05        7.93        5.83
R2.c-LTH        22.65        0.68        3.30        7.58        0.97       34.65        1.39        1.67        0.64        5.12        4.92        7.83        9.92        0.13        2.35        7.61        0.08       59.01        6.12        0.11        0.12        0.19        0.49        0.35        0.15      124.73        8.14      106.18      131.72
R2.c-CCON      454.19       92.18        7.75       17.78        2.28      297.65        2.76        3.31        1.28       62.52      468.06       87.77       89.73        0.72       12.96       42.01        0.45      141.32    24920.26        0.81        0.87        1.37        3.49                    0.88     4468.95      155.82     3085.17      877.46
R2.c-TRAI      134.12        3.03        7.94       18.23        2.33      107.19        6.40        7.67        2.97       25.31        9.56       34.85      216.00 4.205971E-3        0.08        0.25 2.629807E-3        0.22       82.83        4.80        5.18        8.11       20.70        0.78        1.12      531.64       47.56        5.98       87.98
R2.c-TPIP      116.60        2.63        6.90       15.84        2.03       93.18        5.56        6.66        2.58       22.01        8.31       30.30      187.78 3.656463E-3        0.07        0.21 2.286224E-3        0.19       72.01        4.17        4.50        7.05       18.00        0.68        0.97      462.18       41.34        5.20       76.48
R2.c-TLNL      101.84        2.30        6.03       13.84        1.77       81.39        4.86        5.82        2.25       19.22        7.26       26.46      164.01 3.193523E-3        0.06        0.19 1.996768E-3        0.16       62.89        3.64        3.93        6.16       15.72        0.59        0.85      403.66       36.11        4.54       66.80
R2.c-TLNH      407.34        9.20       24.11       55.35        7.08      325.55       19.43       23.28        9.01       76.88       29.04      105.86      656.04        0.01        0.23        0.75        0.01        0.66      251.56       14.57       15.72       24.63       62.87        2.38        3.40     1614.65      144.43       18.15      267.20
R2.c-TSEA      175.84        4.60      116.01      266.35       34.08      157.16        8.74       10.47        4.05       35.61       19.46       54.07      288.79        0.01        0.22        0.71        0.01        0.29       53.48       16.36       17.66       27.67       70.63     1248.29        3.26      332.09       69.15       19.16       25.93
R2.c-TAIR       87.46        6.62       72.89      167.35       21.41      121.99        7.53        9.02        3.49       41.85       76.34       99.75      178.23        0.07        1.29        4.17        0.04        0.24      167.24        2.15        2.31        3.63        9.26       14.39      191.75     1091.11      100.88      105.50      131.60
R2.c-COFF     2115.38      185.76     1517.39     3483.90      445.72     2606.26       85.06      101.91       39.44     1261.28     1978.62     2792.67     4651.61        8.15      147.24      477.22        5.09       89.10    11062.91      133.91      144.49      226.43      577.95    12711.11     2995.59    12383.25     2242.37     3851.81     2944.22
R2.c-CENT      165.13        7.21       25.05       57.52        7.36      187.28        8.03        9.62        3.72       68.04     1642.24      596.87     1078.89        0.89       16.13       52.29        0.56       10.19      310.79        5.50        5.94        9.30       23.75        7.16       84.20     2465.87     1169.19      835.20      877.88
R2.c-FIN      1868.81      250.48      565.18     1297.63      166.01     1751.65       67.96       81.42       31.51     1008.26     1728.48     2304.92     5960.29        7.32      132.33      428.90        4.58       58.65     3181.00       29.23       31.54       49.43      126.16     1012.52      145.91    10115.09     1763.99    11495.71     2664.23
R2.c-CHEA       45.25        0.63        5.35       12.29        1.57       52.37        3.09        3.70        1.43       21.33       40.31       31.48       25.80        0.07        1.23        3.97        0.04        3.22       83.79        0.42        0.46        0.71        1.82        2.02        1.56      265.74      108.04       29.55      239.27
R5.c-AAGR    18597.86     6111.73      398.73      915.47      117.12     1092.03      149.83      179.52       88.00       94.31      142.90      218.20      916.28        2.49       45.19      146.48        1.56       37.37     5735.04       18.02       19.44       30.47       77.77        5.72        5.18     2946.54      676.16     1339.28     1279.96
R5.c-FISH     4313.57     3840.05       11.56       26.55        3.40        3.94        1.54        1.84        0.90        0.89        4.16        1.29        6.33        0.05        0.91        2.96        0.03        0.13        1.25        0.19        0.20        0.31        0.80                    0.02       96.68        4.89        5.51       46.17
R5.c-COIL       47.84        4.41     1091.13     2505.22      320.51      480.56     2910.50     3487.12     1709.30        4.45        0.08      282.37        3.63        0.20        3.55       11.52        0.12        0.81      120.37       42.01       45.33       71.04      181.32                               22.44        5.21       14.45        0.18
R5.c-GASE      100.10        9.22     2283.07     5241.88      670.63     1005.51     6089.88     7296.39     3576.51        9.30        0.17      590.82        7.59        0.41        7.43       24.10        0.26        1.70      251.86       87.90       94.85      148.64      379.39                               46.96       10.91       30.24        0.37
R5.c-IMIN       12.49        1.15      284.86      654.03       83.67      125.46      759.84      910.38      446.24        1.16        0.02       73.72        0.95        0.05        0.93        3.01        0.03        0.21       31.43       10.97       11.83       18.55       47.34                                5.86        1.36        3.77        0.05
R5.c-IRES     1041.49      925.51     5488.38    12601.24     1612.15     9879.15      268.22      321.36      157.52      281.08      480.54     1998.00     2753.60        3.30       60.02      194.54        2.08       46.66     9863.27      607.00      654.96     1026.42     2619.83       55.99       22.17     5427.15      953.21     2075.78     1102.41
R5.c-REFP      147.21      268.48      601.11     1380.13      176.57      384.65      131.49      157.53       77.22       14.34       23.75       67.32      183.92        0.87       15.85       51.39        0.55       16.14      376.52      406.62      438.74      687.58     1754.98     2644.14      468.10      309.18       58.01       14.97      160.48
R5.c-REFG      173.43      316.32      708.21     1626.03      208.03      453.18      154.91      185.60       90.98       16.90       27.98       79.31      216.69        1.03       18.68       60.54        0.65       19.01      443.61      479.06      516.92      810.09     2067.66     3115.25      551.50      364.26       68.34       17.64      189.07
R5.c-ICHA      775.44      800.07      823.11     1889.84      241.78     1276.60     1783.02     2136.27     1047.15       74.71       27.99      213.77      248.91        0.37        6.71       21.76        0.23       12.33      870.31       52.29       56.42       88.42      225.68        2.53        3.29      533.03      145.60      228.52     2678.74
R5.c-BIO         8.01        0.10        9.26       21.25        2.72       14.36       17.62       21.11       10.35        0.84        0.31        2.40        2.80 4.153920E-3        0.08        0.24 2.611919E-3        0.14        9.79        0.59        0.63        0.99        2.54        0.03        0.04        5.55        1.64        2.57        3.16
R5.c-IMEA      387.93      210.36     2414.35     5543.32      709.19     9179.54       58.15       69.68       34.15     3118.20      260.86     1892.03     1123.63        1.07       19.36       62.75        0.67       77.47     1977.30       10.39       11.21       17.56       44.83        3.62        3.58     1275.77      137.04      122.46      235.20
R5.c-COMT      152.00      187.26      792.98     1820.67      232.93      759.42       78.08       93.55       45.86       86.62     4392.06      519.84     1490.09        6.96      126.52      410.09        4.38       81.38      724.95      253.13      273.13      428.03     1092.50     1260.88       26.91     5852.83      871.12     3064.71     2080.38
R5.c-MVT        21.88        7.13     1112.61     2554.54      326.82      104.82        1.52        1.82        0.89       20.21       82.30     2329.36      304.02        0.04        0.81        2.63        0.03        3.45      440.04      424.59      458.14      717.98     1832.56                  106.52      534.83       88.38      142.90      149.35
R5.c-CWSR     1113.10     1840.24     2517.84     5780.91      739.59     1315.12      258.07      309.20      151.56      465.65      364.40      695.65      757.43        0.56       10.16       32.94        0.35        8.02      758.52      358.14      386.44      605.61     1545.75     1904.60      427.04      956.97      318.80      609.10      200.90
R5.c-POWF        7.66        1.99       13.53       31.06        3.97       21.66        6.06        7.26        3.56        1.00        0.96        1.92        4.84        0.12        2.24        7.25        0.08        0.57        2.32        0.68        0.73        1.14        2.92        0.19        0.02       14.04        2.30        9.55        7.15
R5.c-POWR      169.13       43.94      298.86      686.17       87.79      478.37      133.87      160.40       78.62       22.18       21.25       42.42      106.96        2.72       49.42      160.19        1.71       12.51       51.15       14.94       16.12       25.27       64.49        4.27        0.45      310.11       50.84      210.93      158.01
R5.c-POWT      362.60       94.21      640.72     1471.09      188.21     1025.57      287.01      343.87      168.56       47.56       45.56       90.95      229.31        5.83      105.96      343.44        3.67       26.83      109.66       32.03       34.56       54.17      138.26        9.15        0.96      664.84      109.00      452.22      338.77
R5.c-NG          6.04        1.57       10.67       24.49        3.13       17.07        4.78        5.72        2.81        0.79        0.76        1.51        3.82        0.10        1.76        5.72        0.06        0.45        1.83        0.53        0.58        0.90        2.30        0.15        0.02       11.07        1.81        7.53        5.64
R5.c-LTH        15.21        2.71       21.89       50.25        6.43       34.01       10.00       11.98        5.87        2.15        4.03        4.01        8.13        0.16        2.91        9.44        0.10       65.55        4.08        1.35        1.45        2.28        5.81        0.58        0.13      113.67        7.19      100.85      127.35
R5.c-CCON      304.98      369.83       51.38      117.96       15.09      292.10       19.85       23.78       11.65       26.27      382.79       44.96       73.55        0.89       16.09       52.16        0.56      156.98    16586.53        9.62       10.38       16.27       41.53                    0.74     4072.77      137.64     2930.38      848.38
R5.c-TRAI       90.06       12.16       52.66      120.90       15.47      105.19       46.03       55.14       27.03       10.64        7.82       17.85      177.06        0.01        0.09        0.31 3.264840E-3        0.24       55.13       57.07       61.58       96.50      246.32        1.31        0.93      484.51       42.01        5.68       85.06
R5.c-TPIP       78.29       10.57       45.78      105.10       13.45       91.45       40.01       47.94       23.50        9.25        6.80       15.52      153.93 4.513934E-3        0.08        0.27 2.838291E-3        0.21       47.93       49.61       53.53       83.90      214.14        1.13        0.81      421.21       36.52        4.93       73.95
R5.c-TLNL       68.38        9.23       39.98       91.79       11.74       79.87       34.95       41.87       20.52        8.08        5.94       13.56      134.44 3.942430E-3        0.07        0.23 2.478938E-3        0.18       41.86       43.33       46.76       73.27      187.03        0.99        0.71      367.88       31.90        4.31       64.59
R5.c-TLNH      273.52       36.92      159.92      367.18       46.98      319.47      139.79      167.48       82.09       32.30       23.75       54.23      537.75        0.02        0.29        0.93        0.01        0.73      167.43      173.33      187.03      293.10      748.10        3.96        2.82     1471.51      127.58       17.24      258.35
R5.c-TSEA      118.08       18.44      769.51     1766.78      226.03      154.23       62.85       75.30       36.91       14.96       15.92       27.70      236.72        0.02        0.27        0.89        0.01        0.32       35.60      194.73      210.11      329.28      840.44     2079.64        2.71      302.65       61.08       18.19       25.07
R5.c-TAIR       58.73       26.57      483.48     1110.06      142.02      119.71       54.16       64.89       31.81       17.58       62.43       51.10      146.10        0.09        1.60        5.17        0.06        0.26      111.31       25.53       27.54       43.17      110.18       23.97      159.45      994.38       89.11      100.20      127.24
R5.c-COFF     1420.42      745.30    10065.38    23109.97     2956.60     2557.65      611.84      733.06      359.33      529.97     1618.13     1430.60     3812.93       10.06      182.79      592.46        6.32       98.97     7363.30     1593.35     1719.23     2694.31     6876.94    21176.61     2491.05    11285.46     1980.70     3658.56     2846.64
R5.c-CENT      110.88       28.91      166.17      381.53       48.81      183.79       57.78       69.23       33.94       28.59     1343.04      305.76      884.37        1.10       20.03       64.91        0.69       11.32      206.85       65.47       70.64      110.71      282.58       11.92       70.02     2247.27     1032.76      793.29      848.78
R5.c-FIN      1254.86     1004.94     3749.01     8607.68     1101.23     1718.98      488.81      585.65      287.07      423.65     1413.56     1180.74     4885.65        9.04      164.28      532.47        5.68       65.15     2117.22      347.80      375.28      588.13     1501.13     1686.85      121.34     9218.37     1558.15    10918.95     2575.93
R5.c-CHEA       30.38        2.55       35.49       81.49       10.43       51.40       22.21       26.61       13.05        8.96       32.97       16.12       21.15        0.08        1.52        4.93        0.05        3.57       55.77        5.03        5.42        8.50       21.70        3.37        1.30      242.19       95.43       28.07      231.34
R3.c-AAGR    30712.87     7384.40        7.58       17.40        2.23      927.41       22.94       27.49       15.56       70.26      146.45      318.20      996.94        1.78       32.22      104.42        1.11       29.99     6353.77        0.90        0.98        1.53        3.90        2.23        6.75     2991.19      677.05     1244.70     1445.59
R3.c-FISH     7123.52     4639.68        0.22        0.50        0.06        3.35        0.24        0.28        0.16        0.66        4.26        1.88        6.89        0.04        0.65        2.11        0.02        0.10        1.38        0.01        0.01        0.02        0.04                    0.03       98.15        4.90        5.12       52.14
R3.c-COIL       79.01        5.32       20.73       47.60        6.09      408.12      445.66      533.95      302.33        3.31        0.08      411.77        3.95        0.14        2.53        8.21        0.09        0.65      133.36        2.11        2.27        3.56        9.10                               22.78        5.22       13.43        0.20
R3.c-GASE      165.31       11.14       43.38       99.61       12.74      853.94      932.49     1117.24      632.59        6.93        0.18      861.58        8.26        0.29        5.30       17.18        0.18        1.37      279.04        4.41        4.76        7.46       19.03                               47.67       10.92       28.10        0.42
R3.c-IMIN       20.63        1.39        5.41       12.43        1.59      106.55      116.35      139.40       78.93        0.86        0.02      107.50        1.03        0.04        0.66        2.14        0.02        0.17       34.82        0.55        0.59        0.93        2.37                                5.95        1.36        3.51        0.05
R3.c-IRES     1719.94     1118.23      104.29      239.45       30.63     8389.94       41.07       49.21       27.86      209.40      492.48     2913.64     2995.99        2.37       42.79      138.68        1.48       37.44    10927.36       30.45       32.85       51.49      131.41       21.80       28.86     5509.40      954.47     1929.20     1245.06
R3.c-REFP      243.10      324.39       11.42       26.23        3.36      326.67       20.13       24.12       13.66       10.69       24.34       98.16      200.11        0.63       11.30       36.63        0.39       12.95      417.14       20.40       22.01       34.49       88.03     1029.58      609.38      313.86       58.08       13.91      181.24
R3.c-REFG      286.41      382.18       13.46       30.90        3.95      384.87       23.72       28.42       16.09       12.59       28.68      115.65      235.76        0.74       13.32       43.16        0.46       15.26      491.47       24.03       25.93       40.64      103.72     1213.02      717.95      369.78       68.43       16.39      213.54
R3.c-ICHA     1280.58      966.67       15.64       35.91        4.59     1084.16      273.02      327.11      185.21       55.66       28.69      311.74      270.82        0.26        4.78       15.51        0.17        9.89      964.20        2.62        2.83        4.44       11.32        0.99        4.28      541.11      145.79      212.39     3025.37
R3.c-BIO        13.23        0.12        0.18        0.40        0.05       12.19        2.70        3.23        1.83        0.63        0.32        3.51        3.05 2.977881E-3        0.05        0.17 1.861937E-3        0.11       10.84        0.03        0.03        0.05        0.13        0.01        0.05        5.63        1.64        2.39        3.57
R3.c-IMEA      640.63      254.17       45.88      105.33       13.48     7795.79        8.90       10.67        6.04     2323.01      267.34     2759.10     1222.54        0.76       13.80       44.73        0.48       62.17     2190.62        0.52        0.56        0.88        2.25        1.41        4.65     1295.11      137.22      113.82      265.64
R3.c-COMT      251.02      226.26       15.07       34.60        4.43      644.94       11.96       14.32        8.11       64.53     4501.20      758.07     1621.26        4.99       90.19      292.34        3.12       65.31      803.16       12.70       13.70       21.47       54.80      490.97       35.03     5941.52      872.26     2848.30     2349.58
R3.c-MVT        36.13        8.62       21.14       48.54        6.21       89.02        0.23        0.28        0.16       15.06       84.34     3396.85      330.78        0.03        0.58        1.88        0.02        2.77      487.51       21.30       22.98       36.01       91.92                  138.67      542.94       88.49      132.81      168.68
R3.c-CWSR     1838.20     2223.45       47.84      109.85       14.05     1116.88       39.52       47.35       26.81      346.90      373.45     1014.45      824.11        0.40        7.25       23.48        0.25        6.44      840.35       17.96       19.38       30.38       77.54      741.62      555.93      971.47      319.22      566.09      226.89
R3.c-POWF       12.64        2.40        0.26        0.59        0.08       18.39        0.93        1.11        0.63        0.75        0.99        2.80        5.27        0.09        1.59        5.17        0.06        0.45        2.57        0.03        0.04        0.06        0.15        0.08        0.03       14.25        2.30        8.87        8.08
R3.c-POWR      279.30       53.09        5.68       13.04        1.67      406.26       20.50       24.56       13.91       16.53       21.78       61.87      116.37        1.95       35.23      114.20        1.22       10.04       56.67        0.75        0.81        1.27        3.23        1.66        0.58      314.80       50.91      196.04      178.46
R3.c-POWT      598.80      113.83       12.17       27.95        3.58      870.98       43.95       52.65       29.81       35.43       46.69      132.63      249.50        4.18       75.54      244.83        2.61       21.53      121.49        1.61        1.73        2.72        6.94        3.56        1.25      674.91      109.15      420.29      382.60
R3.c-NG          9.97        1.89        0.20        0.47        0.06       14.50        0.73        0.88        0.50        0.59        0.78        2.21        4.15        0.07        1.26        4.08        0.04        0.36        2.02        0.03        0.03        0.05        0.12        0.06        0.02       11.23        1.82        7.00        6.37
R3.c-LTH        25.11        3.28        0.42        0.95        0.12       28.88        1.53        1.83        1.04        1.60        4.13        5.85        8.84        0.11        2.08        6.73        0.07       52.61        4.51        0.07        0.07        0.11        0.29        0.23        0.16      115.39        7.20       93.73      143.83
R3.c-CCON      503.65      446.84        0.98        2.24        0.29      248.07        3.04        3.64        2.06       19.57      392.30       65.57       80.03        0.63       11.47       37.18        0.40      125.98    18375.96        0.48        0.52        0.82        2.08                    0.96     4134.49      137.82     2723.45      958.16
R3.c-TRAI      148.72       14.69        1.00        2.30        0.29       89.33        7.05        8.44        4.78        7.92        8.01       26.04      192.65 3.722285E-3        0.07        0.22 2.327379E-3        0.19       61.08        2.86        3.09        4.84       12.36        0.51        1.21      491.85       42.06        5.28       96.07
R3.c-TPIP      129.29       12.77        0.87        2.00        0.26       77.66        6.13        7.34        4.16        6.89        6.97       22.64      167.48 3.235970E-3        0.06        0.19 2.023308E-3        0.17       53.10        2.49        2.69        4.21       10.74        0.44        1.05      427.59       36.57        4.59       83.52
R3.c-TLNL      112.92       11.15        0.76        1.74        0.22       67.83        5.35        6.41        3.63        6.02        6.08       19.77      146.27 2.826268E-3        0.05        0.17 1.767139E-3        0.15       46.37        2.17        2.35        3.68        9.38        0.39        0.92      373.45       31.94        4.01       72.94
R3.c-TLNH      451.70       44.61        3.04        6.98        0.89      271.32       21.40       25.64       14.52       24.07       24.34       79.08      585.09        0.01        0.20        0.66        0.01        0.58      185.50        8.69        9.38       14.70       37.53        1.54        3.68     1493.81      127.75       16.02      291.78
R3.c-TSEA      194.99       22.28       14.62       33.57        4.30      130.98        9.62       11.53        6.53       11.15       16.31       40.39      257.56        0.01        0.19        0.63        0.01        0.26       39.44        9.77       10.54       16.52       42.16      809.77        3.53      307.24       61.16       16.91       28.32
R3.c-TAIR       96.98       32.11        9.19       21.09        2.70      101.67        8.29        9.94        5.63       13.10       63.98       74.52      158.96        0.06        1.14        3.69        0.04        0.21      123.32        1.28        1.38        2.17        5.53        9.34      207.58     1009.45       89.22       93.13      143.70
R3.c-COFF     2345.71      900.50      191.26      439.13       56.18     2172.10       93.69      112.25       63.56      394.82     1658.34     2086.22     4148.56        7.21      130.30      422.34        4.51       79.43     8157.69       79.92       86.24      135.15      344.96     8245.78     3242.91    11456.48     1983.31     3400.21     3214.99
R3.c-CENT      183.11       34.93        3.16        7.25        0.93      156.08        8.85       10.60        6.00       21.30     1376.41      445.88      962.21        0.79       14.28       46.27        0.49        9.08      229.17        3.28        3.54        5.55       14.17        4.64       91.16     2281.33     1034.11      737.28      958.61
R3.c-FIN      2072.30     1214.20       71.24      163.56       20.93     1459.85       74.85       89.68       50.78      315.62     1448.69     1721.85     5315.72        6.48      117.11      379.58        4.05       52.28     2345.64       17.45       18.82       29.50       75.30      656.83      157.96     9358.07     1560.20    10147.92     2909.25
R3.c-CHEA       50.18        3.08        0.67        1.55        0.20       43.65        3.40        4.08        2.31        6.68       33.78       23.51       23.01        0.06        1.08        3.52        0.04        2.87       61.79        0.25        0.27        0.43        1.09        1.31        1.69      245.86       95.55       26.09      261.27
R6.c-AAGR     7354.78     4662.81        2.61        6.00        0.77      569.98       15.07       18.05        8.99       47.19       40.49       20.98      294.80        1.39       25.20       81.67        0.87       18.78     2012.92        0.30        0.32        0.51        1.29        1.60        2.37      935.40      183.36      296.85      600.17
R6.c-FISH     1705.86     2929.68        0.08        0.17        0.02        2.06        0.15        0.19        0.09        0.44        1.18        0.12        2.04        0.03        0.51        1.65        0.02        0.07        0.44 3.077477E-3 3.320627E-3        0.01        0.01                    0.01       30.69        1.33        1.22       21.65
R6.c-COIL       18.92        3.36        7.15       16.42        2.10      250.83      292.71      350.70      174.61        2.22        0.02       27.15        1.17        0.11        1.98        6.42        0.07        0.41       42.25        0.70        0.75        1.18        3.01                                7.12        1.41        3.20        0.08
R6.c-GASE       39.59        7.03       14.96       34.35        4.39      524.83      612.46      733.80      365.35        4.66        0.05       56.81        2.44        0.23        4.14       13.43        0.14        0.86       88.40        1.46        1.58        2.47        6.30                               14.91        2.96        6.70        0.17
R6.c-IMIN        4.94        0.88        1.87        4.29        0.55       65.48       76.42       91.56       45.59        0.58        0.01        7.09        0.30        0.03        0.52        1.68        0.02        0.11       11.03        0.18        0.20        0.31        0.79                                1.86        0.37        0.84        0.02
R6.c-IRES      411.87      706.10       35.97       82.58       10.56     5156.41       26.98       32.32       16.09      140.64      136.15      192.10      885.93        1.85       33.46      108.46        1.16       23.45     3461.86       10.08       10.88       17.05       43.52       15.68       10.15     1722.89      258.50      460.10      516.92
R6.c-REFP       58.21      204.83        3.94        9.04        1.16      200.77       13.22       15.84        7.89        7.18        6.73        6.47       59.17        0.49        8.84       28.65        0.31        8.11      132.15        6.75        7.29       11.42       29.15      740.70      214.38       98.15       15.73        3.32       75.25
R6.c-REFG       68.59      241.33        4.64       10.66        1.36      236.54       15.58       18.67        9.29        8.46        7.93        7.63       69.72        0.58       10.41       33.75        0.36        9.56      155.70        7.96        8.59       13.46       34.35      872.66      252.57      115.64       18.53        3.91       88.65
R6.c-ICHA      306.66      610.39        5.39       12.38        1.58      666.32      179.32      214.85      106.97       37.38        7.93       20.55       80.08        0.21        3.74       12.13        0.13        6.20      305.46        0.87        0.94        1.47        3.75        0.71        1.51      169.21       39.48       50.65     1256.06
R6.c-BIO         3.17        0.07        0.06        0.14        0.02        7.49        1.77        2.12        1.06        0.42        0.09        0.23        0.90 2.328909E-3        0.04        0.14 1.456163E-3        0.07        3.44        0.01        0.01        0.02        0.04        0.01        0.02        1.76        0.44        0.57        1.48
R6.c-IMEA      153.41      160.49       15.82       36.33        4.65     4791.25        5.85        7.01        3.49     1560.21       73.91      181.91      361.51        0.60       10.79       34.98        0.37       38.93      694.00        0.17        0.19        0.29        0.74        1.02        1.64      405.00       37.16       27.14      110.29
R6.c-COMT       60.11      142.87        5.20       11.93        1.53      396.38        7.85        9.41        4.68       43.34     1244.43       49.98      479.42        3.90       70.54      228.63        2.44       40.90      254.45        4.20        4.54        7.11       18.15      353.21       12.32     1858.03      236.23      679.30      975.49
R6.c-MVT         8.65        5.44        7.29       16.74        2.14       54.71        0.15        0.18        0.09       10.11       23.32      223.96       97.81        0.03        0.45        1.47        0.02        1.73      154.45        7.05        7.61       11.93       30.44                   48.79      169.79       23.97       31.67       70.03
R6.c-CWSR      440.19     1403.97       16.50       37.88        4.85      686.43       25.95       31.10       15.48      232.99      103.25       66.88      243.69        0.31        5.67       18.37        0.20        4.03      266.23        5.95        6.42       10.06       25.68      533.53      195.57      303.80       86.45      135.01       94.20
R6.c-POWF        3.03        1.52        0.09        0.20        0.03       11.30        0.61        0.73        0.36        0.50        0.27        0.18        1.56        0.07        1.25        4.04        0.04        0.28        0.81        0.01        0.01        0.02        0.05        0.05        0.01        4.46        0.62        2.12        3.35
R6.c-POWR       66.88       33.52        1.96        4.50        0.58      249.68       13.46       16.13        8.03       11.10        6.02        4.08       34.41        1.52       27.55       89.31        0.95        6.29       17.95        0.25        0.27        0.42        1.07        1.19        0.21       98.45       13.79       46.75       74.09
R6.c-POWT      143.39       71.87        4.20        9.64        1.23      535.30       28.86       34.58       17.22       23.80       12.91        8.74       73.78        3.27       59.07      191.47        2.04       13.48       38.49        0.53        0.57        0.90        2.30        2.56        0.44      211.06       29.56      100.24      158.85
R6.c-NG          2.39        1.20        0.07        0.16        0.02        8.91        0.48        0.58        0.29        0.40        0.21        0.15        1.23        0.05        0.98        3.19        0.03        0.22        0.64        0.01        0.01        0.01        0.04        0.04        0.01        3.51        0.49        1.67        2.64
R6.c-LTH         6.01        2.07        0.14        0.33        0.04       17.75        1.01        1.20        0.60        1.08        1.14        0.39        2.61        0.09        1.62        5.27        0.06       32.94        1.43        0.02        0.02        0.04        0.10        0.16        0.06       36.08        1.95       22.35       59.72
R6.c-CCON      120.61      282.15        0.34        0.77        0.10      152.46        2.00        2.39        1.19       13.14      108.46        4.32       23.66        0.50        8.97       29.08        0.31       78.89     5821.63        0.16        0.17        0.27        0.69                    0.34     1292.93       37.32      649.53      397.80
R6.c-TRAI       35.61        9.27        0.35        0.79        0.10       54.90        4.63        5.55        2.76        5.32        2.22        1.72       56.97 2.911084E-3        0.05        0.17 1.820171E-3        0.12       19.35        0.95        1.02        1.60        4.09        0.37        0.43      153.81       11.39        1.26       39.89
R6.c-TPIP       30.96        8.06        0.30        0.69        0.09       47.73        4.02        4.82        2.40        4.63        1.93        1.49       49.52 2.530752E-3        0.05        0.15 1.582367E-3        0.10       16.82        0.82        0.89        1.39        3.56        0.32        0.37      133.72        9.90        1.09       34.67
R6.c-TLNL       27.04        7.04        0.26        0.60        0.08       41.69        3.51        4.21        2.10        4.04        1.68        1.30       43.25 2.210336E-3        0.04        0.13 1.382025E-3        0.09       14.69        0.72        0.78        1.22        3.11        0.28        0.32      116.79        8.65        0.96       30.28
R6.c-TLNH      108.17       28.17        1.05        2.41        0.31      166.75       14.06       16.84        8.39       16.16        6.73        5.21      173.01        0.01        0.16        0.52        0.01        0.37       58.77        2.88        3.11        4.87       12.43        1.11        1.29      467.14       34.60        3.82      121.14
R6.c-TSEA       46.69       14.07        5.04       11.58        1.48       80.50        6.32        7.57        3.77        7.49        4.51        2.66       76.16        0.01        0.15        0.49        0.01        0.16       12.49        3.23        3.49        5.47       13.96      582.56        1.24       96.08       16.57        4.03       11.76
R6.c-TAIR       23.22       20.27        3.17        7.27        0.93       62.48        5.45        6.53        3.25        8.80       17.69        4.91       47.00        0.05        0.89        2.88        0.03        0.13       39.07        0.42        0.46        0.72        1.83        6.72       73.03      315.67       24.16       22.21       59.66
R6.c-COFF      561.73      568.61       65.96      151.44       19.38     1334.96       61.53       73.72       36.71      265.17      458.47      137.55     1226.76        5.64      101.91      330.30        3.53       49.74     2584.41       26.47       28.56       44.75      114.23     5932.13     1140.84     3582.65      537.14      810.93     1334.78
R6.c-CENT       43.85       22.06        1.09        2.50        0.32       95.93        5.81        6.96        3.47       14.30      380.53       29.40      284.53        0.62       11.17       36.19        0.39        5.69       72.60        1.09        1.17        1.84        4.69        3.34       32.07      713.41      280.07      175.84      397.99
R6.c-FIN       496.25      766.70       24.57       56.41        7.22      897.22       49.16       58.90       29.33      211.98      400.51      113.52     1571.89        5.07       91.59      296.85        3.17       32.74      743.11        5.78        6.23        9.77       24.94      472.53       55.57     2926.44      422.55     2420.22     1207.85
R6.c-CHEA       12.02        1.94        0.23        0.53        0.07       26.83        2.23        2.68        1.33        4.48        9.34        1.55        6.80        0.05        0.85        2.75        0.03        1.80       19.58        0.08        0.09        0.14        0.36        0.94        0.60       76.88       25.88        6.22      108.47
R4.c-AAGR     4764.58     4271.37        4.17        9.58        1.23      293.41        0.30        0.36        0.35        5.62       34.60       22.80      297.65        0.62       11.26       36.50        0.39       11.45     1824.06        0.34        0.37        0.58        1.48        1.12        2.36     1172.80      219.75      311.72      694.32
R4.c-FISH     1105.09     2683.74        0.12        0.28        0.04        1.06 3.119190E-3 3.737156E-3 3.575544E-3        0.05        1.01        0.13        2.06        0.01        0.23        0.74        0.01        0.04        0.40 3.516372E-3 3.794198E-3        0.01        0.02                    0.01       38.48        1.59        1.28       25.04
R4.c-COIL       12.26        3.08       11.42       26.22        3.35      129.12        5.90        7.07        6.76        0.27        0.02       29.50        1.18        0.05        0.89        2.87        0.03        0.25       38.28        0.80        0.86        1.35        3.44                                8.93        1.69        3.36        0.10
R4.c-GASE       25.65        6.44       23.90       54.87        7.02      270.16       12.34       14.79       14.15        0.55        0.04       61.72        2.47        0.10        1.85        6.00        0.06        0.52       80.11        1.67        1.80        2.82        7.20                               18.69        3.54        7.04        0.20
R4.c-IMIN        3.20        0.80        2.98        6.85        0.88       33.71        1.54        1.84        1.77        0.07        0.01        7.70        0.31        0.01        0.23        0.75        0.01        0.07        9.99        0.21        0.22        0.35        0.90                                2.33        0.44        0.88        0.03
R4.c-IRES      266.82      646.82       57.45      131.90       16.88     2654.36        0.54        0.65        0.62       16.76      116.37      208.73      894.51        0.83       14.96       48.47        0.52       14.29     3137.06       11.52       12.43       19.48       49.72       10.98       10.09     2160.14      309.79      483.14      598.00
R4.c-REFP       37.71      187.64        6.29       14.45        1.85      103.35        0.27        0.32        0.31        0.86        5.75        7.03       59.75        0.22        3.95       12.80        0.14        4.94      119.75        7.72        8.33       13.05       33.31      518.48      213.06      123.06       18.85        3.48       87.05
R4.c-REFG       44.43      221.07        7.41       17.02        2.18      121.76        0.31        0.38        0.36        1.01        6.78        8.29       70.39        0.26        4.65       15.09        0.16        5.83      141.09        9.09        9.81       15.38       39.24      610.85      251.02      144.99       22.21        4.10      102.56
R4.c-ICHA      198.66      559.15        8.62       19.78        2.53      343.00        3.61        4.33        4.14        4.45        6.78       22.33       80.86        0.09        1.67        5.42        0.06        3.78      276.80        0.99        1.07        1.68        4.28        0.50        1.50      212.16       47.32       53.19     1453.09
R4.c-BIO         2.05        0.07        0.10        0.22        0.03        3.86        0.04        0.04        0.04        0.05        0.08        0.25        0.91 1.040893E-3        0.02        0.06 6.508242E-4        0.04        3.11        0.01        0.01        0.02        0.05        0.01        0.02        2.21        0.53        0.60        1.72
R4.c-IMEA       99.38      147.02       25.27       58.02        7.42     2466.38        0.12        0.14        0.14      185.91       63.17      197.66      365.01        0.27        4.82       15.64        0.17       23.74      628.89        0.20        0.21        0.33        0.85        0.71        1.63      507.79       44.54       28.50      127.59
R4.c-COMT       38.94      130.88        8.30       19.06        2.44      204.04        0.16        0.19        0.18        5.16     1063.59       54.31      484.06        1.74       31.53      102.18        1.09       24.93      230.57        4.80        5.18        8.12       20.74      247.24       12.25     2329.57      283.11      713.31     1128.51
R4.c-MVT         5.61        4.99       11.65       26.74        3.42       28.16 3.070300E-3 3.678581E-3 3.519502E-3        1.21       19.93      243.34       98.76        0.01        0.20        0.66        0.01        1.06      139.96        8.06        8.70       13.63       34.78                   48.49      212.88       28.72       33.26       81.02
R4.c-CWSR      285.17     1286.11       26.36       60.51        7.74      353.35        0.52        0.63        0.60       27.76       88.24       72.67      246.05        0.14        2.53        8.21        0.09        2.46      241.25        6.80        7.33       11.49       29.34      373.46      194.37      380.90      103.61      141.77      108.98
R4.c-POWF        1.96        1.39        0.14        0.33        0.04        5.82        0.01        0.01        0.01        0.06        0.23        0.20        1.57        0.03        0.56        1.81        0.02        0.17        0.74        0.01        0.01        0.02        0.06        0.04        0.01        5.59        0.75        2.22        3.88
R4.c-POWR       43.33       30.71        3.13        7.18        0.92      128.53        0.27        0.33        0.31        1.32        5.15        4.43       34.75        0.68       12.32       39.92        0.43        3.83       16.27        0.28        0.31        0.48        1.22        0.84        0.20      123.43       16.52       49.09       85.71
R4.c-POWT       92.89       65.84        6.71       15.40        1.97      275.55        0.58        0.70        0.67        2.84       11.03        9.50       74.49        1.46       26.40       85.58        0.91        8.22       34.88        0.61        0.66        1.03        2.62        1.79        0.44      264.62       35.43      105.26      183.77
R4.c-NG          1.55        1.10        0.11        0.26        0.03        4.59        0.01        0.01        0.01        0.05        0.18        0.16        1.24        0.02        0.44        1.42        0.02        0.14        0.58        0.01        0.01        0.02        0.04        0.03        0.01        4.40        0.59        1.75        3.06
R4.c-LTH         3.90        1.90        0.23        0.53        0.07        9.14        0.02        0.02        0.02        0.13        0.98        0.42        2.64        0.04        0.73        2.35        0.03       20.08        1.30        0.03        0.03        0.04        0.11        0.11        0.06       45.24        2.34       23.47       69.08
R4.c-CCON       78.13      258.47        0.54        1.23        0.16       78.48        0.04        0.05        0.05        1.57       92.70        4.70       23.89        0.22        4.01       13.00        0.14       48.09     5275.42        0.18        0.20        0.31        0.79                    0.33     1621.07       44.73      682.05      460.20
R4.c-TRAI       23.07        8.50        0.55        1.27        0.16       28.26        0.09        0.11        0.11        0.63        1.89        1.87       57.52 1.301093E-3        0.02        0.08 8.135156E-4        0.07       17.53        1.08        1.17        1.83        4.68        0.26        0.42      192.85       13.65        1.32       46.14
R4.c-TPIP       20.06        7.39        0.48        1.10        0.14       24.57        0.08        0.10        0.09        0.55        1.65        1.62       50.00 1.131106E-3        0.02        0.07 7.072302E-4        0.06       15.24        0.94        1.02        1.59        4.06        0.22        0.37      167.65       11.87        1.15       40.11
R4.c-TLNL       17.52        6.45        0.42        0.96        0.12       21.46        0.07        0.08        0.08        0.48        1.44        1.42       43.67 9.878979E-4        0.02        0.06 6.176886E-4        0.06       13.31        0.82        0.89        1.39        3.55        0.19        0.32      146.42       10.37        1.00       35.04
R4.c-TLNH       70.07       25.80        1.67        3.84        0.49       85.84        0.28        0.34        0.32        1.93        5.75        5.67      174.69 3.951592E-3        0.07        0.23 2.470754E-3        0.22       53.25        3.29        3.55        5.56       14.20        0.78        1.29      585.70       41.46        4.01      140.14
R4.c-TSEA       30.25       12.89        8.05       18.49        2.37       41.44        0.13        0.15        0.15        0.89        3.85        2.89       76.90 3.771389E-3        0.07        0.22 2.358082E-3        0.10       11.32        3.70        3.99        6.25       15.95      407.79        1.23      120.46       19.85        4.23       13.60
R4.c-TAIR       15.04       18.57        5.06       11.62        1.49       32.16        0.11        0.13        0.13        1.05       15.12        5.34       47.46        0.02        0.40        1.29        0.01        0.08       35.40        0.48        0.52        0.82        2.09        4.70       72.58      395.79       28.96       23.32       69.02
R4.c-COFF      363.90      520.88      105.36      241.90       30.95      687.20        1.24        1.49        1.42       31.60      391.85      149.45     1238.63        2.52       45.55      147.63        1.58       30.32     2341.93       30.24       32.63       51.14      130.52     4152.42     1133.83     4491.90      643.73      851.53     1544.16
R4.c-CENT       28.41       20.20        1.74        3.99        0.51       49.38        0.12        0.14        0.13        1.70      325.23       31.94      287.29        0.28        4.99       16.17        0.17        3.47       65.79        1.24        1.34        2.10        5.36        2.34       31.87      894.47      335.65      184.64      460.42
R4.c-FIN       321.48      702.33       39.24       90.10       11.53      461.86        0.99        1.19        1.14       25.26      342.31      123.35     1587.11        2.27       40.93      132.68        1.42       19.96      673.39        6.60        7.12       11.16       28.49      330.77       55.23     3669.15      506.40     2541.39     1397.32
R4.c-CHEA        7.78        1.78        0.37        0.85        0.11       13.81        0.05        0.05        0.05        0.53        7.98        1.68        6.87        0.02        0.38        1.23        0.01        1.10       17.74        0.10        0.10        0.16        0.41        0.66        0.59       96.40       31.01        6.53      125.49


----    890 PARAMETER TMTZ  initial total trade and transport margins

R1 210074.04,    R2  72783.76,    R5 114707.95,    R3  63872.59,    R6  24269.91,    R4  20819.76


----    890 PARAMETER TMXZ  initial consumption of good for prod of transport and trade margins

         c-MVT      c-CWSR      c-TRAI      c-TPIP      c-TLNL      c-TLNH

R1    52107.42   153764.17      741.73      644.82      563.18     2252.72
R2    16253.25    55499.02      182.06      158.27      138.23      552.93
R5    17279.07    96180.93      220.26      191.48      167.24      668.96
R3    14006.32    48941.76      163.17      141.86      123.89      495.58
R6     4265.59    19691.23       55.26       48.04       41.96      167.83
R4     4486.35    16022.88       54.81       47.65       41.62      166.46


----    894 div0 8

----    907 PARAMETER TMCZ  transport and trade margins

c-AAGR 133487.00,    c-FISH   7195.00,    c-COIL   4527.87,    c-GASE   9474.05,    c-IMIN   1182.08,    c-IRES 140913.00,    c-REFP  12676.24,    c-REFG  14934.76,    c-ICHA  45781.17,    c-BIO     283.83,    c-IMEA  34984.00,    c-COMT  37227.00,    c-MVT   37600.00,    c-CENT  26262.00


----    934 div0 9

----    953 PARAMETER CZ  initial consumer demand for goods and leisure

        c-AAGR      c-FISH      c-COIL      c-GASE      c-IMIN      c-IRES      c-REFP      c-REFG      c-ICHA       c-BIO      c-IMEA      c-COMT       c-MVT      c-CWSR      c-POWF      c-POWR      c-POWT        c-NG       c-LTH      c-CCON      c-TRAI      c-TPIP      c-TLNL      c-TLNH      c-TSEA      c-TAIR      c-COFF      c-CENT       c-FIN      c-CHEA

R1   163720.21     1220.57       99.60      208.40       26.00    49610.56     7275.93     8572.28    17348.44      113.73     3296.91    38793.95    61444.69       37.75      358.68     7923.35    16986.96      282.77     3818.89      733.32     1539.72     1338.55     1169.08     4676.32     4369.80     7707.81    95839.86    60259.05   162336.38    52824.14
R2    46408.99      346.17       30.30       63.39        7.91    14063.12     2058.22     2424.93     4941.73       32.46      938.34    10957.94    16589.93       10.53      101.73     2247.22     4817.83       80.20     1083.09      210.84      425.77      370.14      323.28     1293.12     1770.31     2538.24    21357.62    17089.25    45909.67    12955.32
R5    38165.94      284.47       24.06       50.35        6.28    11566.33     1690.67     1991.90     4045.97       26.55      767.21     9020.43    14303.17        8.68       83.69     1848.73     3963.50       65.98      890.72      171.62      349.98      304.26      265.74     1062.94     2692.34     3763.46    20978.51    14097.04    37809.74    12407.68
R3    41908.58      312.39       25.62       53.62        6.69    12703.50     1860.55     2192.05     4439.72       29.11      847.76     9908.33    15302.56        9.51       91.87     2029.33     4350.71       72.42      977.86      188.65      379.69      330.09      288.29     1153.18      856.12     1950.88    22800.75    15419.47    41496.43    14040.37
R6    14422.36      107.50        8.78       18.37        2.29     4376.50      641.15      755.39     1528.65       10.02      290.50     3412.40     5397.18        3.27       31.65      699.19     1499.00       24.95      336.78       64.38      130.78      113.69       99.30      397.18      229.70      634.42     8894.18     5304.06    14299.77     5786.50
R4    14348.92      106.90        8.75       18.30        2.28     4351.99      634.90      748.02     1514.67        9.93      287.28     3401.95     5683.47        3.26       31.43      694.39     1488.71       24.78      334.61       63.19      134.47      116.90      102.10      408.41      163.72      561.20    11021.08     5275.13    14265.01     6686.00


----    953 PARAMETER IZ  initial investment demand private

        c-AAGR      c-FISH      c-COIL      c-GASE      c-IMIN      c-IRES      c-ICHA       c-BIO      c-IMEA      c-COMT       c-MVT      c-CWSR      c-CCON      c-TSEA      c-TAIR      c-COFF      c-CENT       c-FIN      c-CHEA

R1     1928.87        0.07      692.04     1448.02      180.67    35203.54      324.81        3.54     5861.72    53810.01    42364.18     8844.01   202294.91      916.69     1073.03    75494.60     3466.70    28112.90      783.90
R2      749.02        2.60     2043.91     4276.64      533.60    13812.52       48.78        0.59     4388.52     9315.97    24746.05     1931.17    68042.89      440.19      253.16    15033.33      624.64     5344.49      190.32
R5      511.83       10.44    13505.72    28259.15     3525.92    13808.33      279.45        3.19     3157.98     7690.23    23040.41     1827.85    45446.86      733.35      210.52    15377.32      551.68     5064.91      183.99
R3      834.01       12.62      272.63      570.45       71.18    11383.56       44.48        0.51     2347.01     7802.11    18698.62     1664.37    50231.52      285.55      274.06    13699.03      552.42     4709.34      207.78
R6      203.33        7.97       98.84      206.82       25.81     6753.21       26.39        0.30     1479.40     2195.04     2213.86      536.26    16000.61      205.43       96.41     4406.85      149.62     1133.05       86.24
R4      132.59        7.30      143.62      300.50       37.49     3514.68        2.92        0.04      557.00     1872.13     2394.15      474.53    14441.09      143.80       95.82     5311.18      179.22     1188.80       99.78


----    953 PARAMETER CGZ  initial government demand for goods

        c-IRES      c-ICHA      c-COMT       c-MVT       c-LTH      c-CCON      c-TRAI      c-TPIP      c-TLNL      c-TLNH      c-COFF      c-CENT       c-FIN      c-CHEA

R1     3472.21     5769.44      300.61      967.31      634.26      134.17      453.94      394.63      344.67     1378.67   158336.68     5938.99      456.02   266778.04
R2      984.27     1643.44       84.91      261.17      179.89       38.58      125.53      109.13       95.31      381.24    35284.84     1684.28      128.96    65428.31
R5      809.52     1345.54       69.90      225.17      147.94       31.40      103.18       89.70       78.34      313.38    34658.52     1389.37      106.21    62662.56
R3      889.11     1476.49       76.78      240.91      162.41       34.52      111.94       97.32       84.99      339.98    37669.03     1519.71      116.57    70908.15
R6      306.31      508.37       26.44       84.97       55.93       11.78       38.56       33.52       29.27      117.10    14694.04      522.76       40.17    29223.61
R4      304.59      503.72       26.36       89.47       55.57       11.56       39.65       34.47       30.10      120.41    18207.89      519.90       40.07    33766.34


----    978 PARAMETER TMCZ_R  regional version of trade and transportmargins

        c-AAGR      c-FISH      c-COIL      c-GASE      c-IMIN      c-IRES      c-REFP      c-REFG      c-ICHA       c-BIO      c-IMEA      c-COMT       c-MVT      c-CENT

R1    64297.80     2387.13     1867.71     3907.96      487.60    67550.05     5291.43     6234.20    21826.55      135.02    14217.39    20616.02    18074.49    14166.36
R2    19847.14     1012.93      401.29      839.65      104.76    20711.72     1722.77     2029.72     6028.07       37.97     6607.92     4791.32     5637.76     3588.78
R5    16704.99     1106.80     1736.31     3633.02      453.29    24094.08     3050.22     3593.68     7949.24       56.92     6534.44     4790.11     5993.59     3143.38
R3    20044.07     1566.64      323.82      677.57       84.54    17052.64     1448.96     1707.12     5763.59       32.73     4485.66     4228.05     4858.37     3221.71
R6     6641.27      614.35      158.83      332.34       41.47     6180.44      627.95      739.83     2253.53       12.24     1977.67     1404.77     1479.60     1064.56
R4     5951.72      507.14       39.91       83.51       10.42     5324.07      534.91      630.22     1960.20        8.96     1160.92     1396.74     1556.18     1077.21


----    978 PARAMETER TMXZ  initial consumption of good for prod of transport and trade margins

         c-MVT      c-CWSR      c-TRAI      c-TPIP      c-TLNL      c-TLNH

R1    52107.42   153764.17      741.73      644.82      563.18     2252.72
R2    16253.25    55499.02      182.06      158.27      138.23      552.93
R5    17279.07    96180.93      220.26      191.48      167.24      668.96
R3    14006.32    48941.76      163.17      141.86      123.89      495.58
R6     4265.59    19691.23       55.26       48.04       41.96      167.83
R4     4486.35    16022.88       54.81       47.65       41.62      166.46


----    978 PARAMETER TMXZ_old  

         c-MVT      c-CWSR      c-TRAI      c-TPIP      c-TLNL      c-TLNH

R1    52107.42   153764.17      741.73      644.82      563.18     2252.72
R2    16253.25    55499.02      182.06      158.27      138.23      552.93
R5    17279.07    96180.93      220.26      191.48      167.24      668.96
R3    14006.32    48941.76      163.17      141.86      123.89      495.58
R6     4265.59    19691.23       55.26       48.04       41.96      167.83
R4     4486.35    16022.88       54.81       47.65       41.62      166.46


----    989 div0 10

----   1000 PARAMETER MROWZ  initial imports from RoW

        c-AAGR      c-FISH      c-COIL      c-GASE      c-IMIN      c-IRES      c-REFP      c-REFG      c-ICHA       c-BIO      c-IMEA      c-COMT       c-MVT      c-CWSR      c-POWF      c-POWR      c-POWT        c-NG       c-LTH      c-CCON      c-TRAI      c-TPIP      c-TLNL      c-TLNH      c-TSEA      c-TAIR      c-COFF      c-CENT       c-FIN

R1    70938.59      516.51     2875.55     6016.75      750.71   100144.09     8489.17    10001.68    31774.68      241.47    34772.46    66317.63    62454.12     7552.72       32.87      726.07     1556.63       25.91       43.02     1466.68        5.54        4.82        4.21       16.83      458.86     5156.95    82610.64     8371.20    25923.56
R2    21932.99      219.25      941.03     1969.00      245.67    31981.66     2763.89     3256.33     8755.20       67.70    17035.60    14404.97    23597.42     2679.15        9.39      207.44      444.72        7.40       11.54      459.07        1.36        1.18        1.03        4.13      177.47     1427.67    20675.35     2101.92     6518.24
R5    18432.82      239.79     4866.74    10183.10     1270.55    36249.08     4893.54     5765.43    11652.47      102.69    16225.41    13888.46    23920.28     4586.53       10.94      241.74      518.28        8.63       10.56      322.77        1.65        1.43        1.25        5.00      371.72     2114.35    26869.68     1841.40     6632.93
R3    22168.79      339.35      524.60     1097.66      136.96    26336.32     2324.60     2738.77     8369.99       58.35    11232.28    12579.25    19397.57     2361.17        8.31      183.48      393.38        6.55       10.52      350.76        1.22        1.06        0.93        3.70      109.19     1169.52    18777.43     1886.31     5764.24
R6     7328.15      133.16      251.36      525.94       65.62    10655.95     1007.43     1186.93     3277.09       21.87     5185.74     4053.97     4664.86      945.03        3.15       69.61      149.25        2.48        3.75      111.88        0.41        0.36        0.31        1.25       49.14      385.95     7178.43      620.87     1887.84
R4     6555.66      109.95       83.42      174.55       21.78     8205.90      858.17     1011.07     2840.57       15.91     2880.51     3932.73     4929.75      770.40        2.69       59.45      127.45        2.12        3.66      103.84        0.41        0.36        0.31        1.24       37.63      374.56     7804.48      630.30     1871.19


----   1017 div0 11

----   1033 div0 12

----   1058 PARAMETER demandr  

        c-AAGR      c-FISH      c-COIL      c-GASE      c-IMIN      c-IRES      c-REFP      c-REFG      c-ICHA       c-BIO      c-IMEA      c-COMT       c-MVT      c-CWSR      c-POWF      c-POWR      c-POWT        c-NG       c-LTH      c-CCON      c-TRAI      c-TPIP      c-TLNL      c-TLNH      c-TSEA      c-TAIR      c-COFF      c-CENT       c-FIN      c-CHEA

R1   231777.37    17137.96    13986.25    29264.62     3651.37   136732.71    15521.07    18286.45    32136.49      218.74    31423.80   143599.71   112489.32   195524.96      686.49    15164.84    32512.07      541.20     6673.49   365031.44     7671.27     6669.02     5824.66    23298.66    12509.16    14711.54   517702.96   104769.94   368880.44   324248.42
R2    71661.57     7274.64     4577.05     9576.94     1194.92    43666.47     5053.32     5953.67     8854.89       61.33    15395.03    31191.54    42502.52    69357.94      196.13     4332.54     9288.57      154.62     1790.05   114253.42     1882.90     1636.90     1429.65     5718.61     4838.07     4072.81   129567.91    26306.70    92751.56    79481.74
R5    60225.46     7956.16    23671.14    49529.12     6179.79    49493.04     8947.05    10541.15    11785.15       93.02    14662.87    30073.13    43084.04   118736.30      228.57     5049.09    10824.80      180.19     1638.34    80331.35     2278.04     1980.42     1729.68     6918.72    10133.54     6031.72   168386.47    23046.03    94383.53    76239.81
R3    72432.01    11259.60     2551.56     5338.85      666.13    35958.55     4250.15     5007.39     8465.30       52.86    10150.59    27238.25    34937.96    61126.04      173.48     3832.29     8216.09      136.77     1631.27    87298.44     1687.62     1467.13     1281.38     5125.51     2976.63     3336.36   117674.06    23608.22    82022.42    85970.41
R6    23943.24     4418.32     1222.57     2558.09      319.17    14549.20     1841.93     2170.10     3314.40       19.81     4686.34     8778.19     8402.13    24465.03       65.82     1453.96     3117.17       51.89      581.94    27843.70      571.51      496.85      433.94     1735.76     1339.57     1101.02    44985.64     7770.50    26863.10    35376.08
R4    21419.28     3648.01      405.74      848.97      105.93    11204.00     1569.03     1848.58     2872.92       14.42     2603.11     8515.68     8879.22    19944.11       56.21     1241.67     2662.03       44.31      568.31    25844.74      566.86      492.80      430.40     1721.61     1025.84     1068.54    48909.01     7888.54    26626.21    40835.54


----   1058 PARAMETER supplyr  

        c-AAGR      c-FISH      c-COIL      c-GASE      c-IMIN      c-IRES      c-REFP      c-REFG      c-ICHA       c-BIO      c-IMEA      c-COMT       c-MVT      c-CWSR      c-POWF      c-POWR      c-POWT        c-NG       c-LTH      c-CCON      c-TRAI      c-TPIP      c-TLNL      c-TLNH      c-TSEA      c-TAIR      c-COFF      c-CENT       c-FIN      c-CHEA

R1   116203.42       78.98     1720.63     3600.22      449.20    50580.08     4871.49     5739.44     3507.09       51.68    13133.14   117966.77    67405.33   282296.42      376.72     8313.49    17823.40      296.69     4543.53   321358.55     1946.73     1692.39     1478.12     5912.49    10768.13    14058.12   580065.70    97314.98   416400.73   324344.32
R2    45124.11     2785.00     5081.77    10633.03     1326.69    19845.68      473.74      558.15      526.68        8.63     9832.44    20423.24    39373.26    61641.93      172.56     3808.00     8164.01      135.90     1565.07   108090.53      849.45      738.47      644.97     2579.89     5170.77     3316.72   115509.17    17534.57    79161.10    78743.86
R5    30834.70    11170.82    33579.35    70260.91     8766.51    19839.67     3543.78     4175.17     3017.32       46.52     7075.43    16859.16    36659.43    58344.09      212.87     4721.81    10123.14      168.51     1743.26    72195.28    10107.50     8786.96     7674.46    30697.83     8614.47     2758.09   118152.24    15486.32    75020.06    76128.52
R3    50244.66    13497.11      677.85     1418.31      176.96    16355.77      562.68      662.93      480.23        7.44     5258.46    17104.43    29751.23    53125.81      152.66     3368.94     7222.71      120.23     1394.85    79796.02      507.01      440.77      384.96     1539.85     3354.31     3590.55   105257.00    15507.33    69753.43    85969.20
R6    12249.32     8522.31      245.76      514.22       64.16     9702.94      358.98      422.94      284.92        4.33     3314.59     4812.15     3522.45    17117.05      119.25     2631.67     5642.07       93.92      878.71    25418.00      167.89      145.96      127.48      509.92     2413.14     1263.14    33860.21     4199.97    16782.41    35682.96
R4     7987.79     7806.78      357.08      747.14       93.22     5049.86        9.51       11.20       31.57        0.58     1247.95     4104.24     3809.31    15146.71       53.33     1176.98     2523.33       42.00      531.37    22940.61      191.84      166.77      145.66      582.64     1689.17     1255.38    40808.68     5030.83    17608.26    41283.13


----   1081 PARAMETER ch_difference  

c-AAGR 5.82077E-11,    c-FISH 1.45519E-11,    c-COIL -2.9104E-11,    c-GASE -1.4552E-11,    c-IMIN -2.1828E-11,    c-IRES -5.8208E-11,    c-REFP 7.27596E-12,    c-ICHA -4.3656E-11,    c-BIO  5.68434E-14,    c-IMEA 1.45519E-11,    c-COMT -1.1642E-10,    c-MVT  -2.9104E-11,    c-CWSR -1.7462E-10,    c-POWF -2.2737E-13,    c-POWR 1.09139E-11,    c-POWT 1.45519E-11,    c-NG   2.27374E-13,    c-TRAI 1.81899E-12,    c-TPIP 3.63798E-12,    c-TLNL -1.8190E-12,    c-TLNH -7.2760E-12,    c-TSEA 7.27596E-12,    c-TAIR -3.6380E-12,    c-CENT 2.91038E-11,    c-FIN  -1.1642E-10,    c-CHEA -1.1642E-10


----   1081 PARAMETER matrise1  

                 O       TAXCZ        TMCZ           D  ch_differ~       MROWZ       EROWZ  XZ - MROWZ  XDDZ - ER~

c-AAGR   262644.00    85327.94   133487.00  -481458.94 5.82077E-11   147357.00    71478.00   481458.94   262644.00
c-FISH    43861.00      638.68     7195.00   -51694.68 1.45519E-11     1558.00    63254.00    51694.68    43861.00
c-COIL    41662.43      224.01     4527.87   -46414.31 -2.9104E-11     9542.70   144254.00    46414.31    41662.43
c-GASE    87173.83      468.72     9474.05   -97116.59 -1.4552E-11    19967.00   301834.85    97116.59    87173.83
c-IMIN    10876.74       58.48     1182.08   -12117.31 -2.1828E-11     2491.30    37660.16    12117.31    10876.74
c-IRES   121374.00    29316.98   140913.00  -291603.98 -5.8208E-11   213573.00    70718.00   291603.98   121374.00
c-REFP     9820.17    14686.13    12676.24   -37182.54 7.27596E-12    20336.80    21225.62    37182.54     9820.17
c-REFG    11569.83    17302.75    14934.76   -43807.34                23960.20    25007.38    43807.34    11569.83
c-ICHA     7847.82    13800.15    45781.17   -67429.14 -4.3656E-11    66670.00    58379.14    67429.14     7847.82
c-BIO       119.18       57.16      283.83     -460.17 5.68434E-14      508.00      458.86      460.17      119.18
c-IMEA    39862.00     4075.74    34984.00   -78921.74 1.45519E-11    87332.00    80037.00    78921.74    39862.00
c-COMT   181270.00    30899.49    37227.00  -249396.49 -1.1642E-10   115177.00    50537.00   249396.49   181270.00
c-MVT    180521.00    32174.19    37600.00  -250295.19 -2.9104E-11   138964.00    29898.00   250295.19   180521.00
c-CWSR   487672.00     1482.37              -489154.37 -1.7462E-10    18895.00    16867.00   489154.37   487672.00
c-POWF     1087.40      319.30                -1406.70 -2.2737E-13       67.35       63.89     1406.70     1087.40
c-POWR    24020.89     7053.49               -31074.39 1.09139E-11     1487.80     1411.29    31074.39    24020.89
c-POWT    51498.67    15122.07               -66620.74 1.45519E-11     3189.71     3025.68    66620.74    51498.67
c-NG        857.25      251.72                -1108.98 2.27374E-13       53.10       50.37     1108.98      857.25
c-LTH     10656.79     2226.60               -12883.39                   83.05       78.77    12883.39    10656.79
c-CCON   629799.00    70804.09              -700603.08                 2815.00     1978.00   700603.09   629799.00
c-TRAI    13770.42      887.77               -14658.19 1.81899E-12       10.59     3064.72    14658.19    13770.42
c-TPIP    11971.33      771.78               -12743.11 3.63798E-12        9.21     2664.32    12743.11    11971.33
c-TLNL    10455.65      674.07               -11129.72 -1.8190E-12        8.04     2326.99    11129.72    10455.65
c-TLNH    41822.60     2696.27               -44518.87 -7.2760E-12       32.16     9307.97    44518.87    41822.60
c-TSEA    32010.00      812.80               -32822.80 7.27596E-12     1204.00   121403.00    32822.80    32010.00
c-TAIR    26242.00     4080.01               -30322.01 -3.6380E-12    10629.00    18456.00    30322.01    26242.00
c-COFF   993653.00    33573.06             -1027226.06               163916.00    60476.00  1027226.05   993653.00
c-CENT   155074.00    12053.92    26262.00  -193389.92 2.91038E-11    15452.00     2774.00   193389.92   155074.00
c-FIN    674726.00    16801.26              -691527.26 -1.1642E-10    48598.00    39353.00   691527.26   674726.00
c-CHEA   642152.00                          -642152.00 -1.1642E-10                 2317.00   642152.00   642152.00


----   1083 div0 13

----   1098 div0 14

----   1118 problem with ch-difference for good

----   1119 PARAMETER gcount  

c-AAGR 1.00,    c-FISH 1.00,    c-COIL 1.00,    c-GASE 1.00,    c-IMIN 1.00,    c-IRES 1.00,    c-REFP 1.00,    c-ICHA 1.00,    c-IMEA 1.00,    c-COMT 1.00,    c-MVT  1.00,    c-CWSR 1.00,    c-POWF 1.00,    c-POWR 1.00,    c-POWT 1.00,    c-NG   1.00,    c-TRAI 1.00,    c-TPIP 1.00,    c-TLNL 1.00,    c-TLNH 1.00,    c-TSEA 1.00,    c-TAIR 1.00,    c-CENT 1.00,    c-FIN  1.00,    c-CHEA 1.00


----   1126 PARAMETER cons_check  consistency check

                      ( ALL        0.00 )


----   1135 PARAMETER XDDE_o  initial split according to origin indic

                   R1          R2          R5          R3          R6          R4

c-AAGR.R1    55941.06    17296.01    14535.83    17481.96     5778.87     5169.69
c-AAGR.R2    21723.03     6716.39     5644.55     6788.60     2244.05     2007.49
c-AAGR.R5    14844.02     4589.51     3857.10     4638.86     1533.43     1371.78
c-AAGR.R3    24188.10     7478.54     6285.08     7558.95     2498.70     2235.30
c-AAGR.R6     5896.90     1823.22     1532.26     1842.82      609.17      544.95
c-AAGR.R4     3845.37     1188.92      999.19     1201.71      397.24      355.36
c-FISH.R1       26.18       11.11       12.16       17.20        6.75        5.57
c-FISH.R2      923.29      391.91      428.63      606.60      238.03      196.53
c-FISH.R5     3703.38     1571.99     1719.26     2433.11      954.77      788.31
c-FISH.R3     4474.60     1899.36     2077.30     2939.80     1153.59      952.47
c-FISH.R6     2825.34     1199.29     1311.64     1856.24      728.40      601.40
c-FISH.R4     2588.12     1098.59     1201.52     1700.39      667.24      550.91
c-COIL.R1      518.49      169.68      877.51       94.59       45.32       15.04
c-COIL.R2     1531.32      501.13     2591.69      279.36      133.86       44.42
c-COIL.R5    10118.63     3311.36    17125.35     1845.98      884.49      293.54
c-COIL.R3      204.26       66.84      345.70       37.26       17.85        5.93
c-COIL.R6       74.06       24.23      125.34       13.51        6.47        2.15
c-COIL.R4      107.60       35.21      182.11       19.63        9.41        3.12
c-GASE.R1     1084.87      355.03     1836.10      197.92       94.83       31.47
c-GASE.R2     3204.10     1048.55     5422.81      584.54      280.08       92.95
c-GASE.R5    21172.07     6928.63    35832.82     3862.49     1850.70      614.20
c-GASE.R3      427.39      139.86      723.33       77.97       37.36       12.40
c-GASE.R6      154.95       50.71      262.25       28.27       13.54        4.50
c-GASE.R4      225.14       73.68      381.04       41.07       19.68        6.53
c-IMIN.R1      135.36       44.30      229.09       24.69       11.83        3.93
c-IMIN.R2      399.78      130.83      676.61       72.93       34.95       11.60
c-IMIN.R5     2641.65      864.49     4470.89      481.93      230.91       76.63
c-IMIN.R3       53.33       17.45       90.25        9.73        4.66        1.55
c-IMIN.R6       19.33        6.33       32.72        3.53        1.69        0.56
c-IMIN.R4       28.09        9.19       47.54        5.12        2.46        0.81
c-IRES.R1    23716.93     7574.15     8584.80     6237.18     2523.63     1943.39
c-IRES.R2     9305.61     2971.81     3368.35     2447.23      990.17      762.51
c-IRES.R5     9302.79     2970.91     3367.33     2446.49      989.87      762.28
c-IRES.R3     7669.20     2449.21     2776.01     2016.88      816.05      628.42
c-IRES.R6     4549.70     1452.97     1646.85     1196.50      484.12      372.81
c-IRES.R4     2367.87      756.19      857.10      622.71      251.96      194.03
c-REFP.R1     2033.50      662.06     1172.20      556.83      241.32      205.57
c-REFP.R2      197.75       64.38      113.99       54.15       23.47       19.99
c-REFP.R5     1479.28      481.62      852.72      405.07      175.55      149.54
c-REFP.R3      234.88       76.47      135.39       64.32       27.87       23.74
c-REFP.R6      149.85       48.79       86.38       41.03       17.78       15.15
c-REFP.R4        3.97        1.29        2.29        1.09        0.47        0.40
c-REFG.R1     2395.81      780.02     1381.05      656.05      284.32      242.19
c-REFG.R2      232.99       75.86      134.30       63.80       27.65       23.55
c-REFG.R5     1742.84      567.43     1004.65      477.24      206.83      176.18
c-REFG.R3      276.73       90.10      159.52       75.78       32.84       27.97
c-REFG.R6      176.55       57.48      101.77       48.34       20.95       17.85
c-REFG.R4        4.68        1.52        2.70        1.28        0.55        0.47
c-ICHA.R1     1671.47      460.56      612.96      440.29      172.39      149.42
c-ICHA.R2      251.01       69.16       92.05       66.12       25.89       22.44
c-ICHA.R5     1438.04      396.24      527.36      378.81      148.31      128.56
c-ICHA.R3      228.88       63.06       83.93       60.29       23.61       20.46
c-ICHA.R6      135.79       37.42       49.80       35.77       14.00       12.14
c-ICHA.R4       15.05        4.15        5.52        3.96        1.55        1.35
c-BIO .R1       24.56        6.89       10.45        5.94        2.23        1.62
c-BIO .R2        4.10        1.15        1.74        0.99        0.37        0.27
c-BIO .R5       22.11        6.20        9.40        5.34        2.00        1.46
c-BIO .R3        3.53        0.99        1.50        0.85        0.32        0.23
c-BIO .R6        2.06        0.58        0.88        0.50        0.19        0.14
c-BIO .R4        0.28        0.08        0.12        0.07        0.03        0.02
c-IMEA.R1     5229.14     2561.84     2440.01     1689.13      779.84      433.18
c-IMEA.R2     3914.92     1917.98     1826.77     1264.61      583.85      324.31
c-IMEA.R5     2817.18     1380.18     1314.54      910.01      420.14      233.37
c-IMEA.R3     2093.73     1025.75      976.97      676.32      312.25      173.44
c-IMEA.R6     1319.75      646.57      615.82      426.31      196.82      109.33
c-IMEA.R4      496.89      243.43      231.86      160.51       74.10       41.16
c-COMT.R1    67923.95    14753.88    14224.86    12883.94     4152.16     4027.99
c-COMT.R2    11759.47     2554.30     2462.71     2230.56      718.85      697.35
c-COMT.R5     9707.31     2108.54     2032.94     1841.30      593.40      575.66
c-COMT.R3     9848.54     2139.22     2062.51     1868.09      602.04      584.03
c-COMT.R6     2770.78      601.85      580.27      525.57      169.38      164.31
c-COMT.R4     2363.18      513.31      494.90      448.25      144.46      140.14
c-MVT .R1    30293.75    11446.07    11602.68     9408.91     2262.72     2391.20
c-MVT .R2    17695.39     6685.96     6777.43     5496.00     1321.72     1396.77
c-MVT .R5    16475.72     6225.12     6310.29     5117.18     1230.62     1300.49
c-MVT .R3    13371.00     5052.04     5121.17     4152.89      998.72     1055.42
c-MVT .R6     1583.08      598.15      606.33      491.69      118.24      124.96
c-MVT .R4     1712.00      646.86      655.71      531.73      127.87      135.14
c-CWSR.R1   112839.62    40027.24    68524.04    35276.52    14119.04    11509.96
c-CWSR.R2    24639.53     8740.30    14962.83     7702.94     3083.02     2513.30
c-CWSR.R5    23321.32     8272.70    14162.32     7290.83     2918.08     2378.84
c-CWSR.R3    21235.47     7532.79    12895.65     6638.74     2657.08     2166.08
c-CWSR.R6     6842.03     2427.05     4154.96     2138.99      856.11      697.91
c-CWSR.R4     6054.45     2147.67     3676.68     1892.77      757.56      617.57
c-POWF.R1      183.85       52.52       61.21       46.46       17.63       15.05
c-POWF.R2       84.21       24.06       28.04       21.28        8.07        6.89
c-POWF.R5      103.89       29.68       34.59       26.25        9.96        8.51
c-POWF.R3       74.50       21.28       24.80       18.83        7.14        6.10
c-POWF.R6       58.20       16.63       19.38       14.71        5.58        4.77
c-POWF.R4       26.03        7.44        8.67        6.58        2.50        2.13
c-POWR.R1     4057.13     1159.11     1350.81     1025.27      388.99      332.19
c-POWR.R2     1858.37      530.93      618.74      469.63      178.18      152.16
c-POWR.R5     2304.32      658.34      767.22      582.32      220.93      188.67
c-POWR.R3     1644.10      469.71      547.40      415.48      157.63      134.62
c-POWR.R6     1284.30      366.92      427.60      324.55      123.14      105.16
c-POWR.R4      574.38      164.10      191.24      145.15       55.07       47.03
c-POWT.R1     8698.13     2485.02     2896.02     2198.09      833.95      712.19
c-POWT.R2     3984.18     1138.26     1326.52     1006.84      381.99      326.22
c-POWT.R5     4940.27     1411.42     1644.85     1248.45      473.66      404.50
c-POWT.R3     3524.81     1007.02     1173.58      890.75      337.95      288.60
c-POWT.R6     2753.43      786.64      916.75      695.82      263.99      225.45
c-POWT.R4     1231.43      351.82      410.00      311.19      118.07      100.83
c-NG  .R1      144.79       41.37       48.21       36.59       13.88       11.86
c-NG  .R2       66.32       18.95       22.08       16.76        6.36        5.43
c-NG  .R5       82.24       23.49       27.38       20.78        7.88        6.73
c-NG  .R3       58.67       16.76       19.54       14.83        5.63        4.80
c-NG  .R6       45.83       13.09       15.26       11.58        4.39        3.75
c-NG  .R4       20.50        5.86        6.82        5.18        1.97        1.68
c-LTH .R1     2353.51      631.29      577.78      575.29      205.23      200.42
c-LTH .R2      810.69      217.45      199.02      198.17       70.69       69.04
c-LTH .R5      902.99      242.21      221.68      220.73       78.74       76.90
c-LTH .R3      722.52      193.80      177.38      176.61       63.01       61.53
c-LTH .R6      455.16      122.09      111.74      111.26       39.69       38.76
c-LTH .R4      275.25       73.83       67.57       67.28       24.00       23.44
c-CCON.R1   167435.71    52406.72    36847.06    40042.79    12771.58    11854.68
c-CCON.R2    56317.83    17627.26    12393.69    13468.59     4295.79     3987.38
c-CCON.R5    37615.52    11773.51     8277.93     8995.87     2869.22     2663.23
c-CCON.R3    41575.69    13013.03     9149.43     9942.96     3171.29     2943.62
c-CCON.R6    13243.41     4145.13     2914.44     3167.20     1010.17      937.65
c-CCON.R4    11952.62     3741.12     2630.38     2858.51      911.72      846.26
c-TRAI.R1     1018.81      250.06      302.54      224.13       75.90       75.28
c-TRAI.R2      444.55      109.11      132.01       97.80       33.12       32.85
c-TRAI.R5     5289.70     1298.34     1570.82     1163.69      394.08      390.87
c-TRAI.R3      265.34       65.13       78.79       58.37       19.77       19.61
c-TRAI.R6       87.87       21.57       26.09       19.33        6.55        6.49
c-TRAI.R4      100.40       24.64       29.81       22.09        7.48        7.42
c-TPIP.R1      885.70      217.39      263.02      194.85       65.99       65.45
c-TPIP.R2      386.47       94.86      114.77       85.02       28.79       28.56
c-TPIP.R5     4598.60     1128.72     1365.59     1011.65      342.60      339.81
c-TPIP.R3      230.67       56.62       68.50       50.75       17.19       17.05
c-TPIP.R6       76.39       18.75       22.68       16.80        5.69        5.64
c-TPIP.R4       87.28       21.42       25.92       19.20        6.50        6.45
c-TLNL.R1      773.57      189.87      229.72      170.18       57.63       57.16
c-TLNL.R2      337.54       82.85      100.24       74.26       25.15       24.94
c-TLNL.R5     4016.38      985.81     1192.69      883.57      299.22      296.78
c-TLNL.R3      201.47       49.45       59.83       44.32       15.01       14.89
c-TLNL.R6       66.72       16.38       19.81       14.68        4.97        4.93
c-TLNL.R4       76.23       18.71       22.64       16.77        5.68        5.63
c-TLNH.R1     3094.26      759.48      918.87      680.71      230.52      228.65
c-TLNH.R2     1350.17      331.40      400.94      297.03      100.59       99.77
c-TLNH.R5    16065.51     3943.24     4770.78     3534.28     1196.89     1187.13
c-TLNH.R3      805.87      197.80      239.31      177.28       60.04       59.55
c-TLNH.R6      266.86       65.50       79.25       58.71       19.88       19.72
c-TLNH.R4      304.92       74.84       90.55       67.08       22.72       22.53
c-TSEA.R1     4103.86     1587.22     3324.50      976.54      439.47      336.55
c-TSEA.R2     1970.64      762.17     1596.40      468.93      211.03      161.61
c-TSEA.R5     3283.08     1269.77     2659.59      781.23      351.57      269.24
c-TSEA.R3     1278.37      494.42     1035.59      304.20      136.90      104.84
c-TSEA.R6      919.68      355.70      745.02      218.84       98.49       75.42
c-TSEA.R4      643.76      248.98      521.51      153.19       68.94       52.79
c-TAIR.R1     6820.68     1888.27     2796.47     1546.83      510.47      495.41
c-TAIR.R2     1609.20      445.50      659.77      364.94      120.43      116.88
c-TAIR.R5     1338.16      370.46      548.65      303.48      100.15       97.19
c-TAIR.R3     1742.05      482.28      714.24      395.07      130.38      126.53
c-TAIR.R6      612.85      169.66      251.27      138.99       45.87       44.51
c-TAIR.R4      609.08      168.62      249.72      138.13       45.58       44.24
c-COFF.R1   292342.40    73165.88    95086.39    66449.53    25403.01    27618.50
c-COFF.R2    58214.49    14569.61    18934.66    13232.17     5058.53     5499.70
c-COFF.R5    59546.55    14902.99    19367.93    13534.95     5174.28     5625.55
c-COFF.R3    53047.59    13276.46    17254.09    12057.73     4609.55     5011.57
c-COFF.R6    17064.92     4270.92     5550.48     3878.86     1482.85     1612.18
c-COFF.R4    20566.82     5147.35     6689.50     4674.85     1787.15     1943.01
c-CENT.R1    52720.87    13237.69    11596.90    11879.80     3910.16     3969.56
c-CENT.R2     9499.44     2385.22     2089.57     2140.55      704.55      715.25
c-CENT.R5     8389.79     2106.59     1845.48     1890.50      622.25      631.70
c-CENT.R3     8401.17     2109.45     1847.99     1893.07      623.09      632.56
c-CENT.R6     2275.35      571.32      500.51      512.71      168.76      171.32
c-CENT.R4     2725.48      684.34      599.52      614.14      202.14      205.21
c-FIN .R1   222120.07    55850.03    56832.71    49389.52    16175.52    16032.88
c-FIN .R2    42226.80    10617.54    10804.35     9389.34     3075.10     3047.98
c-FIN .R5    40017.85    10062.12    10239.16     8898.17     2914.23     2888.53
c-FIN .R3    37208.48     9355.73     9520.34     8273.49     2709.65     2685.75
c-FIN .R6     8952.22     2250.95     2290.56     1990.57      651.93      646.18
c-FIN .R4     9392.75     2361.72     2403.27     2088.52      684.01      677.98
c-CHEA.R1   163774.52    40145.41    38507.94    43422.76    17868.09    20625.61
c-CHEA.R2    39760.95     9746.45     9348.90    10542.12     4337.99     5007.46
c-CHEA.R5    38440.36     9422.73     9038.40    10191.98     4193.91     4841.14
c-CHEA.R3    43409.31    10640.76    10206.74    11509.44     4736.03     5466.93
c-CHEA.R6    18017.77     4416.62     4236.48     4777.19     1965.77     2269.14
c-CHEA.R4    20845.52     5109.78     4901.36     5526.93     2274.28     2625.26


----   1150 PARAMETER XDDE_d  initial split according to destination split

                   R1          R2          R5          R3          R6          R4

c-AAGR.R1   102546.88    31705.73    26645.97    32046.60    10593.38     9476.68
c-AAGR.R2    39821.00    12311.97    10347.16    12444.34     4113.62     3679.99
c-AAGR.R5    27210.92     8413.15     7070.54     8503.60     2810.96     2514.65
c-AAGR.R3    44339.77    13709.09    11521.33    13856.48     4580.42     4097.58
c-AAGR.R6    10809.75     3342.19     2808.82     3378.12     1116.68      998.96
c-AAGR.R4     7049.04     2179.44     1831.64     2202.87      728.19      651.42
c-FISH.R1       30.86       13.10       14.33       20.27        7.96        6.57
c-FISH.R2     1088.19      461.91      505.19      714.94      280.55      231.63
c-FISH.R5     4364.81     1852.75     2026.33     2867.67     1125.29      929.10
c-FISH.R3     5273.77     2238.58     2448.31     3464.86     1359.63     1122.58
c-FISH.R6     3329.95     1413.48     1545.90     2187.77      858.49      708.82
c-FISH.R4     3050.37     1294.81     1416.11     2004.08      786.41      649.30
c-COIL.R1      577.62      189.03      977.60      105.38       50.49       16.76
c-COIL.R2     1705.97      558.29     2887.29      311.23      149.12       49.49
c-COIL.R5    11272.73     3689.04    19078.61     2056.52      985.38      327.02
c-COIL.R3      227.56       74.47      385.13       41.51       19.89        6.60
c-COIL.R6       82.50       27.00      139.63       15.05        7.21        2.39
c-COIL.R4      119.87       39.23      202.88       21.87       10.48        3.48
c-GASE.R1     1208.61      395.52     2045.52      220.49      105.65       35.06
c-GASE.R2     3569.55     1168.15     6041.31      651.21      312.02      103.55
c-GASE.R5    23586.88     7718.89    39919.80     4303.04     2061.78      684.25
c-GASE.R3      476.13      155.82      805.84       86.86       41.62       13.81
c-GASE.R6      172.62       56.49      292.16       31.49       15.09        5.01
c-GASE.R4      250.82       82.08      424.50       45.76       21.92        7.28
c-IMIN.R1      150.80       49.35      255.22       27.51       13.18        4.37
c-IMIN.R2      445.38      145.75      753.78       81.25       38.93       12.92
c-IMIN.R5     2942.95      963.09     4980.82      536.89      257.25       85.37
c-IMIN.R3       59.41       19.44      100.54       10.84        5.19        1.72
c-IMIN.R6       21.54        7.05       36.45        3.93        1.88        0.62
c-IMIN.R4       31.29       10.24       52.97        5.71        2.74        0.91
c-IRES.R1    56980.50    18197.09    20625.19    14984.97     6063.08     4669.03
c-IRES.R2    22356.96     7139.84     8092.53     5879.53     2378.92     1831.95
c-IRES.R5    22350.19     7137.68     8090.08     5877.75     2378.20     1831.39
c-IRES.R3    18425.44     5884.28     6669.44     4845.60     1960.58     1509.80
c-IRES.R6    10930.75     3490.81     3956.60     2874.62     1163.10      895.68
c-IRES.R4     5688.87     1816.78     2059.20     1496.08      605.33      466.15
c-REFP.R1     7699.53     2506.80     4438.36     2108.37      913.72      778.35
c-REFP.R2      748.76      243.78      431.62      205.03       88.86       75.69
c-REFP.R5     5601.04     1823.58     3228.70     1533.74      664.69      566.21
c-REFP.R3      889.33      289.55      512.65      243.53      105.54       89.90
c-REFP.R6      567.38      184.73      327.07      155.37       67.33       57.36
c-REFP.R4       15.03        4.89        8.66        4.12        1.78        1.52
c-REFG.R1     9071.35     2953.43     5229.14     2484.01     1076.52      917.02
c-REFG.R2      882.17      287.21      508.52      241.56      104.69       89.18
c-REFG.R5     6598.98     2148.48     3803.95     1807.00      783.12      667.09
c-REFG.R3     1047.78      341.13      603.99      286.91      124.34      105.92
c-REFG.R6      668.47      217.64      385.34      183.05       79.33       67.58
c-REFG.R4       17.71        5.76       10.21        4.85        2.10        1.79
c-ICHA.R1    14361.40     3957.14     5266.64     3783.04     1481.16     1283.87
c-ICHA.R2     2156.74      594.27      790.92      568.12      222.44      192.81
c-ICHA.R5    12355.81     3404.52     4531.14     3254.73     1274.32     1104.58
c-ICHA.R3     1966.54      541.86      721.17      518.02      202.82      175.80
c-ICHA.R6     1166.73      321.48      427.87      307.34      120.33      104.30
c-ICHA.R4      129.27       35.62       47.41       34.05       13.33       11.56
c-BIO .R1       94.85       26.59       40.33       22.92        8.59        6.25
c-BIO .R2       15.84        4.44        6.74        3.83        1.43        1.04
c-BIO .R5       85.38       23.94       36.31       20.63        7.73        5.63
c-BIO .R3       13.65        3.83        5.80        3.30        1.24        0.90
c-BIO .R6        7.94        2.23        3.38        1.92        0.72        0.52
c-BIO .R4        1.07        0.30        0.46        0.26        0.10        0.07
c-IMEA.R1    10353.05     5072.13     4830.90     3344.26     1543.99      857.63
c-IMEA.R2     7751.05     3797.37     3616.77     2503.76     1155.94      642.09
c-IMEA.R5     5577.66     2732.59     2602.63     1801.71      831.82      462.05
c-IMEA.R3     4145.32     2030.86     1934.28     1339.03      618.21      343.39
c-IMEA.R6     2612.94     1280.12     1219.24      844.04      389.68      216.45
c-IMEA.R4      983.78      481.97      459.05      317.78      146.71       81.49
c-COMT.R1    93451.73    20298.81    19570.97    17726.09     5712.66     5541.83
c-COMT.R2    16179.02     3514.27     3388.26     3068.87      989.02      959.44
c-COMT.R5    13355.60     2900.99     2796.97     2533.31      816.42      792.01
c-COMT.R3    13549.91     2943.20     2837.67     2570.17      828.30      803.53
c-COMT.R6     3812.13      828.04      798.35      723.09      233.03      226.06
c-COMT.R4     3251.33      706.23      680.90      616.72      198.75      192.81
c-MVT .R1    42002.76    15870.15    16087.29    13045.60     3137.30     3315.44
c-MVT .R2    24534.94     9270.18     9397.02     7620.28     1832.58     1936.64
c-MVT .R5    22843.85     8631.23     8749.32     7095.05     1706.27     1803.15
c-MVT .R3    18539.10     7004.74     7100.58     5758.04     1384.73     1463.36
c-MVT .R6     2194.97      829.34      840.69      681.73      163.95      173.26
c-MVT .R4     2373.72      896.88      909.15      737.25      177.30      187.37
c-CWSR.R1   113182.62    40148.91    68732.33    35383.75    14161.96    11544.95
c-CWSR.R2    24714.43     8766.87    15008.31     7726.35     3092.39     2520.94
c-CWSR.R5    23392.21     8297.84    14205.37     7313.00     2926.95     2386.07
c-CWSR.R3    21300.02     7555.69    12934.85     6658.92     2665.16     2172.66
c-CWSR.R6     6862.83     2434.43     4167.59     2145.49      858.71      700.03
c-CWSR.R4     6072.85     2154.20     3687.86     1898.53      759.86      619.45
c-POWF.R1      237.83       67.95       79.18       60.10       22.80       19.47
c-POWF.R2      108.94       31.12       36.27       27.53       10.44        8.92
c-POWF.R5      134.39       38.40       44.75       33.96       12.89       11.00
c-POWF.R3       96.38       27.53       32.09       24.36        9.24        7.89
c-POWF.R6       75.29       21.51       25.07       19.03        7.22        6.16
c-POWF.R4       33.67        9.62       11.21        8.51        3.23        2.76
c-POWR.R1     5248.46     1499.47     1747.46     1326.33      503.21      429.73
c-POWR.R2     2404.06      686.83      800.43      607.53      230.49      196.84
c-POWR.R5     2980.97      851.65      992.50      753.32      285.81      244.08
c-POWR.R3     2126.88      607.64      708.14      537.48      203.92      174.14
c-POWR.R6     1661.42      474.66      553.17      419.86      159.29      136.03
c-POWR.R4      743.05      212.29      247.40      187.77       71.24       60.84
c-POWT.R1    11252.24     3214.72     3746.40     2843.54     1078.83      921.31
c-POWT.R2     5154.09     1472.50     1716.04     1302.49      494.16      422.01
c-POWT.R5     6390.93     1825.86     2127.84     1615.04      612.74      523.28
c-POWT.R3     4559.83     1302.73     1518.18     1152.31      437.18      373.35
c-POWT.R6     3561.95     1017.63     1185.94      900.14      341.51      291.65
c-POWT.R4     1593.03      455.12      530.39      402.57      152.73      130.43
c-NG  .R1      187.31       53.51       62.36       47.33       17.96       15.34
c-NG  .R2       85.80       24.51       28.57       21.68        8.23        7.02
c-NG  .R5      106.38       30.39       35.42       26.88       10.20        8.71
c-NG  .R3       75.90       21.69       25.27       19.18        7.28        6.21
c-NG  .R6       59.29       16.94       19.74       14.98        5.68        4.85
c-NG  .R4       26.52        7.58        8.83        6.70        2.54        2.17
c-LTH .R1     2845.25      763.19      698.51      695.49      248.11      242.30
c-LTH .R2      980.08      262.89      240.61      239.57       85.46       83.46
c-LTH .R5     1091.66      292.82      268.00      266.85       95.20       92.96
c-LTH .R3      873.48      234.30      214.44      213.51       76.17       74.38
c-LTH .R6      550.27      147.60      135.09      134.51       47.98       46.86
c-LTH .R4      332.75       89.26       81.69       81.34       29.02       28.34
c-CCON.R1   186259.38    58298.46    40989.53    44544.53    14207.41    13187.43
c-CCON.R2    62649.26    19608.97    13787.03    14982.77     4778.73     4435.66
c-CCON.R5    41844.38    13097.13     9208.56    10007.22     3191.79     2962.64
c-CCON.R3    46249.76    14476.00    10178.04    11060.78     3527.82     3274.55
c-CCON.R6    14732.27     4611.14     3242.09     3523.27     1123.74     1043.07
c-CCON.R4    13296.38     4161.71     2926.09     3179.87     1014.22      941.40
c-TRAI.R1     1084.49      266.19      322.05      238.58       80.80       80.14
c-TRAI.R2      473.21      116.15      140.52      104.10       35.25       34.97
c-TRAI.R5     5630.72     1382.05     1672.09     1238.71      419.49      416.07
c-TRAI.R3      282.45       69.33       83.87       62.14       21.04       20.87
c-TRAI.R6       93.53       22.96       27.77       20.58        6.97        6.91
c-TRAI.R4      106.87       26.23       31.74       23.51        7.96        7.90
c-TPIP.R1      942.80      231.41      279.97      207.41       70.24       69.67
c-TPIP.R2      411.39      100.97      122.16       90.50       30.65       30.40
c-TPIP.R5     4895.07     1201.48     1453.63     1076.87      364.68      361.71
c-TPIP.R3      245.54       60.27       72.92       54.02       18.29       18.14
c-TPIP.R6       81.31       19.96       24.15       17.89        6.06        6.01
c-TPIP.R4       92.91       22.80       27.59       20.44        6.92        6.87
c-TLNL.R1      823.44      202.11      244.53      181.15       61.35       60.85
c-TLNL.R2      359.30       88.19      106.70       79.04       26.77       26.55
c-TLNL.R5     4275.31     1049.37     1269.59      940.53      318.51      315.92
c-TLNL.R3      214.46       52.64       63.68       47.18       15.98       15.85
c-TLNL.R6       71.02       17.43       21.09       15.62        5.29        5.25
c-TLNL.R4       81.14       19.92       24.10       17.85        6.05        6.00
c-TLNH.R1     3293.75      808.44      978.10      724.60      245.39      243.39
c-TLNH.R2     1437.21      352.76      426.79      316.17      107.07      106.20
c-TLNH.R5    17101.24     4197.46     5078.35     3762.13     1274.05     1263.67
c-TLNH.R3      857.82      210.55      254.74      188.71       63.91       63.39
c-TLNH.R6      284.06       69.72       84.36       62.49       21.16       20.99
c-TLNH.R4      324.58       79.67       96.39       71.40       24.18       23.98
c-TSEA.R1     4208.07     1627.52     3408.91     1001.33      450.63      345.09
c-TSEA.R2     2020.68      781.52     1636.93      480.83      216.39      165.71
c-TSEA.R5     3366.44     1302.01     2727.12      801.06      360.50      276.07
c-TSEA.R3     1310.83      506.98     1061.89      311.92      140.37      107.50
c-TSEA.R6      943.03      364.73      763.94      224.40      100.99       77.34
c-TSEA.R4      660.11      255.31      534.75      157.08       70.69       54.13
c-TAIR.R1     7881.13     2181.85     3231.26     1787.33      589.83      572.43
c-TAIR.R2     1859.39      514.76      762.35      421.68      139.16      135.05
c-TAIR.R5     1546.21      428.06      633.95      350.66      115.72      112.31
c-TAIR.R3     2012.90      557.26      825.29      456.50      150.65      146.20
c-TAIR.R6      708.13      196.04      290.33      160.59       53.00       51.43
c-TAIR.R4      703.78      194.84      288.55      159.61       52.67       51.12
c-COFF.R1   302219.92    75637.97    98299.12    68694.69    26261.31    28551.66
c-COFF.R2    60181.41    15061.88    19574.42    13679.25     5229.45     5685.53
c-COFF.R5    61558.48    15406.52    20022.32    13992.26     5349.11     5815.62
c-COFF.R3    54839.93    13725.04    17837.07    12465.14     4765.30     5180.90
c-COFF.R6    17641.50     4415.22     5738.02     4009.92     1532.95     1666.65
c-COFF.R4    21261.72     5321.27     6915.52     4832.80     1847.53     2008.66
c-CENT.R1    65747.22    16508.48    14462.28    14815.08     4876.29     4950.36
c-CENT.R2    11846.58     2974.56     2605.87     2669.44      878.63      891.97
c-CENT.R5    10462.75     2627.09     2301.47     2357.61      775.99      787.78
c-CENT.R3    10476.94     2630.66     2304.59     2360.81      777.05      788.85
c-CENT.R6     2837.55      712.48      624.17      639.40      210.45      213.65
c-CENT.R4     3398.89      853.43      747.65      765.89      252.09      255.92
c-FIN .R1   227651.05    57240.75    58247.90    50619.36    16578.31    16432.11
c-FIN .R2    43278.28    10881.92    11073.39     9623.14     3151.67     3123.88
c-FIN .R5    41014.33    10312.67    10494.12     9119.74     2986.80     2960.46
c-FIN .R3    38135.00     9588.69     9757.41     8479.51     2777.12     2752.63
c-FIN .R6     9175.14     2307.00     2347.59     2040.14      668.16      662.27
c-FIN .R4     9626.64     2420.53     2463.12     2140.53      701.04      694.86
c-CHEA.R1   163774.52    40145.41    38507.94    43422.76    17868.09    20625.61
c-CHEA.R2    39760.95     9746.45     9348.90    10542.12     4337.99     5007.46
c-CHEA.R5    38440.36     9422.73     9038.40    10191.98     4193.91     4841.14
c-CHEA.R3    43409.31    10640.76    10206.74    11509.44     4736.03     5466.93
c-CHEA.R6    18017.77     4416.62     4236.48     4777.19     1965.77     2269.14
c-CHEA.R4    20845.52     5109.78     4901.36     5526.93     2274.28     2625.26


----   1165 ===== Starting gravity model =====
GAMS 54.4.0  9a60ae27 Sep 9, 2026           WEX-WEI x86 64bit/MS Windows - 09/16/26 10:45:05 Page 4
SAM for SCGE
Range Statistics    SOLVE entropy_min Using NLP From line 1239


RANGE STATISTICS (ABSOLUTE NON-ZERO FINITE VALUES)

RHS       [min, max] : [ 5.843E-01, 5.801E+05] - Zero values observed as well
Bound     [min, max] : [ 1.831E-08, 5.997E-01]
Matrix    [min, max] : [ 1.000E+00, 8.592E+00]

GAMS 54.4.0  9a60ae27 Sep 9, 2026           WEX-WEI x86 64bit/MS Windows - 09/16/26 10:45:05 Page 5
SAM for SCGE
Model Statistics    SOLVE entropy_min Using NLP From line 1239


MODEL STATISTICS

BLOCKS OF EQUATIONS           6     SINGLE EQUATIONS        1,801
BLOCKS OF VARIABLES           5     SINGLE VARIABLES        2,521
NON ZERO ELEMENTS         6,841     NON LINEAR N-Z              0
CODE LENGTH                   0     CONSTANT POOL              16


GENERATION TIME      =        0.110 SECONDS      7 MB  54.4.0 9a60ae27 WEX-WEI
GAMS 54.4.0  9a60ae27 Sep 9, 2026           WEX-WEI x86 64bit/MS Windows - 09/16/26 10:45:05 Page 6
SAM for SCGE
Solution Report     SOLVE entropy_min Using NLP From line 1239


               S O L V E      S U M M A R Y

     MODEL   entropy_min         OBJECTIVE  entropy
     TYPE    NLP                 DIRECTION  MINIMIZE
     SOLVER  PATHNLP             FROM LINE  1239

**** SOLVER STATUS     1 Normal Completion
**** MODEL STATUS      1 Optimal
**** OBJECTIVE VALUE                1.0000

 RESOURCE USAGE, LIMIT          0.062   1000000.000
 ITERATION COUNT, LIMIT         0       1000000
 EVALUATION ERRORS              0             0

---- EQU EQ1  

                 LOWER          LEVEL          UPPER         MARGINAL

R1.c-AAGR   -116203.4220   -116203.4220   -116203.4220         EPS         
R1.c-FISH       -78.9778       -78.9778       -78.9778         EPS         
R1.c-COIL     -1720.6289     -1720.6289     -1720.6289         EPS         
R1.c-GASE     -3600.2175     -3600.2175     -3600.2175         EPS         
R1.c-IMIN      -449.2018      -449.2018      -449.2018         EPS         
R1.c-IRES    -50580.0792    -50580.0792    -50580.0792         EPS         
R1.c-REFP     -4871.4851     -4871.4851     -4871.4851         EPS         
R1.c-REFG     -5739.4353     -5739.4353     -5739.4353         EPS         
R1.c-ICHA     -3507.0917     -3507.0917     -3507.0917         EPS         
R1.c-BIO        -51.6782       -51.6782       -51.6782         EPS         
R1.c-IMEA    -13133.1395    -13133.1395    -13133.1395         EPS         
R1.c-COMT   -117966.7733   -117966.7733   -117966.7733         EPS         
R1.c-MVT     -67405.3252    -67405.3252    -67405.3252         EPS         
R1.c-CWSR   -282296.4163   -282296.4163   -282296.4163         EPS         
R1.c-POWF      -376.7185      -376.7185      -376.7185         EPS         
R1.c-POWR     -8313.4943     -8313.4943     -8313.4943         EPS         
R1.c-POWT    -17823.3972    -17823.3972    -17823.3972         EPS         
R1.c-NG        -296.6900      -296.6900      -296.6900         EPS         
R1.c-LTH      -4543.5317     -4543.5317     -4543.5317         EPS         
R1.c-CCON   -321358.5510   -321358.5510   -321358.5510         EPS         
R1.c-TRAI     -1946.7334     -1946.7334     -1946.7334         EPS         
R1.c-TPIP     -1692.3936     -1692.3936     -1692.3936         EPS         
R1.c-TLNL     -1478.1216     -1478.1216     -1478.1216         EPS         
R1.c-TLNH     -5912.4864     -5912.4864     -5912.4864         EPS         
R1.c-TSEA    -10768.1297    -10768.1297    -10768.1297         EPS         
R1.c-TAIR    -14058.1187    -14058.1187    -14058.1187         EPS         
R1.c-COFF   -580065.7010   -580065.7010   -580065.7010         EPS         
R1.c-CENT    -97314.9785    -97314.9785    -97314.9785         EPS         
R1.c-FIN    -416400.7323   -416400.7323   -416400.7323         EPS         
R1.c-CHEA   -324344.3217   -324344.3217   -324344.3217         EPS         
R2.c-AAGR    -45124.1111    -45124.1111    -45124.1111         EPS         
R2.c-FISH     -2785.0044     -2785.0044     -2785.0044         EPS         
R2.c-COIL     -5081.7741     -5081.7741     -5081.7741         EPS         
R2.c-GASE    -10633.0263    -10633.0263    -10633.0263         EPS         
R2.c-IMIN     -1326.6906     -1326.6906     -1326.6906         EPS         
R2.c-IRES    -19845.6797    -19845.6797    -19845.6797         EPS         
R2.c-REFP      -473.7402      -473.7402      -473.7402         EPS         
R2.c-REFG      -558.1462      -558.1462      -558.1462         EPS         
R2.c-ICHA      -526.6824      -526.6824      -526.6824         EPS         
R2.c-BIO         -8.6320        -8.6320        -8.6320         EPS         
R2.c-IMEA     -9832.4361     -9832.4361     -9832.4361         EPS         
R2.c-COMT    -20423.2387    -20423.2387    -20423.2387         EPS         
R2.c-MVT     -39373.2587    -39373.2587    -39373.2587         EPS         
R2.c-CWSR    -61641.9264    -61641.9264    -61641.9264         EPS         
R2.c-POWF      -172.5561      -172.5561      -172.5561         EPS         
R2.c-POWR     -3807.9971     -3807.9971     -3807.9971         EPS         
R2.c-POWT     -8164.0093     -8164.0093     -8164.0093         EPS         
R2.c-NG        -135.8989      -135.8989      -135.8989         EPS         
R2.c-LTH      -1565.0671     -1565.0671     -1565.0671         EPS         
R2.c-CCON   -108090.5340   -108090.5340   -108090.5340         EPS         
R2.c-TRAI      -849.4478      -849.4478      -849.4478         EPS         
R2.c-TPIP      -738.4678      -738.4678      -738.4678         EPS         
R2.c-TLNL      -644.9713      -644.9713      -644.9713         EPS         
R2.c-TLNH     -2579.8850     -2579.8850     -2579.8850         EPS         
R2.c-TSEA     -5170.7745     -5170.7745     -5170.7745         EPS         
R2.c-TAIR     -3316.7203     -3316.7203     -3316.7203         EPS         
R2.c-COFF   -115509.1672   -115509.1672   -115509.1672         EPS         
R2.c-CENT    -17534.5731    -17534.5731    -17534.5731         EPS         
R2.c-FIN     -79161.1048    -79161.1048    -79161.1048         EPS         
R2.c-CHEA    -78743.8588    -78743.8588    -78743.8588         EPS         
R5.c-AAGR    -30834.6959    -30834.6959    -30834.6959         EPS         
R5.c-FISH    -11170.8205    -11170.8205    -11170.8205         EPS         
R5.c-COIL    -33579.3473    -33579.3473    -33579.3473         EPS         
R5.c-GASE    -70260.9113    -70260.9113    -70260.9113         EPS         
R5.c-IMIN     -8766.5062     -8766.5062     -8766.5062         EPS         
R5.c-IRES    -19839.6699    -19839.6699    -19839.6699         EPS         
R5.c-REFP     -3543.7773     -3543.7773     -3543.7773         EPS         
R5.c-REFG     -4175.1704     -4175.1704     -4175.1704         EPS         
R5.c-ICHA     -3017.3209     -3017.3209     -3017.3209         EPS         
R5.c-BIO        -46.5233       -46.5233       -46.5233         EPS         
R5.c-IMEA     -7075.4257     -7075.4257     -7075.4257         EPS         
R5.c-COMT    -16859.1578    -16859.1578    -16859.1578         EPS         
R5.c-MVT     -36659.4254    -36659.4254    -36659.4254         EPS         
R5.c-CWSR    -58344.0863    -58344.0863    -58344.0863         EPS         
R5.c-POWF      -212.8749      -212.8749      -212.8749         EPS         
R5.c-POWR     -4721.8089     -4721.8089     -4721.8089         EPS         
R5.c-POWT    -10123.1411    -10123.1411    -10123.1411         EPS         
R5.c-NG        -168.5108      -168.5108      -168.5108         EPS         
R5.c-LTH      -1743.2608     -1743.2608     -1743.2608         EPS         
R5.c-CCON    -72195.2815    -72195.2815    -72195.2815         EPS         
R5.c-TRAI    -10107.5050    -10107.5050    -10107.5050         EPS         
R5.c-TPIP     -8786.9646     -8786.9646     -8786.9646         EPS         
R5.c-TLNL     -7674.4570     -7674.4570     -7674.4570         EPS         
R5.c-TLNH    -30697.8279    -30697.8279    -30697.8279         EPS         
R5.c-TSEA     -8614.4694     -8614.4694     -8614.4694         EPS         
R5.c-TAIR     -2758.0894     -2758.0894     -2758.0894         EPS         
R5.c-COFF   -118152.2397   -118152.2397   -118152.2397         EPS         
R5.c-CENT    -15486.3185    -15486.3185    -15486.3185         EPS         
R5.c-FIN     -75020.0611    -75020.0611    -75020.0611         EPS         
R5.c-CHEA    -76128.5231    -76128.5231    -76128.5231         EPS         
R3.c-AAGR    -50244.6614    -50244.6614    -50244.6614         EPS         
R3.c-FISH    -13497.1119    -13497.1119    -13497.1119         EPS         
R3.c-COIL      -677.8453      -677.8453      -677.8453         EPS         
R3.c-GASE     -1418.3131     -1418.3131     -1418.3131         EPS         
R3.c-IMIN      -176.9640      -176.9640      -176.9640         EPS         
R3.c-IRES    -16355.7746    -16355.7746    -16355.7746         EPS         
R3.c-REFP      -562.6776      -562.6776      -562.6776         EPS         
R3.c-REFG      -662.9296      -662.9296      -662.9296         EPS         
R3.c-ICHA      -480.2333      -480.2333      -480.2333         EPS         
R3.c-BIO         -7.4367        -7.4367        -7.4367         EPS         
R3.c-IMEA     -5258.4597     -5258.4597     -5258.4597         EPS         
R3.c-COMT    -17104.4348    -17104.4348    -17104.4348         EPS         
R3.c-MVT     -29751.2328    -29751.2328    -29751.2328         EPS         
R3.c-CWSR    -53125.8145    -53125.8145    -53125.8145         EPS         
R3.c-POWF      -152.6608      -152.6608      -152.6608         EPS         
R3.c-POWR     -3368.9420     -3368.9420     -3368.9420         EPS         
R3.c-POWT     -7222.7139     -7222.7139     -7222.7139         EPS         
R3.c-NG        -120.2300      -120.2300      -120.2300         EPS         
R3.c-LTH      -1394.8491     -1394.8491     -1394.8491         EPS         
R3.c-CCON    -79796.0153    -79796.0153    -79796.0153         EPS         
R3.c-TRAI      -507.0074      -507.0074      -507.0074         EPS         
R3.c-TPIP      -440.7671      -440.7671      -440.7671         EPS         
R3.c-TLNL      -384.9621      -384.9621      -384.9621         EPS         
R3.c-TLNH     -1539.8485     -1539.8485     -1539.8485         EPS         
R3.c-TSEA     -3354.3144     -3354.3144     -3354.3144         EPS         
R3.c-TAIR     -3590.5484     -3590.5484     -3590.5484         EPS         
R3.c-COFF   -105257.0025   -105257.0025   -105257.0025         EPS         
R3.c-CENT    -15507.3260    -15507.3260    -15507.3260         EPS         
R3.c-FIN     -69753.4350    -69753.4350    -69753.4350         EPS         
R3.c-CHEA    -85969.2033    -85969.2033    -85969.2033         EPS         
R6.c-AAGR    -12249.3191    -12249.3191    -12249.3191         EPS         
R6.c-FISH     -8522.3082     -8522.3082     -8522.3082         EPS         
R6.c-COIL      -245.7566      -245.7566      -245.7566         EPS         
R6.c-GASE      -514.2174      -514.2174      -514.2174         EPS         
R6.c-IMIN       -64.1593       -64.1593       -64.1593         EPS         
R6.c-IRES     -9702.9399     -9702.9399     -9702.9399         EPS         
R6.c-REFP      -358.9832      -358.9832      -358.9832         EPS         
R6.c-REFG      -422.9431      -422.9431      -422.9431         EPS         
R6.c-ICHA      -284.9189      -284.9189      -284.9189         EPS         
R6.c-BIO         -4.3289        -4.3289        -4.3289         EPS         
R6.c-IMEA     -3314.5910     -3314.5910     -3314.5910         EPS         
R6.c-COMT     -4812.1547     -4812.1547     -4812.1547         EPS         
R6.c-MVT      -3522.4512     -3522.4512     -3522.4512         EPS         
R6.c-CWSR    -17117.0513    -17117.0513    -17117.0513         EPS         
R6.c-POWF      -119.2522      -119.2522      -119.2522         EPS         
R6.c-POWR     -2631.6731     -2631.6731     -2631.6731         EPS         
R6.c-POWT     -5642.0746     -5642.0746     -5642.0746         EPS         
R6.c-NG         -93.9185       -93.9185       -93.9185         EPS         
R6.c-LTH       -878.7102      -878.7102      -878.7102         EPS         
R6.c-CCON    -25418.0044    -25418.0044    -25418.0044         EPS         
R6.c-TRAI      -167.8936      -167.8936      -167.8936         EPS         
R6.c-TPIP      -145.9584      -145.9584      -145.9584         EPS         
R6.c-TLNL      -127.4788      -127.4788      -127.4788         EPS         
R6.c-TLNH      -509.9151      -509.9151      -509.9151         EPS         
R6.c-TSEA     -2413.1412     -2413.1412     -2413.1412         EPS         
R6.c-TAIR     -1263.1428     -1263.1428     -1263.1428         EPS         
R6.c-COFF    -33860.2132    -33860.2132    -33860.2132         EPS         
R6.c-CENT     -4199.9707     -4199.9707     -4199.9707         EPS         
R6.c-FIN     -16782.4094    -16782.4094    -16782.4094         EPS         
R6.c-CHEA    -35682.9634    -35682.9634    -35682.9634         EPS         
R4.c-AAGR     -7987.7904     -7987.7904     -7987.7904         EPS         
R4.c-FISH     -7806.7771     -7806.7771     -7806.7771         EPS         
R4.c-COIL      -357.0768      -357.0768      -357.0768         EPS         
R4.c-GASE      -747.1421      -747.1421      -747.1421         EPS         
R4.c-IMIN       -93.2215       -93.2215       -93.2215         EPS         
R4.c-IRES     -5049.8568     -5049.8568     -5049.8568         EPS         
R4.c-REFP        -9.5088        -9.5088        -9.5088         EPS         
R4.c-REFG       -11.2030       -11.2030       -11.2030         EPS         
R4.c-ICHA       -31.5692       -31.5692       -31.5692         EPS         
R4.c-BIO         -0.5843        -0.5843        -0.5843         EPS         
R4.c-IMEA     -1247.9480     -1247.9480     -1247.9480         EPS         
R4.c-COMT     -4104.2408     -4104.2408     -4104.2408         EPS         
R4.c-MVT      -3809.3067     -3809.3067     -3809.3067         EPS         
R4.c-CWSR    -15146.7051    -15146.7051    -15146.7051         EPS         
R4.c-POWF       -53.3337       -53.3337       -53.3337         EPS         
R4.c-POWR     -1176.9767     -1176.9767     -1176.9767         EPS         
R4.c-POWT     -2523.3341     -2523.3341     -2523.3341         EPS         
R4.c-NG         -42.0037       -42.0037       -42.0037         EPS         
R4.c-LTH       -531.3708      -531.3708      -531.3708         EPS         
R4.c-CCON    -22940.6137    -22940.6137    -22940.6137         EPS         
R4.c-TRAI      -191.8378      -191.8378      -191.8378         EPS         
R4.c-TPIP      -166.7742      -166.7742      -166.7742         EPS         
R4.c-TLNL      -145.6591      -145.6591      -145.6591         EPS         
R4.c-TLNH      -582.6366      -582.6366      -582.6366         EPS         
R4.c-TSEA     -1689.1708     -1689.1708     -1689.1708         EPS         
R4.c-TAIR     -1255.3804     -1255.3804     -1255.3804         EPS         
R4.c-COFF    -40808.6764    -40808.6764    -40808.6764         EPS         
R4.c-CENT     -5030.8332     -5030.8332     -5030.8332         EPS         
R4.c-FIN     -17608.2575    -17608.2575    -17608.2575         EPS         
R4.c-CHEA    -41283.1296    -41283.1296    -41283.1296         EPS         

---- EQU EQ2  

                 LOWER          LEVEL          UPPER         MARGINAL

R1.c-AAGR   -231777.3693   -231777.3693   -231777.3693         EPS         
R1.c-FISH    -17137.9613    -17137.9613    -17137.9613         EPS         
R1.c-COIL    -13986.2525    -13986.2525    -13986.2525         EPS         
R1.c-GASE    -29264.6202    -29264.6202    -29264.6202         EPS         
R1.c-IMIN     -3651.3684     -3651.3684     -3651.3684         EPS         
R1.c-IRES   -136732.7125   -136732.7125   -136732.7125         EPS         
R1.c-REFP    -15521.0713    -15521.0713    -15521.0713         EPS         
R1.c-REFG    -18286.4532    -18286.4532    -18286.4532         EPS         
R1.c-ICHA    -32136.4859    -32136.4859    -32136.4859         EPS         
R1.c-BIO       -218.7380      -218.7380      -218.7380         EPS         
R1.c-IMEA    -31423.7981    -31423.7981    -31423.7981         EPS         
R1.c-COMT   -143599.7097   -143599.7097   -143599.7097         EPS         
R1.c-MVT    -112489.3221   -112489.3221   -112489.3221         EPS         
R1.c-CWSR   -195524.9566   -195524.9566   -195524.9566         EPS         
R1.c-POWF      -686.4937      -686.4937      -686.4937         EPS         
R1.c-POWR    -15164.8374    -15164.8374    -15164.8374         EPS         
R1.c-POWT    -32512.0713    -32512.0713    -32512.0713         EPS         
R1.c-NG        -541.1991      -541.1991      -541.1991         EPS         
R1.c-LTH      -6673.4861     -6673.4861     -6673.4861         EPS         
R1.c-CCON   -365031.4371   -365031.4371   -365031.4371         EPS         
R1.c-TRAI     -7671.2688     -7671.2688     -7671.2688         EPS         
R1.c-TPIP     -6669.0215     -6669.0215     -6669.0215         EPS         
R1.c-TLNL     -5824.6642     -5824.6642     -5824.6642         EPS         
R1.c-TLNH    -23298.6569    -23298.6569    -23298.6569         EPS         
R1.c-TSEA    -12509.1597    -12509.1597    -12509.1597         EPS         
R1.c-TAIR    -14711.5393    -14711.5393    -14711.5393         EPS         
R1.c-COFF   -517702.9639   -517702.9639   -517702.9639         EPS         
R1.c-CENT   -104769.9382   -104769.9382   -104769.9382         EPS         
R1.c-FIN    -368880.4394   -368880.4394   -368880.4394         EPS         
R1.c-CHEA   -324248.4173   -324248.4173   -324248.4173         EPS         
R2.c-AAGR    -71661.5739    -71661.5739    -71661.5739         EPS         
R2.c-FISH     -7274.6360     -7274.6360     -7274.6360         EPS         
R2.c-COIL     -4577.0474     -4577.0474     -4577.0474         EPS         
R2.c-GASE     -9576.9438     -9576.9438     -9576.9438         EPS         
R2.c-IMIN     -1194.9224     -1194.9224     -1194.9224         EPS         
R2.c-IRES    -43666.4742    -43666.4742    -43666.4742         EPS         
R2.c-REFP     -5053.3188     -5053.3188     -5053.3188         EPS         
R2.c-REFG     -5953.6662     -5953.6662     -5953.6662         EPS         
R2.c-ICHA     -8854.8896     -8854.8896     -8854.8896         EPS         
R2.c-BIO        -61.3302       -61.3302       -61.3302         EPS         
R2.c-IMEA    -15395.0326    -15395.0326    -15395.0326         EPS         
R2.c-COMT    -31191.5403    -31191.5403    -31191.5403         EPS         
R2.c-MVT     -42502.5180    -42502.5180    -42502.5180         EPS         
R2.c-CWSR    -69357.9373    -69357.9373    -69357.9373         EPS         
R2.c-POWF      -196.1286      -196.1286      -196.1286         EPS         
R2.c-POWR     -4332.5363     -4332.5363     -4332.5363         EPS         
R2.c-POWT     -9288.5750     -9288.5750     -9288.5750         EPS         
R2.c-NG        -154.6185      -154.6185      -154.6185         EPS         
R2.c-LTH      -1790.0464     -1790.0464     -1790.0464         EPS         
R2.c-CCON   -114253.4167   -114253.4167   -114253.4167         EPS         
R2.c-TRAI     -1882.8968     -1882.8968     -1882.8968         EPS         
R2.c-TPIP     -1636.8973     -1636.8973     -1636.8973         EPS         
R2.c-TLNL     -1429.6516     -1429.6516     -1429.6516         EPS         
R2.c-TLNH     -5718.6062     -5718.6062     -5718.6062         EPS         
R2.c-TSEA     -4838.0673     -4838.0673     -4838.0673         EPS         
R2.c-TAIR     -4072.8109     -4072.8109     -4072.8109         EPS         
R2.c-COFF   -129567.9087   -129567.9087   -129567.9087         EPS         
R2.c-CENT    -26306.6986    -26306.6986    -26306.6986         EPS         
R2.c-FIN     -92751.5637    -92751.5637    -92751.5637         EPS         
R2.c-CHEA    -79481.7448    -79481.7448    -79481.7448         EPS         
R5.c-AAGR    -60225.4639    -60225.4639    -60225.4639         EPS         
R5.c-FISH     -7956.1583     -7956.1583     -7956.1583         EPS         
R5.c-COIL    -23671.1367    -23671.1367    -23671.1367         EPS         
R5.c-GASE    -49529.1232    -49529.1232    -49529.1232         EPS         
R5.c-IMIN     -6179.7856     -6179.7856     -6179.7856         EPS         
R5.c-IRES    -49493.0388    -49493.0388    -49493.0388         EPS         
R5.c-REFP     -8947.0529     -8947.0529     -8947.0529         EPS         
R5.c-REFG    -10541.1450    -10541.1450    -10541.1450         EPS         
R5.c-ICHA    -11785.1498    -11785.1498    -11785.1498         EPS         
R5.c-BIO        -93.0210       -93.0210       -93.0210         EPS         
R5.c-IMEA    -14662.8683    -14662.8683    -14662.8683         EPS         
R5.c-COMT    -30073.1261    -30073.1261    -30073.1261         EPS         
R5.c-MVT     -43084.0421    -43084.0421    -43084.0421         EPS         
R5.c-CWSR   -118736.2989   -118736.2989   -118736.2989         EPS         
R5.c-POWF      -228.5657      -228.5657      -228.5657         EPS         
R5.c-POWR     -5049.0907     -5049.0907     -5049.0907         EPS         
R5.c-POWT    -10824.8042    -10824.8042    -10824.8042         EPS         
R5.c-NG        -180.1908      -180.1908      -180.1908         EPS         
R5.c-LTH      -1638.3354     -1638.3354     -1638.3354         EPS         
R5.c-CCON    -80331.3486    -80331.3486    -80331.3486         EPS         
R5.c-TRAI     -2278.0438     -2278.0438     -2278.0438         EPS         
R5.c-TPIP     -1980.4185     -1980.4185     -1980.4185         EPS         
R5.c-TLNL     -1729.6800     -1729.6800     -1729.6800         EPS         
R5.c-TLNH     -6918.7200     -6918.7200     -6918.7200         EPS         
R5.c-TSEA    -10133.5447    -10133.5447    -10133.5447         EPS         
R5.c-TAIR     -6031.7243     -6031.7243     -6031.7243         EPS         
R5.c-COFF   -168386.4668   -168386.4668   -168386.4668         EPS         
R5.c-CENT    -23046.0304    -23046.0304    -23046.0304         EPS         
R5.c-FIN     -94383.5274    -94383.5274    -94383.5274         EPS         
R5.c-CHEA    -76239.8112    -76239.8112    -76239.8112         EPS         
R3.c-AAGR    -72432.0076    -72432.0076    -72432.0076         EPS         
R3.c-FISH    -11259.5952    -11259.5952    -11259.5952         EPS         
R3.c-COIL     -2551.5615     -2551.5615     -2551.5615         EPS         
R3.c-GASE     -5338.8482     -5338.8482     -5338.8482         EPS         
R3.c-IMIN      -666.1321      -666.1321      -666.1321         EPS         
R3.c-IRES    -35958.5477    -35958.5477    -35958.5477         EPS         
R3.c-REFP     -4250.1462     -4250.1462     -4250.1462         EPS         
R3.c-REFG     -5007.3928     -5007.3928     -5007.3928         EPS         
R3.c-ICHA     -8465.2989     -8465.2989     -8465.2989         EPS         
R3.c-BIO        -52.8562       -52.8562       -52.8562         EPS         
R3.c-IMEA    -10150.5870    -10150.5870    -10150.5870         EPS         
R3.c-COMT    -27238.2479    -27238.2479    -27238.2479         EPS         
R3.c-MVT     -34937.9613    -34937.9613    -34937.9613         EPS         
R3.c-CWSR    -61126.0415    -61126.0415    -61126.0415         EPS         
R3.c-POWF      -173.4831      -173.4831      -173.4831         EPS         
R3.c-POWR     -3832.2906     -3832.2906     -3832.2906         EPS         
R3.c-POWT     -8216.0924     -8216.0924     -8216.0924         EPS         
R3.c-NG        -136.7659      -136.7659      -136.7659         EPS         
R3.c-LTH      -1631.2732     -1631.2732     -1631.2732         EPS         
R3.c-CCON    -87298.4427    -87298.4427    -87298.4427         EPS         
R3.c-TRAI     -1687.6152     -1687.6152     -1687.6152         EPS         
R3.c-TPIP     -1467.1292     -1467.1292     -1467.1292         EPS         
R3.c-TLNL     -1281.3776     -1281.3776     -1281.3776         EPS         
R3.c-TLNH     -5125.5104     -5125.5104     -5125.5104         EPS         
R3.c-TSEA     -2976.6262     -2976.6262     -2976.6262         EPS         
R3.c-TAIR     -3336.3644     -3336.3644     -3336.3644         EPS         
R3.c-COFF   -117674.0598   -117674.0598   -117674.0598         EPS         
R3.c-CENT    -23608.2186    -23608.2186    -23608.2186         EPS         
R3.c-FIN     -82022.4246    -82022.4246    -82022.4246         EPS         
R3.c-CHEA    -85970.4078    -85970.4078    -85970.4078         EPS         
R6.c-AAGR    -23943.2449    -23943.2449    -23943.2449         EPS         
R6.c-FISH     -4418.3219     -4418.3219     -4418.3219         EPS         
R6.c-COIL     -1222.5709     -1222.5709     -1222.5709         EPS         
R6.c-GASE     -2558.0886     -2558.0886     -2558.0886         EPS         
R6.c-IMIN      -319.1746      -319.1746      -319.1746         EPS         
R6.c-IRES    -14549.2035    -14549.2035    -14549.2035         EPS         
R6.c-REFP     -1841.9273     -1841.9273     -1841.9273         EPS         
R6.c-REFG     -2170.1026     -2170.1026     -2170.1026         EPS         
R6.c-ICHA     -3314.4004     -3314.4004     -3314.4004         EPS         
R6.c-BIO        -19.8130       -19.8130       -19.8130         EPS         
R6.c-IMEA     -4686.3438     -4686.3438     -4686.3438         EPS         
R6.c-COMT     -8778.1896     -8778.1896     -8778.1896         EPS         
R6.c-MVT      -8402.1270     -8402.1270     -8402.1270         EPS         
R6.c-CWSR    -24465.0302    -24465.0302    -24465.0302         EPS         
R6.c-POWF       -65.8191       -65.8191       -65.8191         EPS         
R6.c-POWR     -1453.9616     -1453.9616     -1453.9616         EPS         
R6.c-POWT     -3117.1651     -3117.1651     -3117.1651         EPS         
R6.c-NG         -51.8886       -51.8886       -51.8886         EPS         
R6.c-LTH       -581.9432      -581.9432      -581.9432         EPS         
R6.c-CCON    -27843.7019    -27843.7019    -27843.7019         EPS         
R6.c-TRAI      -571.5132      -571.5132      -571.5132         EPS         
R6.c-TPIP      -496.8453      -496.8453      -496.8453         EPS         
R6.c-TLNL      -433.9403      -433.9403      -433.9403         EPS         
R6.c-TLNH     -1735.7612     -1735.7612     -1735.7612         EPS         
R6.c-TSEA     -1339.5661     -1339.5661     -1339.5661         EPS         
R6.c-TAIR     -1101.0249     -1101.0249     -1101.0249         EPS         
R6.c-COFF    -44985.6446    -44985.6446    -44985.6446         EPS         
R6.c-CENT     -7770.4978     -7770.4978     -7770.4978         EPS         
R6.c-FIN     -26863.1037    -26863.1037    -26863.1037         EPS         
R6.c-CHEA    -35376.0795    -35376.0795    -35376.0795         EPS         
R4.c-AAGR    -21419.2823    -21419.2823    -21419.2823         EPS         
R4.c-FISH     -3648.0053     -3648.0053     -3648.0053         EPS         
R4.c-COIL      -405.7406      -405.7406      -405.7406         EPS         
R4.c-GASE      -848.9653      -848.9653      -848.9653         EPS         
R4.c-IMIN      -105.9260      -105.9260      -105.9260         EPS         
R4.c-IRES    -11204.0034    -11204.0034    -11204.0034         EPS         
R4.c-REFP     -1569.0265     -1569.0265     -1569.0265         EPS         
R4.c-REFG     -1848.5792     -1848.5792     -1848.5792         EPS         
R4.c-ICHA     -2872.9173     -2872.9173     -2872.9173         EPS         
R4.c-BIO        -14.4158       -14.4158       -14.4158         EPS         
R4.c-IMEA     -2603.1091     -2603.1091     -2603.1091         EPS         
R4.c-COMT     -8515.6755     -8515.6755     -8515.6755         EPS         
R4.c-MVT      -8879.2194     -8879.2194     -8879.2194         EPS         
R4.c-CWSR    -19944.1055    -19944.1055    -19944.1055         EPS         
R4.c-POWF       -56.2088       -56.2088       -56.2088         EPS         
R4.c-POWR     -1241.6686     -1241.6686     -1241.6686         EPS         
R4.c-POWT     -2662.0277     -2662.0277     -2662.0277         EPS         
R4.c-NG         -44.3124       -44.3124       -44.3124         EPS         
R4.c-LTH       -568.3054      -568.3054      -568.3054         EPS         
R4.c-CCON    -25844.7380    -25844.7380    -25844.7380         EPS         
R4.c-TRAI      -566.8551      -566.8551      -566.8551         EPS         
R4.c-TPIP      -492.7957      -492.7957      -492.7957         EPS         
R4.c-TLNL      -430.4034      -430.4034      -430.4034         EPS         
R4.c-TLNH     -1721.6137     -1721.6137     -1721.6137         EPS         
R4.c-TSEA     -1025.8389     -1025.8389     -1025.8389         EPS         
R4.c-TAIR     -1068.5423     -1068.5423     -1068.5423         EPS         
R4.c-COFF    -48909.0112    -48909.0112    -48909.0112         EPS         
R4.c-CENT     -7888.5363     -7888.5363     -7888.5363         EPS         
R4.c-FIN     -26626.2053    -26626.2053    -26626.2053         EPS         
R4.c-CHEA    -40835.5395    -40835.5395    -40835.5395         EPS         

---- EQU EQ3  

                    LOWER          LEVEL          UPPER         MARGINAL

c-AAGR.R1.R1          .              .              .             EPS         
c-AAGR.R1.R2          .              .              .             EPS         
c-AAGR.R1.R5          .              .              .             EPS         
c-AAGR.R1.R3          .              .              .             EPS         
c-AAGR.R1.R6          .              .              .             EPS         
c-AAGR.R1.R4          .              .              .             EPS         
c-AAGR.R2.R1          .              .              .             EPS         
c-AAGR.R2.R2          .              .              .             EPS         
c-AAGR.R2.R5          .              .              .             EPS         
c-AAGR.R2.R3          .              .              .             EPS         
c-AAGR.R2.R6          .              .              .             EPS         
c-AAGR.R2.R4          .              .              .             EPS         
c-AAGR.R5.R1          .              .              .             EPS         
c-AAGR.R5.R2          .              .              .             EPS         
c-AAGR.R5.R5          .              .              .             EPS         
c-AAGR.R5.R3          .              .              .             EPS         
c-AAGR.R5.R6          .              .              .             EPS         
c-AAGR.R5.R4          .              .              .             EPS         
c-AAGR.R3.R1          .              .              .             EPS         
c-AAGR.R3.R2          .              .              .             EPS         
c-AAGR.R3.R5          .              .              .             EPS         
c-AAGR.R3.R3          .              .              .             EPS         
c-AAGR.R3.R6          .              .              .             EPS         
c-AAGR.R3.R4          .              .              .             EPS         
c-AAGR.R6.R1          .              .              .             EPS         
c-AAGR.R6.R2          .              .              .             EPS         
c-AAGR.R6.R5          .              .              .             EPS         
c-AAGR.R6.R3          .              .              .             EPS         
c-AAGR.R6.R6          .              .              .             EPS         
c-AAGR.R6.R4          .              .              .             EPS         
c-AAGR.R4.R1          .              .              .             EPS         
c-AAGR.R4.R2          .              .              .             EPS         
c-AAGR.R4.R5          .              .              .             EPS         
c-AAGR.R4.R3          .              .              .             EPS         
c-AAGR.R4.R6          .              .              .             EPS         
c-AAGR.R4.R4          .              .              .             EPS         
c-FISH.R1.R1          .              .              .             EPS         
c-FISH.R1.R2          .              .              .             EPS         
c-FISH.R1.R5          .              .              .             EPS         
c-FISH.R1.R3          .              .              .             EPS         
c-FISH.R1.R6          .              .              .             EPS         
c-FISH.R1.R4          .              .              .             EPS         
c-FISH.R2.R1          .              .              .             EPS         
c-FISH.R2.R2          .              .              .             EPS         
c-FISH.R2.R5          .              .              .             EPS         
c-FISH.R2.R3          .              .              .             EPS         
c-FISH.R2.R6          .              .              .             EPS         
c-FISH.R2.R4          .              .              .             EPS         
c-FISH.R5.R1          .              .              .             EPS         
c-FISH.R5.R2          .              .              .             EPS         
c-FISH.R5.R5          .              .              .             EPS         
c-FISH.R5.R3          .              .              .             EPS         
c-FISH.R5.R6          .              .              .             EPS         
c-FISH.R5.R4          .              .              .             EPS         
c-FISH.R3.R1          .              .              .             EPS         
c-FISH.R3.R2          .              .              .             EPS         
c-FISH.R3.R5          .              .              .             EPS         
c-FISH.R3.R3          .              .              .             EPS         
c-FISH.R3.R6          .              .              .             EPS         
c-FISH.R3.R4          .              .              .             EPS         
c-FISH.R6.R1          .              .              .             EPS         
c-FISH.R6.R2          .              .              .             EPS         
c-FISH.R6.R5          .              .              .             EPS         
c-FISH.R6.R3          .              .              .             EPS         
c-FISH.R6.R6          .              .              .             EPS         
c-FISH.R6.R4          .              .              .             EPS         
c-FISH.R4.R1          .              .              .             EPS         
c-FISH.R4.R2          .              .              .             EPS         
c-FISH.R4.R5          .              .              .             EPS         
c-FISH.R4.R3          .              .              .             EPS         
c-FISH.R4.R6          .              .              .             EPS         
c-FISH.R4.R4          .              .              .             EPS         
c-COIL.R1.R1          .              .              .             EPS         
c-COIL.R1.R2          .              .              .             EPS         
c-COIL.R1.R5          .              .              .             EPS         
c-COIL.R1.R3          .              .              .             EPS         
c-COIL.R1.R6          .              .              .             EPS         
c-COIL.R1.R4          .              .              .             EPS         
c-COIL.R2.R1          .              .              .             EPS         
c-COIL.R2.R2          .              .              .             EPS         
c-COIL.R2.R5          .              .              .             EPS         
c-COIL.R2.R3          .              .              .             EPS         
c-COIL.R2.R6          .              .              .             EPS         
c-COIL.R2.R4          .              .              .             EPS         
c-COIL.R5.R1          .              .              .             EPS         
c-COIL.R5.R2          .              .              .             EPS         
c-COIL.R5.R5          .              .              .             EPS         
c-COIL.R5.R3          .              .              .             EPS         
c-COIL.R5.R6          .              .              .             EPS         
c-COIL.R5.R4          .              .              .             EPS         
c-COIL.R3.R1          .              .              .             EPS         
c-COIL.R3.R2          .              .              .             EPS         
c-COIL.R3.R5          .              .              .             EPS         
c-COIL.R3.R3          .              .              .             EPS         
c-COIL.R3.R6          .              .              .             EPS         
c-COIL.R3.R4          .              .              .             EPS         
c-COIL.R6.R1          .              .              .             EPS         
c-COIL.R6.R2          .              .              .             EPS         
c-COIL.R6.R5          .              .              .             EPS         
c-COIL.R6.R3          .              .              .             EPS         
c-COIL.R6.R6          .              .              .             EPS         
c-COIL.R6.R4          .              .              .             EPS         
c-COIL.R4.R1          .              .              .             EPS         
c-COIL.R4.R2          .              .              .             EPS         
c-COIL.R4.R5          .              .              .             EPS         
c-COIL.R4.R3          .              .              .             EPS         
c-COIL.R4.R6          .              .              .             EPS         
c-COIL.R4.R4          .              .              .             EPS         
c-GASE.R1.R1          .              .              .             EPS         
c-GASE.R1.R2          .              .              .             EPS         
c-GASE.R1.R5          .              .              .             EPS         
c-GASE.R1.R3          .              .              .             EPS         
c-GASE.R1.R6          .              .              .             EPS         
c-GASE.R1.R4          .              .              .             EPS         
c-GASE.R2.R1          .              .              .             EPS         
c-GASE.R2.R2          .              .              .             EPS         
c-GASE.R2.R5          .              .              .             EPS         
c-GASE.R2.R3          .              .              .             EPS         
c-GASE.R2.R6          .              .              .             EPS         
c-GASE.R2.R4          .              .              .             EPS         
c-GASE.R5.R1          .              .              .             EPS         
c-GASE.R5.R2          .              .              .             EPS         
c-GASE.R5.R5          .              .              .             EPS         
c-GASE.R5.R3          .              .              .             EPS         
c-GASE.R5.R6          .              .              .             EPS         
c-GASE.R5.R4          .              .              .             EPS         
c-GASE.R3.R1          .              .              .             EPS         
c-GASE.R3.R2          .              .              .             EPS         
c-GASE.R3.R5          .              .              .             EPS         
c-GASE.R3.R3          .              .              .             EPS         
c-GASE.R3.R6          .              .              .             EPS         
c-GASE.R3.R4          .              .              .             EPS         
c-GASE.R6.R1          .              .              .             EPS         
c-GASE.R6.R2          .              .              .             EPS         
c-GASE.R6.R5          .              .              .             EPS         
c-GASE.R6.R3          .              .              .             EPS         
c-GASE.R6.R6          .              .              .             EPS         
c-GASE.R6.R4          .              .              .             EPS         
c-GASE.R4.R1          .              .              .             EPS         
c-GASE.R4.R2          .              .              .             EPS         
c-GASE.R4.R5          .              .              .             EPS         
c-GASE.R4.R3          .              .              .             EPS         
c-GASE.R4.R6          .              .              .             EPS         
c-GASE.R4.R4          .              .              .             EPS         
c-IMIN.R1.R1          .              .              .             EPS         
c-IMIN.R1.R2          .              .              .             EPS         
c-IMIN.R1.R5          .              .              .             EPS         
c-IMIN.R1.R3          .              .              .             EPS         
c-IMIN.R1.R6          .              .              .             EPS         
c-IMIN.R1.R4          .              .              .             EPS         
c-IMIN.R2.R1          .              .              .             EPS         
c-IMIN.R2.R2          .              .              .             EPS         
c-IMIN.R2.R5          .              .              .             EPS         
c-IMIN.R2.R3          .              .              .             EPS         
c-IMIN.R2.R6          .              .              .             EPS         
c-IMIN.R2.R4          .              .              .             EPS         
c-IMIN.R5.R1          .              .              .             EPS         
c-IMIN.R5.R2          .              .              .             EPS         
c-IMIN.R5.R5          .              .              .             EPS         
c-IMIN.R5.R3          .              .              .             EPS         
c-IMIN.R5.R6          .              .              .             EPS         
c-IMIN.R5.R4          .              .              .             EPS         
c-IMIN.R3.R1          .              .              .             EPS         
c-IMIN.R3.R2          .              .              .             EPS         
c-IMIN.R3.R5          .              .              .             EPS         
c-IMIN.R3.R3          .              .              .             EPS         
c-IMIN.R3.R6          .              .              .             EPS         
c-IMIN.R3.R4          .              .              .             EPS         
c-IMIN.R6.R1          .              .              .             EPS         
c-IMIN.R6.R2          .              .              .             EPS         
c-IMIN.R6.R5          .              .              .             EPS         
c-IMIN.R6.R3          .              .              .             EPS         
c-IMIN.R6.R6          .              .              .             EPS         
c-IMIN.R6.R4          .              .              .             EPS         
c-IMIN.R4.R1          .              .              .             EPS         
c-IMIN.R4.R2          .              .              .             EPS         
c-IMIN.R4.R5          .              .              .             EPS         
c-IMIN.R4.R3          .              .              .             EPS         
c-IMIN.R4.R6          .              .              .             EPS         
c-IMIN.R4.R4          .              .              .             EPS         
c-IRES.R1.R1          .              .              .             EPS         
c-IRES.R1.R2          .              .              .             EPS         
c-IRES.R1.R5          .              .              .             EPS         
c-IRES.R1.R3          .              .              .             EPS         
c-IRES.R1.R6          .              .              .             EPS         
c-IRES.R1.R4          .              .              .             EPS         
c-IRES.R2.R1          .              .              .             EPS         
c-IRES.R2.R2          .              .              .             EPS         
c-IRES.R2.R5          .              .              .             EPS         
c-IRES.R2.R3          .              .              .             EPS         
c-IRES.R2.R6          .              .              .             EPS         
c-IRES.R2.R4          .              .              .             EPS         
c-IRES.R5.R1          .              .              .             EPS         
c-IRES.R5.R2          .              .              .             EPS         
c-IRES.R5.R5          .              .              .             EPS         
c-IRES.R5.R3          .              .              .             EPS         
c-IRES.R5.R6          .              .              .             EPS         
c-IRES.R5.R4          .              .              .             EPS         
c-IRES.R3.R1          .              .              .             EPS         
c-IRES.R3.R2          .              .              .             EPS         
c-IRES.R3.R5          .              .              .             EPS         
c-IRES.R3.R3          .              .              .             EPS         
c-IRES.R3.R6          .              .              .             EPS         
c-IRES.R3.R4          .              .              .             EPS         
c-IRES.R6.R1          .              .              .             EPS         
c-IRES.R6.R2          .              .              .             EPS         
c-IRES.R6.R5          .              .              .             EPS         
c-IRES.R6.R3          .              .              .             EPS         
c-IRES.R6.R6          .              .              .             EPS         
c-IRES.R6.R4          .              .              .             EPS         
c-IRES.R4.R1          .              .              .             EPS         
c-IRES.R4.R2          .              .              .             EPS         
c-IRES.R4.R5          .              .              .             EPS         
c-IRES.R4.R3          .              .              .             EPS         
c-IRES.R4.R6          .              .              .             EPS         
c-IRES.R4.R4          .              .              .             EPS         
c-REFP.R1.R1          .              .              .             EPS         
c-REFP.R1.R2          .              .              .             EPS         
c-REFP.R1.R5          .              .              .             EPS         
c-REFP.R1.R3          .              .              .             EPS         
c-REFP.R1.R6          .              .              .             EPS         
c-REFP.R1.R4          .              .              .             EPS         
c-REFP.R2.R1          .              .              .             EPS         
c-REFP.R2.R2          .              .              .             EPS         
c-REFP.R2.R5          .              .              .             EPS         
c-REFP.R2.R3          .              .              .             EPS         
c-REFP.R2.R6          .              .              .             EPS         
c-REFP.R2.R4          .              .              .             EPS         
c-REFP.R5.R1          .              .              .             EPS         
c-REFP.R5.R2          .              .              .             EPS         
c-REFP.R5.R5          .              .              .             EPS         
c-REFP.R5.R3          .              .              .             EPS         
c-REFP.R5.R6          .              .              .             EPS         
c-REFP.R5.R4          .              .              .             EPS         
c-REFP.R3.R1          .              .              .             EPS         
c-REFP.R3.R2          .              .              .             EPS         
c-REFP.R3.R5          .              .              .             EPS         
c-REFP.R3.R3          .              .              .             EPS         
c-REFP.R3.R6          .              .              .             EPS         
c-REFP.R3.R4          .              .              .             EPS         
c-REFP.R6.R1          .              .              .             EPS         
c-REFP.R6.R2          .              .              .             EPS         
c-REFP.R6.R5          .              .              .             EPS         
c-REFP.R6.R3          .              .              .             EPS         
c-REFP.R6.R6          .              .              .             EPS         
c-REFP.R6.R4          .              .              .             EPS         
c-REFP.R4.R1          .              .              .             EPS         
c-REFP.R4.R2          .              .              .             EPS         
c-REFP.R4.R5          .              .              .             EPS         
c-REFP.R4.R3          .              .              .             EPS         
c-REFP.R4.R6          .              .              .             EPS         
c-REFP.R4.R4          .              .              .             EPS         
c-REFG.R1.R1          .              .              .             EPS         
c-REFG.R1.R2          .              .              .             EPS         
c-REFG.R1.R5          .              .              .             EPS         
c-REFG.R1.R3          .              .              .             EPS         
c-REFG.R1.R6          .              .              .             EPS         
c-REFG.R1.R4          .              .              .             EPS         
c-REFG.R2.R1          .              .              .             EPS         
c-REFG.R2.R2          .              .              .             EPS         
c-REFG.R2.R5          .              .              .             EPS         
c-REFG.R2.R3          .              .              .             EPS         
c-REFG.R2.R6          .              .              .             EPS         
c-REFG.R2.R4          .              .              .             EPS         
c-REFG.R5.R1          .              .              .             EPS         
c-REFG.R5.R2          .              .              .             EPS         
c-REFG.R5.R5          .              .              .             EPS         
c-REFG.R5.R3          .              .              .             EPS         
c-REFG.R5.R6          .              .              .             EPS         
c-REFG.R5.R4          .              .              .             EPS         
c-REFG.R3.R1          .              .              .             EPS         
c-REFG.R3.R2          .              .              .             EPS         
c-REFG.R3.R5          .              .              .             EPS         
c-REFG.R3.R3          .              .              .             EPS         
c-REFG.R3.R6          .              .              .             EPS         
c-REFG.R3.R4          .              .              .             EPS         
c-REFG.R6.R1          .              .              .             EPS         
c-REFG.R6.R2          .              .              .             EPS         
c-REFG.R6.R5          .              .              .             EPS         
c-REFG.R6.R3          .              .              .             EPS         
c-REFG.R6.R6          .              .              .             EPS         
c-REFG.R6.R4          .              .              .             EPS         
c-REFG.R4.R1          .              .              .             EPS         
c-REFG.R4.R2          .              .              .             EPS         
c-REFG.R4.R5          .              .              .             EPS         
c-REFG.R4.R3          .              .              .             EPS         
c-REFG.R4.R6          .              .              .             EPS         
c-REFG.R4.R4          .              .              .             EPS         
c-ICHA.R1.R1          .              .              .             EPS         
c-ICHA.R1.R2          .              .              .             EPS         
c-ICHA.R1.R5          .              .              .             EPS         
c-ICHA.R1.R3          .              .              .             EPS         
c-ICHA.R1.R6          .              .              .             EPS         
c-ICHA.R1.R4          .              .              .             EPS         
c-ICHA.R2.R1          .              .              .             EPS         
c-ICHA.R2.R2          .              .              .             EPS         
c-ICHA.R2.R5          .              .              .             EPS         
c-ICHA.R2.R3          .              .              .             EPS         
c-ICHA.R2.R6          .              .              .             EPS         
c-ICHA.R2.R4          .              .              .             EPS         
c-ICHA.R5.R1          .              .              .             EPS         
c-ICHA.R5.R2          .              .              .             EPS         
c-ICHA.R5.R5          .              .              .             EPS         
c-ICHA.R5.R3          .              .              .             EPS         
c-ICHA.R5.R6          .              .              .             EPS         
c-ICHA.R5.R4          .              .              .             EPS         
c-ICHA.R3.R1          .              .              .             EPS         
c-ICHA.R3.R2          .              .              .             EPS         
c-ICHA.R3.R5          .              .              .             EPS         
c-ICHA.R3.R3          .              .              .             EPS         
c-ICHA.R3.R6          .              .              .             EPS         
c-ICHA.R3.R4          .              .              .             EPS         
c-ICHA.R6.R1          .              .              .             EPS         
c-ICHA.R6.R2          .              .              .             EPS         
c-ICHA.R6.R5          .              .              .             EPS         
c-ICHA.R6.R3          .              .              .             EPS         
c-ICHA.R6.R6          .              .              .             EPS         
c-ICHA.R6.R4          .              .              .             EPS         
c-ICHA.R4.R1          .              .              .             EPS         
c-ICHA.R4.R2          .              .              .             EPS         
c-ICHA.R4.R5          .              .              .             EPS         
c-ICHA.R4.R3          .              .              .             EPS         
c-ICHA.R4.R6          .              .              .             EPS         
c-ICHA.R4.R4          .              .              .             EPS         
c-BIO .R1.R1          .              .              .             EPS         
c-BIO .R1.R2          .              .              .             EPS         
c-BIO .R1.R5          .              .              .             EPS         
c-BIO .R1.R3          .              .              .             EPS         
c-BIO .R1.R6          .              .              .             EPS         
c-BIO .R1.R4          .              .              .             EPS         
c-BIO .R2.R1          .              .              .             EPS         
c-BIO .R2.R2          .              .              .             EPS         
c-BIO .R2.R5          .              .              .             EPS         
c-BIO .R2.R3          .              .              .             EPS         
c-BIO .R2.R6          .              .              .             EPS         
c-BIO .R2.R4          .              .              .             EPS         
c-BIO .R5.R1          .              .              .             EPS         
c-BIO .R5.R2          .              .              .             EPS         
c-BIO .R5.R5          .              .              .             EPS         
c-BIO .R5.R3          .              .              .             EPS         
c-BIO .R5.R6          .              .              .             EPS         
c-BIO .R5.R4          .              .              .             EPS         
c-BIO .R3.R1          .              .              .             EPS         
c-BIO .R3.R2          .              .              .             EPS         
c-BIO .R3.R5          .              .              .             EPS         
c-BIO .R3.R3          .              .              .             EPS         
c-BIO .R3.R6          .              .              .             EPS         
c-BIO .R3.R4          .              .              .             EPS         
c-BIO .R6.R1          .              .              .             EPS         
c-BIO .R6.R2          .              .              .             EPS         
c-BIO .R6.R5          .              .              .             EPS         
c-BIO .R6.R3          .              .              .             EPS         
c-BIO .R6.R6          .              .              .             EPS         
c-BIO .R6.R4          .              .              .             EPS         
c-BIO .R4.R1          .              .              .             EPS         
c-BIO .R4.R2          .              .              .             EPS         
c-BIO .R4.R5          .              .              .             EPS         
c-BIO .R4.R3          .              .              .             EPS         
c-BIO .R4.R6          .              .              .             EPS         
c-BIO .R4.R4          .              .              .             EPS         
c-IMEA.R1.R1          .              .              .             EPS         
c-IMEA.R1.R2          .              .              .             EPS         
c-IMEA.R1.R5          .              .              .             EPS         
c-IMEA.R1.R3          .              .              .             EPS         
c-IMEA.R1.R6          .              .              .             EPS         
c-IMEA.R1.R4          .              .              .             EPS         
c-IMEA.R2.R1          .              .              .             EPS         
c-IMEA.R2.R2          .              .              .             EPS         
c-IMEA.R2.R5          .              .              .             EPS         
c-IMEA.R2.R3          .              .              .             EPS         
c-IMEA.R2.R6          .              .              .             EPS         
c-IMEA.R2.R4          .              .              .             EPS         
c-IMEA.R5.R1          .              .              .             EPS         
c-IMEA.R5.R2          .              .              .             EPS         
c-IMEA.R5.R5          .              .              .             EPS         
c-IMEA.R5.R3          .              .              .             EPS         
c-IMEA.R5.R6          .              .              .             EPS         
c-IMEA.R5.R4          .              .              .             EPS         
c-IMEA.R3.R1          .              .              .             EPS         
c-IMEA.R3.R2          .              .              .             EPS         
c-IMEA.R3.R5          .              .              .             EPS         
c-IMEA.R3.R3          .              .              .             EPS         
c-IMEA.R3.R6          .              .              .             EPS         
c-IMEA.R3.R4          .              .              .             EPS         
c-IMEA.R6.R1          .              .              .             EPS         
c-IMEA.R6.R2          .              .              .             EPS         
c-IMEA.R6.R5          .              .              .             EPS         
c-IMEA.R6.R3          .              .              .             EPS         
c-IMEA.R6.R6          .              .              .             EPS         
c-IMEA.R6.R4          .              .              .             EPS         
c-IMEA.R4.R1          .              .              .             EPS         
c-IMEA.R4.R2          .              .              .             EPS         
c-IMEA.R4.R5          .              .              .             EPS         
c-IMEA.R4.R3          .              .              .             EPS         
c-IMEA.R4.R6          .              .              .             EPS         
c-IMEA.R4.R4          .              .              .             EPS         
c-COMT.R1.R1          .              .              .             EPS         
c-COMT.R1.R2          .              .              .             EPS         
c-COMT.R1.R5          .              .              .             EPS         
c-COMT.R1.R3          .              .              .             EPS         
c-COMT.R1.R6          .              .              .             EPS         
c-COMT.R1.R4          .              .              .             EPS         
c-COMT.R2.R1          .              .              .             EPS         
c-COMT.R2.R2          .              .              .             EPS         
c-COMT.R2.R5          .              .              .             EPS         
c-COMT.R2.R3          .              .              .             EPS         
c-COMT.R2.R6          .              .              .             EPS         
c-COMT.R2.R4          .              .              .             EPS         
c-COMT.R5.R1          .              .              .             EPS         
c-COMT.R5.R2          .              .              .             EPS         
c-COMT.R5.R5          .              .              .             EPS         
c-COMT.R5.R3          .              .              .             EPS         
c-COMT.R5.R6          .              .              .             EPS         
c-COMT.R5.R4          .              .              .             EPS         
c-COMT.R3.R1          .              .              .             EPS         
c-COMT.R3.R2          .              .              .             EPS         
c-COMT.R3.R5          .              .              .             EPS         
c-COMT.R3.R3          .              .              .             EPS         
c-COMT.R3.R6          .              .              .             EPS         
c-COMT.R3.R4          .              .              .             EPS         
c-COMT.R6.R1          .              .              .             EPS         
c-COMT.R6.R2          .              .              .             EPS         
c-COMT.R6.R5          .              .              .             EPS         
c-COMT.R6.R3          .              .              .             EPS         
c-COMT.R6.R6          .              .              .             EPS         
c-COMT.R6.R4          .              .              .             EPS         
c-COMT.R4.R1          .              .              .             EPS         
c-COMT.R4.R2          .              .              .             EPS         
c-COMT.R4.R5          .              .              .             EPS         
c-COMT.R4.R3          .              .              .             EPS         
c-COMT.R4.R6          .              .              .             EPS         
c-COMT.R4.R4          .              .              .             EPS         
c-MVT .R1.R1          .              .              .             EPS         
c-MVT .R1.R2          .              .              .             EPS         
c-MVT .R1.R5          .              .              .             EPS         
c-MVT .R1.R3          .              .              .             EPS         
c-MVT .R1.R6          .              .              .             EPS         
c-MVT .R1.R4          .              .              .             EPS         
c-MVT .R2.R1          .              .              .             EPS         
c-MVT .R2.R2          .              .              .             EPS         
c-MVT .R2.R5          .              .              .             EPS         
c-MVT .R2.R3          .              .              .             EPS         
c-MVT .R2.R6          .              .              .             EPS         
c-MVT .R2.R4          .              .              .             EPS         
c-MVT .R5.R1          .              .              .             EPS         
c-MVT .R5.R2          .              .              .             EPS         
c-MVT .R5.R5          .              .              .             EPS         
c-MVT .R5.R3          .              .              .             EPS         
c-MVT .R5.R6          .              .              .             EPS         
c-MVT .R5.R4          .              .              .             EPS         
c-MVT .R3.R1          .              .              .             EPS         
c-MVT .R3.R2          .              .              .             EPS         
c-MVT .R3.R5          .              .              .             EPS         
c-MVT .R3.R3          .              .              .             EPS         
c-MVT .R3.R6          .              .              .             EPS         
c-MVT .R3.R4          .              .              .             EPS         
c-MVT .R6.R1          .              .              .             EPS         
c-MVT .R6.R2          .              .              .             EPS         
c-MVT .R6.R5          .              .              .             EPS         
c-MVT .R6.R3          .              .              .             EPS         
c-MVT .R6.R6          .              .              .             EPS         
c-MVT .R6.R4          .              .              .             EPS         
c-MVT .R4.R1          .              .              .             EPS         
c-MVT .R4.R2          .              .              .             EPS         
c-MVT .R4.R5          .              .              .             EPS         
c-MVT .R4.R3          .              .              .             EPS         
c-MVT .R4.R6          .              .              .             EPS         
c-MVT .R4.R4          .              .              .             EPS         
c-CWSR.R1.R1          .              .              .             EPS         
c-CWSR.R1.R2          .              .              .             EPS         
c-CWSR.R1.R5          .              .              .             EPS         
c-CWSR.R1.R3          .              .              .             EPS         
c-CWSR.R1.R6          .              .              .             EPS         
c-CWSR.R1.R4          .              .              .             EPS         
c-CWSR.R2.R1          .              .              .             EPS         
c-CWSR.R2.R2          .              .              .             EPS         
c-CWSR.R2.R5          .              .              .             EPS         
c-CWSR.R2.R3          .              .              .             EPS         
c-CWSR.R2.R6          .              .              .             EPS         
c-CWSR.R2.R4          .              .              .             EPS         
c-CWSR.R5.R1          .              .              .             EPS         
c-CWSR.R5.R2          .              .              .             EPS         
c-CWSR.R5.R5          .              .              .             EPS         
c-CWSR.R5.R3          .              .              .             EPS         
c-CWSR.R5.R6          .              .              .             EPS         
c-CWSR.R5.R4          .              .              .             EPS         
c-CWSR.R3.R1          .              .              .             EPS         
c-CWSR.R3.R2          .              .              .             EPS         
c-CWSR.R3.R5          .              .              .             EPS         
c-CWSR.R3.R3          .              .              .             EPS         
c-CWSR.R3.R6          .              .              .             EPS         
c-CWSR.R3.R4          .              .              .             EPS         
c-CWSR.R6.R1          .              .              .             EPS         
c-CWSR.R6.R2          .              .              .             EPS         
c-CWSR.R6.R5          .              .              .             EPS         
c-CWSR.R6.R3          .              .              .             EPS         
c-CWSR.R6.R6          .              .              .             EPS         
c-CWSR.R6.R4          .              .              .             EPS         
c-CWSR.R4.R1          .              .              .             EPS         
c-CWSR.R4.R2          .              .              .             EPS         
c-CWSR.R4.R5          .              .              .             EPS         
c-CWSR.R4.R3          .              .              .             EPS         
c-CWSR.R4.R6          .              .              .             EPS         
c-CWSR.R4.R4          .              .              .             EPS         
c-POWF.R1.R1          .              .              .             EPS         
c-POWF.R1.R2          .              .              .             EPS         
c-POWF.R1.R5          .              .              .             EPS         
c-POWF.R1.R3          .              .              .             EPS         
c-POWF.R1.R6          .              .              .             EPS         
c-POWF.R1.R4          .              .              .             EPS         
c-POWF.R2.R1          .              .              .             EPS         
c-POWF.R2.R2          .              .              .             EPS         
c-POWF.R2.R5          .              .              .             EPS         
c-POWF.R2.R3          .              .              .             EPS         
c-POWF.R2.R6          .              .              .             EPS         
c-POWF.R2.R4          .              .              .             EPS         
c-POWF.R5.R1          .              .              .             EPS         
c-POWF.R5.R2          .              .              .             EPS         
c-POWF.R5.R5          .              .              .             EPS         
c-POWF.R5.R3          .              .              .             EPS         
c-POWF.R5.R6          .              .              .             EPS         
c-POWF.R5.R4          .              .              .             EPS         
c-POWF.R3.R1          .              .              .             EPS         
c-POWF.R3.R2          .              .              .             EPS         
c-POWF.R3.R5          .              .              .             EPS         
c-POWF.R3.R3          .              .              .             EPS         
c-POWF.R3.R6          .              .              .             EPS         
c-POWF.R3.R4          .              .              .             EPS         
c-POWF.R6.R1          .              .              .             EPS         
c-POWF.R6.R2          .              .              .             EPS         
c-POWF.R6.R5          .              .              .             EPS         
c-POWF.R6.R3          .              .              .             EPS         
c-POWF.R6.R6          .              .              .             EPS         
c-POWF.R6.R4          .              .              .             EPS         
c-POWF.R4.R1          .              .              .             EPS         
c-POWF.R4.R2          .              .              .             EPS         
c-POWF.R4.R5          .              .              .             EPS         
c-POWF.R4.R3          .              .              .             EPS         
c-POWF.R4.R6          .              .              .             EPS         
c-POWF.R4.R4          .              .              .             EPS         
c-POWR.R1.R1          .              .              .             EPS         
c-POWR.R1.R2          .              .              .             EPS         
c-POWR.R1.R5          .              .              .             EPS         
c-POWR.R1.R3          .              .              .             EPS         
c-POWR.R1.R6          .              .              .             EPS         
c-POWR.R1.R4          .              .              .             EPS         
c-POWR.R2.R1          .              .              .             EPS         
c-POWR.R2.R2          .              .              .             EPS         
c-POWR.R2.R5          .              .              .             EPS         
c-POWR.R2.R3          .              .              .             EPS         
c-POWR.R2.R6          .              .              .             EPS         
c-POWR.R2.R4          .              .              .             EPS         
c-POWR.R5.R1          .              .              .             EPS         
c-POWR.R5.R2          .              .              .             EPS         
c-POWR.R5.R5          .              .              .             EPS         
c-POWR.R5.R3          .              .              .             EPS         
c-POWR.R5.R6          .              .              .             EPS         
c-POWR.R5.R4          .              .              .             EPS         
c-POWR.R3.R1          .              .              .             EPS         
c-POWR.R3.R2          .              .              .             EPS         
c-POWR.R3.R5          .              .              .             EPS         
c-POWR.R3.R3          .              .              .             EPS         
c-POWR.R3.R6          .              .              .             EPS         
c-POWR.R3.R4          .              .              .             EPS         
c-POWR.R6.R1          .              .              .             EPS         
c-POWR.R6.R2          .              .              .             EPS         
c-POWR.R6.R5          .              .              .             EPS         
c-POWR.R6.R3          .              .              .             EPS         
c-POWR.R6.R6          .              .              .             EPS         
c-POWR.R6.R4          .              .              .             EPS         
c-POWR.R4.R1          .              .              .             EPS         
c-POWR.R4.R2          .              .              .             EPS         
c-POWR.R4.R5          .              .              .             EPS         
c-POWR.R4.R3          .              .              .             EPS         
c-POWR.R4.R6          .              .              .             EPS         
c-POWR.R4.R4          .              .              .             EPS         
c-POWT.R1.R1          .              .              .             EPS         
c-POWT.R1.R2          .              .              .             EPS         
c-POWT.R1.R5          .              .              .             EPS         
c-POWT.R1.R3          .              .              .             EPS         
c-POWT.R1.R6          .              .              .             EPS         
c-POWT.R1.R4          .              .              .             EPS         
c-POWT.R2.R1          .              .              .             EPS         
c-POWT.R2.R2          .              .              .             EPS         
c-POWT.R2.R5          .              .              .             EPS         
c-POWT.R2.R3          .              .              .             EPS         
c-POWT.R2.R6          .              .              .             EPS         
c-POWT.R2.R4          .              .              .             EPS         
c-POWT.R5.R1          .              .              .             EPS         
c-POWT.R5.R2          .              .              .             EPS         
c-POWT.R5.R5          .              .              .             EPS         
c-POWT.R5.R3          .              .              .             EPS         
c-POWT.R5.R6          .              .              .             EPS         
c-POWT.R5.R4          .              .              .             EPS         
c-POWT.R3.R1          .              .              .             EPS         
c-POWT.R3.R2          .              .              .             EPS         
c-POWT.R3.R5          .              .              .             EPS         
c-POWT.R3.R3          .              .              .             EPS         
c-POWT.R3.R6          .              .              .             EPS         
c-POWT.R3.R4          .              .              .             EPS         
c-POWT.R6.R1          .              .              .             EPS         
c-POWT.R6.R2          .              .              .             EPS         
c-POWT.R6.R5          .              .              .             EPS         
c-POWT.R6.R3          .              .              .             EPS         
c-POWT.R6.R6          .              .              .             EPS         
c-POWT.R6.R4          .              .              .             EPS         
c-POWT.R4.R1          .              .              .             EPS         
c-POWT.R4.R2          .              .              .             EPS         
c-POWT.R4.R5          .              .              .             EPS         
c-POWT.R4.R3          .              .              .             EPS         
c-POWT.R4.R6          .              .              .             EPS         
c-POWT.R4.R4          .              .              .             EPS         
c-NG  .R1.R1          .              .              .             EPS         
c-NG  .R1.R2          .              .              .             EPS         
c-NG  .R1.R5          .              .              .             EPS         
c-NG  .R1.R3          .              .              .             EPS         
c-NG  .R1.R6          .              .              .             EPS         
c-NG  .R1.R4          .              .              .             EPS         
c-NG  .R2.R1          .              .              .             EPS         
c-NG  .R2.R2          .              .              .             EPS         
c-NG  .R2.R5          .              .              .             EPS         
c-NG  .R2.R3          .              .              .             EPS         
c-NG  .R2.R6          .              .              .             EPS         
c-NG  .R2.R4          .              .              .             EPS         
c-NG  .R5.R1          .              .              .             EPS         
c-NG  .R5.R2          .              .              .             EPS         
c-NG  .R5.R5          .              .              .             EPS         
c-NG  .R5.R3          .              .              .             EPS         
c-NG  .R5.R6          .              .              .             EPS         
c-NG  .R5.R4          .              .              .             EPS         
c-NG  .R3.R1          .              .              .             EPS         
c-NG  .R3.R2          .              .              .             EPS         
c-NG  .R3.R5          .              .              .             EPS         
c-NG  .R3.R3          .              .              .             EPS         
c-NG  .R3.R6          .              .              .             EPS         
c-NG  .R3.R4          .              .              .             EPS         
c-NG  .R6.R1          .              .              .             EPS         
c-NG  .R6.R2          .              .              .             EPS         
c-NG  .R6.R5          .              .              .             EPS         
c-NG  .R6.R3          .              .              .             EPS         
c-NG  .R6.R6          .              .              .             EPS         
c-NG  .R6.R4          .              .              .             EPS         
c-NG  .R4.R1          .              .              .             EPS         
c-NG  .R4.R2          .              .              .             EPS         
c-NG  .R4.R5          .              .              .             EPS         
c-NG  .R4.R3          .              .              .             EPS         
c-NG  .R4.R6          .              .              .             EPS         
c-NG  .R4.R4          .              .              .             EPS         
c-LTH .R1.R1          .              .              .             EPS         
c-LTH .R1.R2          .              .              .             EPS         
c-LTH .R1.R5          .              .              .             EPS         
c-LTH .R1.R3          .              .              .             EPS         
c-LTH .R1.R6          .              .              .             EPS         
c-LTH .R1.R4          .              .              .             EPS         
c-LTH .R2.R1          .              .              .             EPS         
c-LTH .R2.R2          .              .              .             EPS         
c-LTH .R2.R5          .              .              .             EPS         
c-LTH .R2.R3          .              .              .             EPS         
c-LTH .R2.R6          .              .              .             EPS         
c-LTH .R2.R4          .              .              .             EPS         
c-LTH .R5.R1          .              .              .             EPS         
c-LTH .R5.R2          .              .              .             EPS         
c-LTH .R5.R5          .              .              .             EPS         
c-LTH .R5.R3          .              .              .             EPS         
c-LTH .R5.R6          .              .              .             EPS         
c-LTH .R5.R4          .              .              .             EPS         
c-LTH .R3.R1          .              .              .             EPS         
c-LTH .R3.R2          .              .              .             EPS         
c-LTH .R3.R5          .              .              .             EPS         
c-LTH .R3.R3          .              .              .             EPS         
c-LTH .R3.R6          .              .              .             EPS         
c-LTH .R3.R4          .              .              .             EPS         
c-LTH .R6.R1          .              .              .             EPS         
c-LTH .R6.R2          .              .              .             EPS         
c-LTH .R6.R5          .              .              .             EPS         
c-LTH .R6.R3          .              .              .             EPS         
c-LTH .R6.R6          .              .              .             EPS         
c-LTH .R6.R4          .              .              .             EPS         
c-LTH .R4.R1          .              .              .             EPS         
c-LTH .R4.R2          .              .              .             EPS         
c-LTH .R4.R5          .              .              .             EPS         
c-LTH .R4.R3          .              .              .             EPS         
c-LTH .R4.R6          .              .              .             EPS         
c-LTH .R4.R4          .              .              .             EPS         
c-CCON.R1.R1          .              .              .             EPS         
c-CCON.R1.R2          .              .              .             EPS         
c-CCON.R1.R5          .              .              .             EPS         
c-CCON.R1.R3          .              .              .             EPS         
c-CCON.R1.R6          .              .              .             EPS         
c-CCON.R1.R4          .              .              .             EPS         
c-CCON.R2.R1          .              .              .             EPS         
c-CCON.R2.R2          .              .              .             EPS         
c-CCON.R2.R5          .              .              .             EPS         
c-CCON.R2.R3          .              .              .             EPS         
c-CCON.R2.R6          .              .              .             EPS         
c-CCON.R2.R4          .              .              .             EPS         
c-CCON.R5.R1          .              .              .             EPS         
c-CCON.R5.R2          .              .              .             EPS         
c-CCON.R5.R5          .              .              .             EPS         
c-CCON.R5.R3          .              .              .             EPS         
c-CCON.R5.R6          .              .              .             EPS         
c-CCON.R5.R4          .              .              .             EPS         
c-CCON.R3.R1          .              .              .             EPS         
c-CCON.R3.R2          .              .              .             EPS         
c-CCON.R3.R5          .              .              .             EPS         
c-CCON.R3.R3          .              .              .             EPS         
c-CCON.R3.R6          .              .              .             EPS         
c-CCON.R3.R4          .              .              .             EPS         
c-CCON.R6.R1          .              .              .             EPS         
c-CCON.R6.R2          .              .              .             EPS         
c-CCON.R6.R5          .              .              .             EPS         
c-CCON.R6.R3          .              .              .             EPS         
c-CCON.R6.R6          .              .              .             EPS         
c-CCON.R6.R4          .              .              .             EPS         
c-CCON.R4.R1          .              .              .             EPS         
c-CCON.R4.R2          .              .              .             EPS         
c-CCON.R4.R5          .              .              .             EPS         
c-CCON.R4.R3          .              .              .             EPS         
c-CCON.R4.R6          .              .              .             EPS         
c-CCON.R4.R4          .              .              .             EPS         
c-TRAI.R1.R1          .              .              .             EPS         
c-TRAI.R1.R2          .              .              .             EPS         
c-TRAI.R1.R5          .              .              .             EPS         
c-TRAI.R1.R3          .              .              .             EPS         
c-TRAI.R1.R6          .              .              .             EPS         
c-TRAI.R1.R4          .              .              .             EPS         
c-TRAI.R2.R1          .              .              .             EPS         
c-TRAI.R2.R2          .              .              .             EPS         
c-TRAI.R2.R5          .              .              .             EPS         
c-TRAI.R2.R3          .              .              .             EPS         
c-TRAI.R2.R6          .              .              .             EPS         
c-TRAI.R2.R4          .              .              .             EPS         
c-TRAI.R5.R1          .              .              .             EPS         
c-TRAI.R5.R2          .              .              .             EPS         
c-TRAI.R5.R5          .              .              .             EPS         
c-TRAI.R5.R3          .              .              .             EPS         
c-TRAI.R5.R6          .              .              .             EPS         
c-TRAI.R5.R4          .              .              .             EPS         
c-TRAI.R3.R1          .              .              .             EPS         
c-TRAI.R3.R2          .              .              .             EPS         
c-TRAI.R3.R5          .              .              .             EPS         
c-TRAI.R3.R3          .              .              .             EPS         
c-TRAI.R3.R6          .              .              .             EPS         
c-TRAI.R3.R4          .              .              .             EPS         
c-TRAI.R6.R1          .              .              .             EPS         
c-TRAI.R6.R2          .              .              .             EPS         
c-TRAI.R6.R5          .              .              .             EPS         
c-TRAI.R6.R3          .              .              .             EPS         
c-TRAI.R6.R6          .              .              .             EPS         
c-TRAI.R6.R4          .              .              .             EPS         
c-TRAI.R4.R1          .              .              .             EPS         
c-TRAI.R4.R2          .              .              .             EPS         
c-TRAI.R4.R5          .              .              .             EPS         
c-TRAI.R4.R3          .              .              .             EPS         
c-TRAI.R4.R6          .              .              .             EPS         
c-TRAI.R4.R4          .              .              .             EPS         
c-TPIP.R1.R1          .              .              .             EPS         
c-TPIP.R1.R2          .              .              .             EPS         
c-TPIP.R1.R5          .              .              .             EPS         
c-TPIP.R1.R3          .              .              .             EPS         
c-TPIP.R1.R6          .              .              .             EPS         
c-TPIP.R1.R4          .              .              .             EPS         
c-TPIP.R2.R1          .              .              .             EPS         
c-TPIP.R2.R2          .              .              .             EPS         
c-TPIP.R2.R5          .              .              .             EPS         
c-TPIP.R2.R3          .              .              .             EPS         
c-TPIP.R2.R6          .              .              .             EPS         
c-TPIP.R2.R4          .              .              .             EPS         
c-TPIP.R5.R1          .              .              .             EPS         
c-TPIP.R5.R2          .              .              .             EPS         
c-TPIP.R5.R5          .              .              .             EPS         
c-TPIP.R5.R3          .              .              .             EPS         
c-TPIP.R5.R6          .              .              .             EPS         
c-TPIP.R5.R4          .              .              .             EPS         
c-TPIP.R3.R1          .              .              .             EPS         
c-TPIP.R3.R2          .              .              .             EPS         
c-TPIP.R3.R5          .              .              .             EPS         
c-TPIP.R3.R3          .              .              .             EPS         
c-TPIP.R3.R6          .              .              .             EPS         
c-TPIP.R3.R4          .              .              .             EPS         
c-TPIP.R6.R1          .              .              .             EPS         
c-TPIP.R6.R2          .              .              .             EPS         
c-TPIP.R6.R5          .              .              .             EPS         
c-TPIP.R6.R3          .              .              .             EPS         
c-TPIP.R6.R6          .              .              .             EPS         
c-TPIP.R6.R4          .              .              .             EPS         
c-TPIP.R4.R1          .              .              .             EPS         
c-TPIP.R4.R2          .              .              .             EPS         
c-TPIP.R4.R5          .              .              .             EPS         
c-TPIP.R4.R3          .              .              .             EPS         
c-TPIP.R4.R6          .              .              .             EPS         
c-TPIP.R4.R4          .              .              .             EPS         
c-TLNL.R1.R1          .              .              .             EPS         
c-TLNL.R1.R2          .              .              .             EPS         
c-TLNL.R1.R5          .              .              .             EPS         
c-TLNL.R1.R3          .              .              .             EPS         
c-TLNL.R1.R6          .              .              .             EPS         
c-TLNL.R1.R4          .              .              .             EPS         
c-TLNL.R2.R1          .              .              .             EPS         
c-TLNL.R2.R2          .              .              .             EPS         
c-TLNL.R2.R5          .              .              .             EPS         
c-TLNL.R2.R3          .              .              .             EPS         
c-TLNL.R2.R6          .              .              .             EPS         
c-TLNL.R2.R4          .              .              .             EPS         
c-TLNL.R5.R1          .              .              .             EPS         
c-TLNL.R5.R2          .              .              .             EPS         
c-TLNL.R5.R5          .              .              .             EPS         
c-TLNL.R5.R3          .              .              .             EPS         
c-TLNL.R5.R6          .              .              .             EPS         
c-TLNL.R5.R4          .              .              .             EPS         
c-TLNL.R3.R1          .              .              .             EPS         
c-TLNL.R3.R2          .              .              .             EPS         
c-TLNL.R3.R5          .              .              .             EPS         
c-TLNL.R3.R3          .              .              .             EPS         
c-TLNL.R3.R6          .              .              .             EPS         
c-TLNL.R3.R4          .              .              .             EPS         
c-TLNL.R6.R1          .              .              .             EPS         
c-TLNL.R6.R2          .              .              .             EPS         
c-TLNL.R6.R5          .              .              .             EPS         
c-TLNL.R6.R3          .              .              .             EPS         
c-TLNL.R6.R6          .              .              .             EPS         
c-TLNL.R6.R4          .              .              .             EPS         
c-TLNL.R4.R1          .              .              .             EPS         
c-TLNL.R4.R2          .              .              .             EPS         
c-TLNL.R4.R5          .              .              .             EPS         
c-TLNL.R4.R3          .              .              .             EPS         
c-TLNL.R4.R6          .              .              .             EPS         
c-TLNL.R4.R4          .              .              .             EPS         
c-TLNH.R1.R1          .              .              .             EPS         
c-TLNH.R1.R2          .              .              .             EPS         
c-TLNH.R1.R5          .              .              .             EPS         
c-TLNH.R1.R3          .              .              .             EPS         
c-TLNH.R1.R6          .              .              .             EPS         
c-TLNH.R1.R4          .              .              .             EPS         
c-TLNH.R2.R1          .              .              .             EPS         
c-TLNH.R2.R2          .              .              .             EPS         
c-TLNH.R2.R5          .              .              .             EPS         
c-TLNH.R2.R3          .              .              .             EPS         
c-TLNH.R2.R6          .              .              .             EPS         
c-TLNH.R2.R4          .              .              .             EPS         
c-TLNH.R5.R1          .              .              .             EPS         
c-TLNH.R5.R2          .              .              .             EPS         
c-TLNH.R5.R5          .              .              .             EPS         
c-TLNH.R5.R3          .              .              .             EPS         
c-TLNH.R5.R6          .              .              .             EPS         
c-TLNH.R5.R4          .              .              .             EPS         
c-TLNH.R3.R1          .              .              .             EPS         
c-TLNH.R3.R2          .              .              .             EPS         
c-TLNH.R3.R5          .              .              .             EPS         
c-TLNH.R3.R3          .              .              .             EPS         
c-TLNH.R3.R6          .              .              .             EPS         
c-TLNH.R3.R4          .              .              .             EPS         
c-TLNH.R6.R1          .              .              .             EPS         
c-TLNH.R6.R2          .              .              .             EPS         
c-TLNH.R6.R5          .              .              .             EPS         
c-TLNH.R6.R3          .              .              .             EPS         
c-TLNH.R6.R6          .              .              .             EPS         
c-TLNH.R6.R4          .              .              .             EPS         
c-TLNH.R4.R1          .              .              .             EPS         
c-TLNH.R4.R2          .              .              .             EPS         
c-TLNH.R4.R5          .              .              .             EPS         
c-TLNH.R4.R3          .              .              .             EPS         
c-TLNH.R4.R6          .              .              .             EPS         
c-TLNH.R4.R4          .              .              .             EPS         
c-TSEA.R1.R1          .              .              .             EPS         
c-TSEA.R1.R2          .              .              .             EPS         
c-TSEA.R1.R5          .              .              .             EPS         
c-TSEA.R1.R3          .              .              .             EPS         
c-TSEA.R1.R6          .              .              .             EPS         
c-TSEA.R1.R4          .              .              .             EPS         
c-TSEA.R2.R1          .              .              .             EPS         
c-TSEA.R2.R2          .              .              .             EPS         
c-TSEA.R2.R5          .              .              .             EPS         
c-TSEA.R2.R3          .              .              .             EPS         
c-TSEA.R2.R6          .              .              .             EPS         
c-TSEA.R2.R4          .              .              .             EPS         
c-TSEA.R5.R1          .              .              .             EPS         
c-TSEA.R5.R2          .              .              .             EPS         
c-TSEA.R5.R5          .              .              .             EPS         
c-TSEA.R5.R3          .              .              .             EPS         
c-TSEA.R5.R6          .              .              .             EPS         
c-TSEA.R5.R4          .              .              .             EPS         
c-TSEA.R3.R1          .              .              .             EPS         
c-TSEA.R3.R2          .              .              .             EPS         
c-TSEA.R3.R5          .              .              .             EPS         
c-TSEA.R3.R3          .              .              .             EPS         
c-TSEA.R3.R6          .              .              .             EPS         
c-TSEA.R3.R4          .              .              .             EPS         
c-TSEA.R6.R1          .              .              .             EPS         
c-TSEA.R6.R2          .              .              .             EPS         
c-TSEA.R6.R5          .              .              .             EPS         
c-TSEA.R6.R3          .              .              .             EPS         
c-TSEA.R6.R6          .              .              .             EPS         
c-TSEA.R6.R4          .              .              .             EPS         
c-TSEA.R4.R1          .              .              .             EPS         
c-TSEA.R4.R2          .              .              .             EPS         
c-TSEA.R4.R5          .              .              .             EPS         
c-TSEA.R4.R3          .              .              .             EPS         
c-TSEA.R4.R6          .              .              .             EPS         
c-TSEA.R4.R4          .              .              .             EPS         
c-TAIR.R1.R1          .              .              .             EPS         
c-TAIR.R1.R2          .              .              .             EPS         
c-TAIR.R1.R5          .              .              .             EPS         
c-TAIR.R1.R3          .              .              .             EPS         
c-TAIR.R1.R6          .              .              .             EPS         
c-TAIR.R1.R4          .              .              .             EPS         
c-TAIR.R2.R1          .              .              .             EPS         
c-TAIR.R2.R2          .              .              .             EPS         
c-TAIR.R2.R5          .              .              .             EPS         
c-TAIR.R2.R3          .              .              .             EPS         
c-TAIR.R2.R6          .              .              .             EPS         
c-TAIR.R2.R4          .              .              .             EPS         
c-TAIR.R5.R1          .              .              .             EPS         
c-TAIR.R5.R2          .              .              .             EPS         
c-TAIR.R5.R5          .              .              .             EPS         
c-TAIR.R5.R3          .              .              .             EPS         
c-TAIR.R5.R6          .              .              .             EPS         
c-TAIR.R5.R4          .              .              .             EPS         
c-TAIR.R3.R1          .              .              .             EPS         
c-TAIR.R3.R2          .              .              .             EPS         
c-TAIR.R3.R5          .              .              .             EPS         
c-TAIR.R3.R3          .              .              .             EPS         
c-TAIR.R3.R6          .              .              .             EPS         
c-TAIR.R3.R4          .              .              .             EPS         
c-TAIR.R6.R1          .              .              .             EPS         
c-TAIR.R6.R2          .              .              .             EPS         
c-TAIR.R6.R5          .              .              .             EPS         
c-TAIR.R6.R3          .              .              .             EPS         
c-TAIR.R6.R6          .              .              .             EPS         
c-TAIR.R6.R4          .              .              .             EPS         
c-TAIR.R4.R1          .              .              .             EPS         
c-TAIR.R4.R2          .              .              .             EPS         
c-TAIR.R4.R5          .              .              .             EPS         
c-TAIR.R4.R3          .              .              .             EPS         
c-TAIR.R4.R6          .              .              .             EPS         
c-TAIR.R4.R4          .              .              .             EPS         
c-COFF.R1.R1          .              .              .             EPS         
c-COFF.R1.R2          .              .              .             EPS         
c-COFF.R1.R5          .              .              .             EPS         
c-COFF.R1.R3          .              .              .             EPS         
c-COFF.R1.R6          .              .              .             EPS         
c-COFF.R1.R4          .              .              .             EPS         
c-COFF.R2.R1          .              .              .             EPS         
c-COFF.R2.R2          .              .              .             EPS         
c-COFF.R2.R5          .              .              .             EPS         
c-COFF.R2.R3          .              .              .             EPS         
c-COFF.R2.R6          .              .              .             EPS         
c-COFF.R2.R4          .              .              .             EPS         
c-COFF.R5.R1          .              .              .             EPS         
c-COFF.R5.R2          .              .              .             EPS         
c-COFF.R5.R5          .              .              .             EPS         
c-COFF.R5.R3          .              .              .             EPS         
c-COFF.R5.R6          .              .              .             EPS         
c-COFF.R5.R4          .              .              .             EPS         
c-COFF.R3.R1          .              .              .             EPS         
c-COFF.R3.R2          .              .              .             EPS         
c-COFF.R3.R5          .              .              .             EPS         
c-COFF.R3.R3          .              .              .             EPS         
c-COFF.R3.R6          .              .              .             EPS         
c-COFF.R3.R4          .              .              .             EPS         
c-COFF.R6.R1          .              .              .             EPS         
c-COFF.R6.R2          .              .              .             EPS         
c-COFF.R6.R5          .              .              .             EPS         
c-COFF.R6.R3          .              .              .             EPS         
c-COFF.R6.R6          .              .              .             EPS         
c-COFF.R6.R4          .              .              .             EPS         
c-COFF.R4.R1          .              .              .             EPS         
c-COFF.R4.R2          .              .              .             EPS         
c-COFF.R4.R5          .              .              .             EPS         
c-COFF.R4.R3          .              .              .             EPS         
c-COFF.R4.R6          .              .              .             EPS         
c-COFF.R4.R4          .              .              .             EPS         
c-CENT.R1.R1          .              .              .             EPS         
c-CENT.R1.R2          .              .              .             EPS         
c-CENT.R1.R5          .              .              .             EPS         
c-CENT.R1.R3          .              .              .             EPS         
c-CENT.R1.R6          .              .              .             EPS         
c-CENT.R1.R4          .              .              .             EPS         
c-CENT.R2.R1          .              .              .             EPS         
c-CENT.R2.R2          .              .              .             EPS         
c-CENT.R2.R5          .              .              .             EPS         
c-CENT.R2.R3          .              .              .             EPS         
c-CENT.R2.R6          .              .              .             EPS         
c-CENT.R2.R4          .              .              .             EPS         
c-CENT.R5.R1          .              .              .             EPS         
c-CENT.R5.R2          .              .              .             EPS         
c-CENT.R5.R5          .              .              .             EPS         
c-CENT.R5.R3          .              .              .             EPS         
c-CENT.R5.R6          .              .              .             EPS         
c-CENT.R5.R4          .              .              .             EPS         
c-CENT.R3.R1          .              .              .             EPS         
c-CENT.R3.R2          .              .              .             EPS         
c-CENT.R3.R5          .              .              .             EPS         
c-CENT.R3.R3          .              .              .             EPS         
c-CENT.R3.R6          .              .              .             EPS         
c-CENT.R3.R4          .              .              .             EPS         
c-CENT.R6.R1          .              .              .             EPS         
c-CENT.R6.R2          .              .              .             EPS         
c-CENT.R6.R5          .              .              .             EPS         
c-CENT.R6.R3          .              .              .             EPS         
c-CENT.R6.R6          .              .              .             EPS         
c-CENT.R6.R4          .              .              .             EPS         
c-CENT.R4.R1          .              .              .             EPS         
c-CENT.R4.R2          .              .              .             EPS         
c-CENT.R4.R5          .              .              .             EPS         
c-CENT.R4.R3          .              .              .             EPS         
c-CENT.R4.R6          .              .              .             EPS         
c-CENT.R4.R4          .              .              .             EPS         
c-FIN .R1.R1          .              .              .             EPS         
c-FIN .R1.R2          .              .              .             EPS         
c-FIN .R1.R5          .              .              .             EPS         
c-FIN .R1.R3          .              .              .             EPS         
c-FIN .R1.R6          .              .              .             EPS         
c-FIN .R1.R4          .              .              .             EPS         
c-FIN .R2.R1          .              .              .             EPS         
c-FIN .R2.R2          .              .              .             EPS         
c-FIN .R2.R5          .              .              .             EPS         
c-FIN .R2.R3          .              .              .             EPS         
c-FIN .R2.R6          .              .              .             EPS         
c-FIN .R2.R4          .              .              .             EPS         
c-FIN .R5.R1          .              .              .             EPS         
c-FIN .R5.R2          .              .              .             EPS         
c-FIN .R5.R5          .              .              .             EPS         
c-FIN .R5.R3          .              .              .             EPS         
c-FIN .R5.R6          .              .              .             EPS         
c-FIN .R5.R4          .              .              .             EPS         
c-FIN .R3.R1          .              .              .             EPS         
c-FIN .R3.R2          .              .              .             EPS         
c-FIN .R3.R5          .              .              .             EPS         
c-FIN .R3.R3          .              .              .             EPS         
c-FIN .R3.R6          .              .              .             EPS         
c-FIN .R3.R4          .              .              .             EPS         
c-FIN .R6.R1          .              .              .             EPS         
c-FIN .R6.R2          .              .              .             EPS         
c-FIN .R6.R5          .              .              .             EPS         
c-FIN .R6.R3          .              .              .             EPS         
c-FIN .R6.R6          .              .              .             EPS         
c-FIN .R6.R4          .              .              .             EPS         
c-FIN .R4.R1          .              .              .             EPS         
c-FIN .R4.R2          .              .              .             EPS         
c-FIN .R4.R5          .              .              .             EPS         
c-FIN .R4.R3          .              .              .             EPS         
c-FIN .R4.R6          .              .              .             EPS         
c-FIN .R4.R4          .              .              .             EPS         
c-CHEA.R1.R1          .              .              .             EPS         
c-CHEA.R1.R2          .              .              .             EPS         
c-CHEA.R1.R5          .              .              .             EPS         
c-CHEA.R1.R3          .              .              .             EPS         
c-CHEA.R1.R6          .              .              .             EPS         
c-CHEA.R1.R4          .              .              .             EPS         
c-CHEA.R2.R1          .              .              .             EPS         
c-CHEA.R2.R2          .              .              .             EPS         
c-CHEA.R2.R5          .              .              .             EPS         
c-CHEA.R2.R3          .              .              .             EPS         
c-CHEA.R2.R6          .              .              .             EPS         
c-CHEA.R2.R4          .              .              .             EPS         
c-CHEA.R5.R1          .              .              .             EPS         
c-CHEA.R5.R2          .              .              .             EPS         
c-CHEA.R5.R5          .              .              .             EPS         
c-CHEA.R5.R3          .              .              .             EPS         
c-CHEA.R5.R6          .              .              .             EPS         
c-CHEA.R5.R4          .              .              .             EPS         
c-CHEA.R3.R1          .              .              .             EPS         
c-CHEA.R3.R2          .              .              .             EPS         
c-CHEA.R3.R5          .              .              .             EPS         
c-CHEA.R3.R3          .              .              .             EPS         
c-CHEA.R3.R6          .              .              .             EPS         
c-CHEA.R3.R4          .              .              .             EPS         
c-CHEA.R6.R1          .              .              .             EPS         
c-CHEA.R6.R2          .              .              .             EPS         
c-CHEA.R6.R5          .              .              .             EPS         
c-CHEA.R6.R3          .              .              .             EPS         
c-CHEA.R6.R6          .              .              .             EPS         
c-CHEA.R6.R4          .              .              .             EPS         
c-CHEA.R4.R1          .              .              .             EPS         
c-CHEA.R4.R2          .              .              .             EPS         
c-CHEA.R4.R5          .              .              .             EPS         
c-CHEA.R4.R3          .              .              .             EPS         
c-CHEA.R4.R6          .              .              .             EPS         
c-CHEA.R4.R4          .              .              .             EPS         

---- EQU EQ4  

                 LOWER          LEVEL          UPPER         MARGINAL

R1.c-AAGR          .              .              .             EPS         
R1.c-FISH          .              .              .             EPS         
R1.c-COIL          .              .              .             EPS         
R1.c-GASE          .              .              .             EPS         
R1.c-IMIN          .              .              .             EPS         
R1.c-IRES          .              .              .             EPS         
R1.c-REFP          .              .              .             EPS         
R1.c-REFG          .              .              .             EPS         
R1.c-ICHA          .              .              .             EPS         
R1.c-BIO           .              .              .             EPS         
R1.c-IMEA          .              .              .             EPS         
R1.c-COMT          .              .              .             EPS         
R1.c-MVT           .              .              .             EPS         
R1.c-CWSR          .              .              .             EPS         
R1.c-POWF          .              .              .             EPS         
R1.c-POWR          .              .              .             EPS         
R1.c-POWT          .              .              .             EPS         
R1.c-NG            .              .              .             EPS         
R1.c-LTH           .              .              .             EPS         
R1.c-CCON          .              .              .             EPS         
R1.c-TRAI          .              .              .             EPS         
R1.c-TPIP          .              .              .             EPS         
R1.c-TLNL          .              .              .             EPS         
R1.c-TLNH          .              .              .             EPS         
R1.c-TSEA          .              .              .             EPS         
R1.c-TAIR          .              .              .             EPS         
R1.c-COFF          .              .              .             EPS         
R1.c-CENT          .              .              .             EPS         
R1.c-FIN           .              .              .             EPS         
R1.c-CHEA          .              .              .             EPS         
R2.c-AAGR          .              .              .             EPS         
R2.c-FISH          .              .              .             EPS         
R2.c-COIL          .              .              .             EPS         
R2.c-GASE          .              .              .             EPS         
R2.c-IMIN          .              .              .             EPS         
R2.c-IRES          .              .              .             EPS         
R2.c-REFP          .              .              .             EPS         
R2.c-REFG          .              .              .             EPS         
R2.c-ICHA          .              .              .             EPS         
R2.c-BIO           .              .              .             EPS         
R2.c-IMEA          .              .              .             EPS         
R2.c-COMT          .              .              .             EPS         
R2.c-MVT           .              .              .             EPS         
R2.c-CWSR          .              .              .             EPS         
R2.c-POWF          .              .              .             EPS         
R2.c-POWR          .              .              .             EPS         
R2.c-POWT          .              .              .             EPS         
R2.c-NG            .              .              .             EPS         
R2.c-LTH           .              .              .             EPS         
R2.c-CCON          .              .              .             EPS         
R2.c-TRAI          .              .              .             EPS         
R2.c-TPIP          .              .              .             EPS         
R2.c-TLNL          .              .              .             EPS         
R2.c-TLNH          .              .              .             EPS         
R2.c-TSEA          .              .              .             EPS         
R2.c-TAIR          .              .              .             EPS         
R2.c-COFF          .              .              .             EPS         
R2.c-CENT          .              .              .             EPS         
R2.c-FIN           .              .              .             EPS         
R2.c-CHEA          .              .              .             EPS         
R5.c-AAGR          .              .              .             EPS         
R5.c-FISH          .              .              .             EPS         
R5.c-COIL          .              .              .             EPS         
R5.c-GASE          .              .              .             EPS         
R5.c-IMIN          .              .              .             EPS         
R5.c-IRES          .              .              .             EPS         
R5.c-REFP          .              .              .             EPS         
R5.c-REFG          .              .              .             EPS         
R5.c-ICHA          .              .              .             EPS         
R5.c-BIO           .              .              .             EPS         
R5.c-IMEA          .              .              .             EPS         
R5.c-COMT          .              .              .             EPS         
R5.c-MVT           .              .              .             EPS         
R5.c-CWSR          .              .              .             EPS         
R5.c-POWF          .              .              .             EPS         
R5.c-POWR          .              .              .             EPS         
R5.c-POWT          .              .              .             EPS         
R5.c-NG            .              .              .             EPS         
R5.c-LTH           .              .              .             EPS         
R5.c-CCON          .              .              .             EPS         
R5.c-TRAI          .              .              .             EPS         
R5.c-TPIP          .              .              .             EPS         
R5.c-TLNL          .              .              .             EPS         
R5.c-TLNH          .              .              .             EPS         
R5.c-TSEA          .              .              .             EPS         
R5.c-TAIR          .              .              .             EPS         
R5.c-COFF          .              .              .             EPS         
R5.c-CENT          .              .              .             EPS         
R5.c-FIN           .              .              .             EPS         
R5.c-CHEA          .              .              .             EPS         
R3.c-AAGR          .              .              .             EPS         
R3.c-FISH          .              .              .             EPS         
R3.c-COIL          .              .              .             EPS         
R3.c-GASE          .              .              .             EPS         
R3.c-IMIN          .              .              .             EPS         
R3.c-IRES          .              .              .             EPS         
R3.c-REFP          .              .              .             EPS         
R3.c-REFG          .              .              .             EPS         
R3.c-ICHA          .              .              .             EPS         
R3.c-BIO           .              .              .             EPS         
R3.c-IMEA          .              .              .             EPS         
R3.c-COMT          .              .              .             EPS         
R3.c-MVT           .              .              .             EPS         
R3.c-CWSR          .              .              .             EPS         
R3.c-POWF          .              .              .             EPS         
R3.c-POWR          .              .              .             EPS         
R3.c-POWT          .              .              .             EPS         
R3.c-NG            .              .              .             EPS         
R3.c-LTH           .              .              .             EPS         
R3.c-CCON          .              .              .             EPS         
R3.c-TRAI          .              .              .             EPS         
R3.c-TPIP          .              .              .             EPS         
R3.c-TLNL          .              .              .             EPS         
R3.c-TLNH          .              .              .             EPS         
R3.c-TSEA          .              .              .             EPS         
R3.c-TAIR          .              .              .             EPS         
R3.c-COFF          .              .              .             EPS         
R3.c-CENT          .              .              .             EPS         
R3.c-FIN           .              .              .             EPS         
R3.c-CHEA          .              .              .             EPS         
R6.c-AAGR          .              .              .             EPS         
R6.c-FISH          .              .              .             EPS         
R6.c-COIL          .              .              .             EPS         
R6.c-GASE          .              .              .             EPS         
R6.c-IMIN          .              .              .             EPS         
R6.c-IRES          .              .              .             EPS         
R6.c-REFP          .              .              .             EPS         
R6.c-REFG          .              .              .             EPS         
R6.c-ICHA          .              .              .             EPS         
R6.c-BIO           .              .              .             EPS         
R6.c-IMEA          .              .              .             EPS         
R6.c-COMT          .              .              .             EPS         
R6.c-MVT           .              .              .             EPS         
R6.c-CWSR          .              .              .             EPS         
R6.c-POWF          .              .              .             EPS         
R6.c-POWR          .              .              .             EPS         
R6.c-POWT          .              .              .             EPS         
R6.c-NG            .              .              .             EPS         
R6.c-LTH           .              .              .             EPS         
R6.c-CCON          .              .              .             EPS         
R6.c-TRAI          .              .              .             EPS         
R6.c-TPIP          .              .              .             EPS         
R6.c-TLNL          .              .              .             EPS         
R6.c-TLNH          .              .              .             EPS         
R6.c-TSEA          .              .              .             EPS         
R6.c-TAIR          .              .              .             EPS         
R6.c-COFF          .              .              .             EPS         
R6.c-CENT          .              .              .             EPS         
R6.c-FIN           .              .              .             EPS         
R6.c-CHEA          .              .              .             EPS         
R4.c-AAGR          .              .              .             EPS         
R4.c-FISH          .              .              .             EPS         
R4.c-COIL          .              .              .             EPS         
R4.c-GASE          .              .              .             EPS         
R4.c-IMIN          .              .              .             EPS         
R4.c-IRES          .              .              .             EPS         
R4.c-REFP          .              .              .             EPS         
R4.c-REFG          .              .              .             EPS         
R4.c-ICHA          .              .              .             EPS         
R4.c-BIO           .              .              .             EPS         
R4.c-IMEA          .              .              .             EPS         
R4.c-COMT          .              .              .             EPS         
R4.c-MVT           .              .              .             EPS         
R4.c-CWSR          .              .              .             EPS         
R4.c-POWF          .              .              .             EPS         
R4.c-POWR          .              .              .             EPS         
R4.c-POWT          .              .              .             EPS         
R4.c-NG            .              .              .             EPS         
R4.c-LTH           .              .              .             EPS         
R4.c-CCON          .              .              .             EPS         
R4.c-TRAI          .              .              .             EPS         
R4.c-TPIP          .              .              .             EPS         
R4.c-TLNL          .              .              .             EPS         
R4.c-TLNH          .              .              .             EPS         
R4.c-TSEA          .              .              .             EPS         
R4.c-TAIR          .              .              .             EPS         
R4.c-COFF          .              .              .             EPS         
R4.c-CENT          .              .              .             EPS         
R4.c-FIN           .              .              .             EPS         
R4.c-CHEA          .              .              .             EPS         

---- EQU EQ5  

                 LOWER          LEVEL          UPPER         MARGINAL

R1.c-AAGR          .              .              .             EPS         
R1.c-FISH          .              .              .             EPS         
R1.c-COIL          .              .              .             EPS         
R1.c-GASE          .              .              .             EPS         
R1.c-IMIN          .              .              .             EPS         
R1.c-IRES          .              .              .             EPS         
R1.c-REFP          .              .              .             EPS         
R1.c-REFG          .              .              .             EPS         
R1.c-ICHA          .              .              .             EPS         
R1.c-BIO           .              .              .             EPS         
R1.c-IMEA          .              .              .             EPS         
R1.c-COMT          .              .              .             EPS         
R1.c-MVT           .              .              .             EPS         
R1.c-CWSR          .              .              .             EPS         
R1.c-POWF          .              .              .             EPS         
R1.c-POWR          .              .              .             EPS         
R1.c-POWT          .              .              .             EPS         
R1.c-NG            .              .              .             EPS         
R1.c-LTH           .              .              .             EPS         
R1.c-CCON          .              .              .             EPS         
R1.c-TRAI          .              .              .             EPS         
R1.c-TPIP          .              .              .             EPS         
R1.c-TLNL          .              .              .             EPS         
R1.c-TLNH          .              .              .             EPS         
R1.c-TSEA          .              .              .             EPS         
R1.c-TAIR          .              .              .             EPS         
R1.c-COFF          .              .              .             EPS         
R1.c-CENT          .              .              .             EPS         
R1.c-FIN           .              .              .             EPS         
R1.c-CHEA          .              .              .             EPS         
R2.c-AAGR          .              .              .             EPS         
R2.c-FISH          .              .              .             EPS         
R2.c-COIL          .              .              .             EPS         
R2.c-GASE          .              .              .             EPS         
R2.c-IMIN          .              .              .             EPS         
R2.c-IRES          .              .              .             EPS         
R2.c-REFP          .              .              .             EPS         
R2.c-REFG          .              .              .             EPS         
R2.c-ICHA          .              .              .             EPS         
R2.c-BIO           .              .              .             EPS         
R2.c-IMEA          .              .              .             EPS         
R2.c-COMT          .              .              .             EPS         
R2.c-MVT           .              .              .             EPS         
R2.c-CWSR          .              .              .             EPS         
R2.c-POWF          .              .              .             EPS         
R2.c-POWR          .              .              .             EPS         
R2.c-POWT          .              .              .             EPS         
R2.c-NG            .              .              .             EPS         
R2.c-LTH           .              .              .             EPS         
R2.c-CCON          .              .              .             EPS         
R2.c-TRAI          .              .              .             EPS         
R2.c-TPIP          .              .              .             EPS         
R2.c-TLNL          .              .              .             EPS         
R2.c-TLNH          .              .              .             EPS         
R2.c-TSEA          .              .              .             EPS         
R2.c-TAIR          .              .              .             EPS         
R2.c-COFF          .              .              .             EPS         
R2.c-CENT          .              .              .             EPS         
R2.c-FIN           .              .              .             EPS         
R2.c-CHEA          .              .              .             EPS         
R5.c-AAGR          .              .              .             EPS         
R5.c-FISH          .              .              .             EPS         
R5.c-COIL          .              .              .             EPS         
R5.c-GASE          .              .              .             EPS         
R5.c-IMIN          .              .              .             EPS         
R5.c-IRES          .              .              .             EPS         
R5.c-REFP          .              .              .             EPS         
R5.c-REFG          .              .              .             EPS         
R5.c-ICHA          .              .              .             EPS         
R5.c-BIO           .              .              .             EPS         
R5.c-IMEA          .              .              .             EPS         
R5.c-COMT          .              .              .             EPS         
R5.c-MVT           .              .              .             EPS         
R5.c-CWSR          .              .              .             EPS         
R5.c-POWF          .              .              .             EPS         
R5.c-POWR          .              .              .             EPS         
R5.c-POWT          .              .              .             EPS         
R5.c-NG            .              .              .             EPS         
R5.c-LTH           .              .              .             EPS         
R5.c-CCON          .              .              .             EPS         
R5.c-TRAI          .              .              .             EPS         
R5.c-TPIP          .              .              .             EPS         
R5.c-TLNL          .              .              .             EPS         
R5.c-TLNH          .              .              .             EPS         
R5.c-TSEA          .              .              .             EPS         
R5.c-TAIR          .              .              .             EPS         
R5.c-COFF          .              .              .             EPS         
R5.c-CENT          .              .              .             EPS         
R5.c-FIN           .              .              .             EPS         
R5.c-CHEA          .              .              .             EPS         
R3.c-AAGR          .              .              .             EPS         
R3.c-FISH          .              .              .             EPS         
R3.c-COIL          .              .              .             EPS         
R3.c-GASE          .              .              .             EPS         
R3.c-IMIN          .              .              .             EPS         
R3.c-IRES          .              .              .             EPS         
R3.c-REFP          .              .              .             EPS         
R3.c-REFG          .              .              .             EPS         
R3.c-ICHA          .              .              .             EPS         
R3.c-BIO           .              .              .             EPS         
R3.c-IMEA          .              .              .             EPS         
R3.c-COMT          .              .              .             EPS         
R3.c-MVT           .              .              .             EPS         
R3.c-CWSR          .              .              .             EPS         
R3.c-POWF          .              .              .             EPS         
R3.c-POWR          .              .              .             EPS         
R3.c-POWT          .              .              .             EPS         
R3.c-NG            .              .              .             EPS         
R3.c-LTH           .              .              .             EPS         
R3.c-CCON          .              .              .             EPS         
R3.c-TRAI          .              .              .             EPS         
R3.c-TPIP          .              .              .             EPS         
R3.c-TLNL          .              .              .             EPS         
R3.c-TLNH          .              .              .             EPS         
R3.c-TSEA          .              .              .             EPS         
R3.c-TAIR          .              .              .             EPS         
R3.c-COFF          .              .              .             EPS         
R3.c-CENT          .              .              .             EPS         
R3.c-FIN           .              .              .             EPS         
R3.c-CHEA          .              .              .             EPS         
R6.c-AAGR          .              .              .             EPS         
R6.c-FISH          .              .              .             EPS         
R6.c-COIL          .              .              .             EPS         
R6.c-GASE          .              .              .             EPS         
R6.c-IMIN          .              .              .             EPS         
R6.c-IRES          .              .              .             EPS         
R6.c-REFP          .              .              .             EPS         
R6.c-REFG          .              .              .             EPS         
R6.c-ICHA          .              .              .             EPS         
R6.c-BIO           .              .              .             EPS         
R6.c-IMEA          .              .              .             EPS         
R6.c-COMT          .              .              .             EPS         
R6.c-MVT           .              .              .             EPS         
R6.c-CWSR          .              .              .             EPS         
R6.c-POWF          .              .              .             EPS         
R6.c-POWR          .              .              .             EPS         
R6.c-POWT          .              .              .             EPS         
R6.c-NG            .              .              .             EPS         
R6.c-LTH           .              .              .             EPS         
R6.c-CCON          .              .              .             EPS         
R6.c-TRAI          .              .              .             EPS         
R6.c-TPIP          .              .              .             EPS         
R6.c-TLNL          .              .              .             EPS         
R6.c-TLNH          .              .              .             EPS         
R6.c-TSEA          .              .              .             EPS         
R6.c-TAIR          .              .              .             EPS         
R6.c-COFF          .              .              .             EPS         
R6.c-CENT          .              .              .             EPS         
R6.c-FIN           .              .              .             EPS         
R6.c-CHEA          .              .              .             EPS         
R4.c-AAGR          .              .              .             EPS         
R4.c-FISH          .              .              .             EPS         
R4.c-COIL          .              .              .             EPS         
R4.c-GASE          .              .              .             EPS         
R4.c-IMIN          .              .              .             EPS         
R4.c-IRES          .              .              .             EPS         
R4.c-REFP          .              .              .             EPS         
R4.c-REFG          .              .              .             EPS         
R4.c-ICHA          .              .              .             EPS         
R4.c-BIO           .              .              .             EPS         
R4.c-IMEA          .              .              .             EPS         
R4.c-COMT          .              .              .             EPS         
R4.c-MVT           .              .              .             EPS         
R4.c-CWSR          .              .              .             EPS         
R4.c-POWF          .              .              .             EPS         
R4.c-POWR          .              .              .             EPS         
R4.c-POWT          .              .              .             EPS         
R4.c-NG            .              .              .             EPS         
R4.c-LTH           .              .              .             EPS         
R4.c-CCON          .              .              .             EPS         
R4.c-TRAI          .              .              .             EPS         
R4.c-TPIP          .              .              .             EPS         
R4.c-TLNL          .              .              .             EPS         
R4.c-TLNH          .              .              .             EPS         
R4.c-TSEA          .              .              .             EPS         
R4.c-TAIR          .              .              .             EPS         
R4.c-COFF          .              .              .             EPS         
R4.c-CENT          .              .              .             EPS         
R4.c-FIN           .              .              .             EPS         
R4.c-CHEA          .              .              .             EPS         

                           LOWER          LEVEL          UPPER         MARGINAL

---- EQU EQentropy2         1.0000         1.0000         1.0000         1.0000      

---- VAR XDDE_oV  

                    LOWER          LEVEL          UPPER         MARGINAL

c-AAGR.R1.R1         0.0559     55941.0598        +INF             .          
c-AAGR.R1.R2         0.0173     17296.0130        +INF             .          
c-AAGR.R1.R5         0.0145     14535.8293        +INF             .          
c-AAGR.R1.R3         0.0175     17481.9625        +INF             .          
c-AAGR.R1.R6         0.0058      5778.8666        +INF             .          
c-AAGR.R1.R4         0.0052      5169.6909        +INF             .          
c-AAGR.R2.R1         0.0217     21723.0315        +INF             .          
c-AAGR.R2.R2         0.0067      6716.3875        +INF             .          
c-AAGR.R2.R5         0.0056      5644.5530        +INF             .          
c-AAGR.R2.R3         0.0068      6788.5954        +INF             .          
c-AAGR.R2.R6         0.0022      2244.0494        +INF             .          
c-AAGR.R2.R4         0.0020      2007.4943        +INF             .          
c-AAGR.R5.R1         0.0148     14844.0170        +INF             .          
c-AAGR.R5.R2         0.0046      4589.5146        +INF             .          
c-AAGR.R5.R5         0.0039      3857.0971        +INF             .          
c-AAGR.R5.R3         0.0046      4638.8565        +INF             .          
c-AAGR.R5.R6         0.0015      1533.4281        +INF             .          
c-AAGR.R5.R4         0.0014      1371.7827        +INF             .          
c-AAGR.R3.R1         0.0242     24188.0967        +INF             .          
c-AAGR.R3.R2         0.0075      7478.5432        +INF             .          
c-AAGR.R3.R5         0.0063      6285.0802        +INF             .          
c-AAGR.R3.R3         0.0076      7558.9451        +INF             .          
c-AAGR.R3.R6         0.0025      2498.6975        +INF             .          
c-AAGR.R3.R4         0.0022      2235.2988        +INF             .          
c-AAGR.R6.R1         0.0059      5896.8994        +INF             .          
c-AAGR.R6.R2         0.0018      1823.2198        +INF             .          
c-AAGR.R6.R5         0.0015      1532.2613        +INF             .          
c-AAGR.R6.R3         0.0018      1842.8213        +INF             .          
c-AAGR.R6.R6         0.0006       609.1661        +INF             .          
c-AAGR.R6.R4         0.0005       544.9512        +INF             .          
c-AAGR.R4.R1         0.0038      3845.3726        +INF             .          
c-AAGR.R4.R2         0.0012      1188.9230        +INF             .          
c-AAGR.R4.R5         0.0010       999.1888        +INF             .          
c-AAGR.R4.R3         0.0012      1201.7052        +INF             .          
c-AAGR.R4.R6         0.0004       397.2377        +INF             .          
c-AAGR.R4.R4         0.0004       355.3631        +INF             .          
c-FISH.R1.R1   2.6182930E-5        26.1829        +INF             .          
c-FISH.R1.R2   1.1113999E-5        11.1140        +INF             .          
c-FISH.R1.R5   1.2155211E-5        12.1552        +INF             .          
c-FISH.R1.R3   1.7202115E-5        17.2021        +INF             .          
c-FISH.R1.R6   6.7501969E-6         6.7502        +INF             .          
c-FISH.R1.R4   5.5733272E-6         5.5733        +INF             .          
c-FISH.R2.R1         0.0009       923.2923        +INF             .          
c-FISH.R2.R2         0.0004       391.9145        +INF             .          
c-FISH.R2.R5         0.0004       428.6309        +INF             .          
c-FISH.R2.R3         0.0006       606.6006        +INF             .          
c-FISH.R2.R6         0.0002       238.0331        +INF             .          
c-FISH.R2.R4         0.0002       196.5330        +INF             .          
c-FISH.R5.R1         0.0037      3703.3810        +INF             .          
c-FISH.R5.R2         0.0016      1571.9926        +INF             .          
c-FISH.R5.R5         0.0017      1719.2643        +INF             .          
c-FISH.R5.R3         0.0024      2433.1115        +INF             .          
c-FISH.R5.R6         0.0010       954.7652        +INF             .          
c-FISH.R5.R4         0.0008       788.3058        +INF             .          
c-FISH.R3.R1         0.0045      4474.5995        +INF             .          
c-FISH.R3.R2         0.0019      1899.3556        +INF             .          
c-FISH.R3.R5         0.0021      2077.2962        +INF             .          
c-FISH.R3.R3         0.0029      2939.8000        +INF             .          
c-FISH.R3.R6         0.0012      1153.5924        +INF             .          
c-FISH.R3.R4         0.0010       952.4682        +INF             .          
c-FISH.R6.R1         0.0028      2825.3390        +INF             .          
c-FISH.R6.R2         0.0012      1199.2857        +INF             .          
c-FISH.R6.R5         0.0013      1311.6405        +INF             .          
c-FISH.R6.R3         0.0019      1856.2402        +INF             .          
c-FISH.R6.R6         0.0007       728.3980        +INF             .          
c-FISH.R6.R4         0.0006       601.4048        +INF             .          
c-FISH.R4.R1         0.0026      2588.1241        +INF             .          
c-FISH.R4.R2         0.0011      1098.5940        +INF             .          
c-FISH.R4.R5         0.0012      1201.5155        +INF             .          
c-FISH.R4.R3         0.0017      1700.3907        +INF             .          
c-FISH.R4.R6         0.0007       667.2419        +INF             .          
c-FISH.R4.R4         0.0006       550.9109        +INF             .          
c-COIL.R1.R1         0.0005       518.4856        +INF             .          
c-COIL.R1.R2         0.0002       169.6761        +INF             .          
c-COIL.R1.R5         0.0009       877.5148        +INF             .          
c-COIL.R1.R3         0.0001        94.5892        +INF             .          
c-COIL.R1.R6   4.5322032E-5        45.3220        +INF             .          
c-COIL.R1.R4   1.5041244E-5        15.0412        +INF             .          
c-COIL.R2.R1         0.0015      1531.3160        +INF             .          
c-COIL.R2.R2         0.0005       501.1282        +INF             .          
c-COIL.R2.R5         0.0026      2591.6872        +INF             .          
c-COIL.R2.R3         0.0003       279.3634        +INF             .          
c-COIL.R2.R6         0.0001       133.8559        +INF             .          
c-COIL.R2.R4   4.4423411E-5        44.4234        +INF             .          
c-COIL.R5.R1         0.0101     10118.6301        +INF             .          
c-COIL.R5.R2         0.0033      3311.3552        +INF             .          
c-COIL.R5.R5         0.0171     17125.3505        +INF             .          
c-COIL.R5.R3         0.0018      1845.9775        +INF             .          
c-COIL.R5.R6         0.0009       884.4930        +INF             .          
c-COIL.R5.R4         0.0003       293.5410        +INF             .          
c-COIL.R3.R1         0.0002       204.2585        +INF             .          
c-COIL.R3.R2         0.0001        66.8443        +INF             .          
c-COIL.R3.R5         0.0003       345.6987        +INF             .          
c-COIL.R3.R3   3.7263593E-5        37.2636        +INF             .          
c-COIL.R3.R6   1.7854707E-5        17.8547        +INF             .          
c-COIL.R3.R4   5.9255288E-6         5.9255        +INF             .          
c-COIL.R6.R1         0.0001        74.0551        +INF             .          
c-COIL.R6.R2   2.4234762E-5        24.2348        +INF             .          
c-COIL.R6.R5         0.0001       125.3350        +INF             .          
c-COIL.R6.R3   1.3510126E-5        13.5101        +INF             .          
c-COIL.R6.R6   6.4733249E-6         6.4733        +INF             .          
c-COIL.R6.R4   2.1483339E-6         2.1483        +INF             .          
c-COIL.R4.R1         0.0001       107.5997        +INF             .          
c-COIL.R4.R2   3.5212364E-5        35.2124        +INF             .          
c-COIL.R4.R5         0.0002       182.1079        +INF             .          
c-COIL.R4.R3   1.9629798E-5        19.6298        +INF             .          
c-COIL.R4.R6   9.4055420E-6         9.4055        +INF             .          
c-COIL.R4.R4   3.1214631E-6         3.1215        +INF             .          
c-GASE.R1.R1         0.0011      1084.8713        +INF             .          
c-GASE.R1.R2         0.0004       355.0277        +INF             .          
c-GASE.R1.R5         0.0018      1836.0984        +INF             .          
c-GASE.R1.R3         0.0002       197.9169        +INF             .          
c-GASE.R1.R6         0.0001        94.8311        +INF             .          
c-GASE.R1.R4   3.1472068E-5        31.4721        +INF             .          
c-GASE.R2.R1         0.0032      3204.1022        +INF             .          
c-GASE.R2.R2         0.0010      1048.5530        +INF             .          
c-GASE.R2.R5         0.0054      5422.8065        +INF             .          
c-GASE.R2.R3         0.0006       584.5357        +INF             .          
c-GASE.R2.R6         0.0003       280.0780        +INF             .          
c-GASE.R2.R4         0.0001        92.9509        +INF             .          
c-GASE.R5.R1         0.0212     21172.0665        +INF             .          
c-GASE.R5.R2         0.0069      6928.6288        +INF             .          
c-GASE.R5.R5         0.0358     35832.8207        +INF             .          
c-GASE.R5.R3         0.0039      3862.4950        +INF             .          
c-GASE.R5.R6         0.0019      1850.6996        +INF             .          
c-GASE.R5.R4         0.0006       614.2007        +INF             .          
c-GASE.R3.R1         0.0004       427.3873        +INF             .          
c-GASE.R3.R2         0.0001       139.8639        +INF             .          
c-GASE.R3.R5         0.0007       723.3347        +INF             .          
c-GASE.R3.R3         0.0001        77.9698        +INF             .          
c-GASE.R3.R6   3.7358915E-5        37.3589        +INF             .          
c-GASE.R3.R4   1.2398485E-5        12.3985        +INF             .          
c-GASE.R6.R1         0.0002       154.9517        +INF             .          
c-GASE.R6.R2         0.0001        50.7084        +INF             .          
c-GASE.R6.R5         0.0003       262.2491        +INF             .          
c-GASE.R6.R3   2.8268381E-5        28.2684        +INF             .          
c-GASE.R6.R6   1.3544686E-5        13.5447        +INF             .          
c-GASE.R6.R4   4.4951410E-6         4.4951        +INF             .          
c-GASE.R4.R1         0.0002       225.1400        +INF             .          
c-GASE.R4.R2         0.0001        73.6778        +INF             .          
c-GASE.R4.R5         0.0004       381.0399        +INF             .          
c-GASE.R4.R3   4.1073087E-5        41.0731        +INF             .          
c-GASE.R4.R6   1.9680012E-5        19.6800        +INF             .          
c-GASE.R4.R4   6.5313016E-6         6.5313        +INF             .          
c-IMIN.R1.R1         0.0001       135.3602        +INF             .          
c-IMIN.R1.R2   4.4297072E-5        44.2971        +INF             .          
c-IMIN.R1.R5         0.0002       229.0914        +INF             .          
c-IMIN.R1.R3   2.4694240E-5        24.6942        +INF             .          
c-IMIN.R1.R6   1.1832150E-5        11.8321        +INF             .          
c-IMIN.R1.R4   3.9267933E-6         3.9268        +INF             .          
c-IMIN.R2.R1         0.0004       399.7782        +INF             .          
c-IMIN.R2.R2         0.0001       130.8287        +INF             .          
c-IMIN.R2.R5         0.0007       676.6076        +INF             .          
c-IMIN.R2.R3         0.0001        72.9330        +INF             .          
c-IMIN.R2.R6   3.4945544E-5        34.9455        +INF             .          
c-IMIN.R2.R4   1.1597548E-5        11.5975        +INF             .          
c-IMIN.R5.R1         0.0026      2641.6545        +INF             .          
c-IMIN.R5.R2         0.0009       864.4902        +INF             .          
c-IMIN.R5.R5         0.0045      4470.8877        +INF             .          
c-IMIN.R5.R3         0.0005       481.9264        +INF             .          
c-IMIN.R5.R6         0.0002       230.9132        +INF             .          
c-IMIN.R5.R4         0.0001        76.6343        +INF             .          
c-IMIN.R3.R1         0.0001        53.3254        +INF             .          
c-IMIN.R3.R2   1.7450922E-5        17.4509        +INF             .          
c-IMIN.R3.R5         0.0001        90.2510        +INF             .          
c-IMIN.R3.R3   9.7283462E-6         9.7283        +INF             .          
c-IMIN.R3.R6   4.6612996E-6         4.6613        +INF             .          
c-IMIN.R3.R4   1.5469683E-6         1.5470        +INF             .          
c-IMIN.R6.R1   1.9333435E-5        19.3334        +INF             .          
c-IMIN.R6.R2   6.3269304E-6         6.3269        +INF             .          
c-IMIN.R6.R5   3.2721015E-5        32.7210        +INF             .          
c-IMIN.R6.R3   3.5270669E-6         3.5271        +INF             .          
c-IMIN.R6.R6   1.6899805E-6         1.6900        +INF             .          
c-IMIN.R6.R4   5.6086208E-7         0.5609        +INF             .          
c-IMIN.R4.R1   2.8090886E-5        28.0909        +INF             .          
c-IMIN.R4.R2   9.1928353E-6         9.1928        +INF             .          
c-IMIN.R4.R5   4.7542628E-5        47.5426        +INF             .          
c-IMIN.R4.R3   5.1247197E-6         5.1247        +INF             .          
c-IMIN.R4.R6   2.4554897E-6         2.4555        +INF             .          
c-IMIN.R4.R4   8.1491536E-7         0.8149        +INF             .          
c-IRES.R1.R1         0.0237     23716.9308        +INF             .          
c-IRES.R1.R2         0.0076      7574.1549        +INF             .          
c-IRES.R1.R5         0.0086      8584.7999        +INF             .          
c-IRES.R1.R3         0.0062      6237.1789        +INF             .          
c-IRES.R1.R6         0.0025      2523.6276        +INF             .          
c-IRES.R1.R4         0.0019      1943.3870        +INF             .          
c-IRES.R2.R1         0.0093      9305.6124        +INF             .          
c-IRES.R2.R2         0.0030      2971.8074        +INF             .          
c-IRES.R2.R5         0.0034      3368.3456        +INF             .          
c-IRES.R2.R3         0.0024      2447.2294        +INF             .          
c-IRES.R2.R6         0.0010       990.1745        +INF             .          
c-IRES.R2.R4         0.0008       762.5104        +INF             .          
c-IRES.R5.R1         0.0093      9302.7944        +INF             .          
c-IRES.R5.R2         0.0030      2970.9074        +INF             .          
c-IRES.R5.R5         0.0034      3367.3256        +INF             .          
c-IRES.R5.R3         0.0024      2446.4883        +INF             .          
c-IRES.R5.R6         0.0010       989.8747        +INF             .          
c-IRES.R5.R4         0.0008       762.2795        +INF             .          
c-IRES.R3.R1         0.0077      7669.2006        +INF             .          
c-IRES.R3.R2         0.0024      2449.2087        +INF             .          
c-IRES.R3.R5         0.0028      2776.0149        +INF             .          
c-IRES.R3.R3         0.0020      2016.8789        +INF             .          
c-IRES.R3.R6         0.0008       816.0502        +INF             .          
c-IRES.R3.R4         0.0006       628.4213        +INF             .          
c-IRES.R6.R1         0.0045      4549.6954        +INF             .          
c-IRES.R6.R2         0.0015      1452.9746        +INF             .          
c-IRES.R6.R5         0.0016      1646.8499        +INF             .          
c-IRES.R6.R3         0.0012      1196.4982        +INF             .          
c-IRES.R6.R6         0.0005       484.1156        +INF             .          
c-IRES.R6.R4         0.0004       372.8062        +INF             .          
c-IRES.R4.R1         0.0024      2367.8710        +INF             .          
c-IRES.R4.R2         0.0008       756.1949        +INF             .          
c-IRES.R4.R5         0.0009       857.0965        +INF             .          
c-IRES.R4.R3         0.0006       622.7127        +INF             .          
c-IRES.R4.R6         0.0003       251.9561        +INF             .          
c-IRES.R4.R4         0.0002       194.0255        +INF             .          
c-REFP.R1.R1         0.0020      2033.4991        +INF             .          
c-REFP.R1.R2         0.0007       662.0625        +INF             .          
c-REFP.R1.R5         0.0012      1172.2016        +INF             .          
c-REFP.R1.R3         0.0006       556.8345        +INF             .          
c-REFP.R1.R6         0.0002       241.3208        +INF             .          
c-REFP.R1.R4         0.0002       205.5666        +INF             .          
c-REFP.R2.R1         0.0002       197.7529        +INF             .          
c-REFP.R2.R2         0.0001        64.3840        +INF             .          
c-REFP.R2.R5         0.0001       113.9938        +INF             .          
c-REFP.R2.R3         0.0001        54.1508        +INF             .          
c-REFP.R2.R6   2.3467867E-5        23.4679        +INF             .          
c-REFP.R2.R4   1.9990857E-5        19.9909        +INF             .          
c-REFP.R5.R1         0.0015      1479.2754        +INF             .          
c-REFP.R5.R2         0.0005       481.6195        +INF             .          
c-REFP.R5.R5         0.0009       852.7217        +INF             .          
c-REFP.R5.R3         0.0004       405.0711        +INF             .          
c-REFP.R5.R6         0.0002       175.5496        +INF             .          
c-REFP.R5.R4         0.0001       149.5401        +INF             .          
c-REFP.R3.R1         0.0002       234.8779        +INF             .          
c-REFP.R3.R2         0.0001        76.4711        +INF             .          
c-REFP.R3.R5         0.0001       135.3944        +INF             .          
c-REFP.R3.R3         0.0001        64.3168        +INF             .          
c-REFP.R3.R6   2.7873598E-5        27.8736        +INF             .          
c-REFP.R3.R4   2.3743833E-5        23.7438        +INF             .          
c-REFP.R6.R1         0.0001       149.8500        +INF             .          
c-REFP.R6.R2   4.8787856E-5        48.7879        +INF             .          
c-REFP.R6.R5         0.0001        86.3804        +INF             .          
c-REFP.R6.R3   4.1033533E-5        41.0335        +INF             .          
c-REFP.R6.R6   1.7783102E-5        17.7831        +INF             .          
c-REFP.R6.R4   1.5148349E-5        15.1483        +INF             .          
c-REFP.R4.R1   3.9692696E-6         3.9693        +INF             .          
c-REFP.R4.R2   1.2923067E-6         1.2923        +INF             .          
c-REFP.R4.R5   2.2880679E-6         2.2881        +INF             .          
c-REFP.R4.R3   1.0869080E-6         1.0869        +INF             .          
c-REFP.R4.R6   4.7104390E-7         0.4710        +INF             .          
c-REFP.R4.R4   4.0125381E-7         0.4013        +INF             .          
c-REFG.R1.R1         0.0024      2395.8067        +INF             .          
c-REFG.R1.R2         0.0008       780.0219        +INF             .          
c-REFG.R1.R5         0.0014      1381.0522        +INF             .          
c-REFG.R1.R3         0.0007       656.0455        +INF             .          
c-REFG.R1.R6         0.0003       284.3168        +INF             .          
c-REFG.R1.R4         0.0002       242.1923        +INF             .          
c-REFG.R2.R1         0.0002       232.9864        +INF             .          
c-REFG.R2.R2         0.0001        75.8552        +INF             .          
c-REFG.R2.R5         0.0001       134.3040        +INF             .          
c-REFG.R2.R3         0.0001        63.7988        +INF             .          
c-REFG.R2.R6   2.7649126E-5        27.6491        +INF             .          
c-REFG.R2.R4   2.3552618E-5        23.5526        +INF             .          
c-REFG.R5.R1         0.0017      1742.8372        +INF             .          
c-REFG.R5.R2         0.0006       567.4294        +INF             .          
c-REFG.R5.R5         0.0010      1004.6508        +INF             .          
c-REFG.R5.R3         0.0005       477.2424        +INF             .          
c-REFG.R5.R6         0.0002       206.8272        +INF             .          
c-REFG.R5.R4         0.0002       176.1836        +INF             .          
c-REFG.R3.R1         0.0003       276.7260        +INF             .          
c-REFG.R3.R2         0.0001        90.0959        +INF             .          
c-REFG.R3.R5         0.0002       159.5175        +INF             .          
c-REFG.R3.R3         0.0001        75.7761        +INF             .          
c-REFG.R3.R6   3.2839824E-5        32.8398        +INF             .          
c-REFG.R3.R4   2.7974260E-5        27.9743        +INF             .          
c-REFG.R6.R1         0.0002       176.5487        +INF             .          
c-REFG.R6.R2         0.0001        57.4804        +INF             .          
c-REFG.R6.R5         0.0001       101.7707        +INF             .          
c-REFG.R6.R3   4.8344458E-5        48.3445        +INF             .          
c-REFG.R6.R6   2.0951509E-5        20.9515        +INF             .          
c-REFG.R6.R4   1.7847324E-5        17.8473        +INF             .          
c-REFG.R4.R1   4.6764724E-6         4.6765        +INF             .          
c-REFG.R4.R2   1.5225564E-6         1.5226        +INF             .          
c-REFG.R4.R5   2.6957318E-6         2.6957        +INF             .          
c-REFG.R4.R3   1.2805618E-6         1.2806        +INF             .          
c-REFG.R4.R6   5.5496957E-7         0.5550        +INF             .          
c-REFG.R4.R4   4.7274502E-7         0.4727        +INF             .          
c-ICHA.R1.R1         0.0017      1671.4673        +INF             .          
c-ICHA.R1.R2         0.0005       460.5562        +INF             .          
c-ICHA.R1.R5         0.0006       612.9635        +INF             .          
c-ICHA.R1.R3         0.0004       440.2930        +INF             .          
c-ICHA.R1.R6         0.0002       172.3870        +INF             .          
c-ICHA.R1.R4         0.0001       149.4248        +INF             .          
c-ICHA.R2.R1         0.0003       251.0149        +INF             .          
c-ICHA.R2.R2         0.0001        69.1647        +INF             .          
c-ICHA.R2.R5         0.0001        92.0526        +INF             .          
c-ICHA.R2.R3         0.0001        66.1216        +INF             .          
c-ICHA.R2.R6   2.5888456E-5        25.8885        +INF             .          
c-ICHA.R2.R4   2.2440075E-5        22.4401        +INF             .          
c-ICHA.R5.R1         0.0014      1438.0443        +INF             .          
c-ICHA.R5.R2         0.0004       396.2388        +INF             .          
c-ICHA.R5.R5         0.0005       527.3622        +INF             .          
c-ICHA.R5.R3         0.0004       378.8054        +INF             .          
c-ICHA.R5.R6         0.0001       148.3129        +INF             .          
c-ICHA.R5.R4         0.0001       128.5574        +INF             .          
c-ICHA.R3.R1         0.0002       228.8775        +INF             .          
c-ICHA.R3.R2         0.0001        63.0649        +INF             .          
c-ICHA.R3.R5         0.0001        83.9344        +INF             .          
c-ICHA.R3.R3         0.0001        60.2902        +INF             .          
c-ICHA.R3.R6   2.3605304E-5        23.6053        +INF             .          
c-ICHA.R3.R4   2.0461043E-5        20.4610        +INF             .          
c-ICHA.R6.R1         0.0001       135.7913        +INF             .          
c-ICHA.R6.R2   3.7415955E-5        37.4160        +INF             .          
c-ICHA.R6.R5   4.9797643E-5        49.7976        +INF             .          
c-ICHA.R6.R3   3.5769756E-5        35.7698        +INF             .          
c-ICHA.R6.R6   1.4004856E-5        14.0049        +INF             .          
c-ICHA.R6.R4   1.2139389E-5        12.1394        +INF             .          
c-ICHA.R4.R1   1.5045774E-5        15.0458        +INF             .          
c-ICHA.R4.R2   4.1457137E-6         4.1457        +INF             .          
c-ICHA.R4.R5   5.5176133E-6         5.5176        +INF             .          
c-ICHA.R4.R3   3.9633138E-6         3.9633        +INF             .          
c-ICHA.R4.R6   1.5517477E-6         1.5517        +INF             .          
c-ICHA.R4.R4   1.3450526E-6         1.3451        +INF             .          
c-BIO .R1.R1   2.4564574E-5        24.5646        +INF             .          
c-BIO .R1.R2   6.8874685E-6         6.8875        +INF             .          
c-BIO .R1.R5   1.0446383E-5        10.4464        +INF             .          
c-BIO .R1.R3   5.9358284E-6         5.9358        +INF             .          
c-BIO .R1.R6   2.2250255E-6         2.2250        +INF             .          
c-BIO .R1.R4   1.6189182E-6         1.6189        +INF             .          
c-BIO .R2.R1   4.1031337E-6         4.1031        +INF             .          
c-BIO .R2.R2   1.1504455E-6         1.1504        +INF             .          
c-BIO .R2.R5   1.7449074E-6         1.7449        +INF             .          
c-BIO .R2.R3   9.9148871E-7         0.9915        +INF             .          
c-BIO .R2.R6   3.7165623E-7         0.3717        +INF             .          
c-BIO .R2.R4   2.7041535E-7         0.2704        +INF             .          
c-BIO .R5.R1   2.2114262E-5        22.1143        +INF             .          
c-BIO .R5.R2   6.2004447E-6         6.2004        +INF             .          
c-BIO .R5.R5   9.4043583E-6         9.4044        +INF             .          
c-BIO .R5.R3   5.3437306E-6         5.3437        +INF             .          
c-BIO .R5.R6   2.0030796E-6         2.0031        +INF             .          
c-BIO .R5.R4   1.4574314E-6         1.4574        +INF             .          
c-BIO .R3.R1   3.5349422E-6         3.5349        +INF             .          
c-BIO .R3.R2   9.9113476E-7         0.9911        +INF             .          
c-BIO .R3.R5   1.5032771E-6         1.5033        +INF             .          
c-BIO .R3.R3   8.5418989E-7         0.8542        +INF             .          
c-BIO .R3.R6   3.2019023E-7         0.3202        +INF             .          
c-BIO .R3.R4   2.3296893E-7         0.2330        +INF             .          
c-BIO .R6.R1   2.0576969E-6         2.0577        +INF             .          
c-BIO .R6.R2   5.7694153E-7         0.5769        +INF             .          
c-BIO .R6.R5   8.7506060E-7         0.8751        +INF             .          
c-BIO .R6.R3   4.9722564E-7         0.4972        +INF             .          
c-BIO .R6.R6   1.8638337E-7         0.1864        +INF             .          
c-BIO .R6.R4   1.3561168E-7         0.1356        +INF             .          
c-BIO .R4.R1   2.7775748E-7         0.2778        +INF             .          
c-BIO .R4.R2   7.7878244E-8         0.0779        +INF             .          
c-BIO .R4.R5   1.1811974E-7         0.1181        +INF             .          
c-BIO .R4.R3   6.7117824E-8         0.0671        +INF             .          
c-BIO .R4.R6   2.5158892E-8         0.0252        +INF             .          
c-BIO .R4.R4   1.8305493E-8         0.0183        +INF             .          
c-IMEA.R1.R1         0.0052      5229.1438        +INF             .          
c-IMEA.R1.R2         0.0026      2561.8431        +INF             .          
c-IMEA.R1.R5         0.0024      2440.0057        +INF             .          
c-IMEA.R1.R3         0.0017      1689.1300        +INF             .          
c-IMEA.R1.R6         0.0008       779.8410        +INF             .          
c-IMEA.R1.R4         0.0004       433.1759        +INF             .          
c-IMEA.R2.R1         0.0039      3914.9224        +INF             .          
c-IMEA.R2.R2         0.0019      1917.9845        +INF             .          
c-IMEA.R2.R5         0.0018      1826.7681        +INF             .          
c-IMEA.R2.R3         0.0013      1264.6072        +INF             .          
c-IMEA.R2.R6         0.0006       583.8464        +INF             .          
c-IMEA.R2.R4         0.0003       324.3074        +INF             .          
c-IMEA.R5.R1         0.0028      2817.1800        +INF             .          
c-IMEA.R5.R2         0.0014      1380.1826        +INF             .          
c-IMEA.R5.R5         0.0013      1314.5432        +INF             .          
c-IMEA.R5.R3         0.0009       910.0119        +INF             .          
c-IMEA.R5.R6         0.0004       420.1362        +INF             .          
c-IMEA.R5.R4         0.0002       233.3718        +INF             .          
c-IMEA.R3.R1         0.0021      2093.7295        +INF             .          
c-IMEA.R3.R2         0.0010      1025.7523        +INF             .          
c-IMEA.R3.R5         0.0010       976.9691        +INF             .          
c-IMEA.R3.R3         0.0007       676.3213        +INF             .          
c-IMEA.R3.R6         0.0003       312.2454        +INF             .          
c-IMEA.R3.R4         0.0002       173.4420        +INF             .          
c-IMEA.R6.R1         0.0013      1319.7509        +INF             .          
c-IMEA.R6.R2         0.0006       646.5676        +INF             .          
c-IMEA.R6.R5         0.0006       615.8178        +INF             .          
c-IMEA.R6.R3         0.0004       426.3090        +INF             .          
c-IMEA.R6.R6         0.0002       196.8192        +INF             .          
c-IMEA.R6.R4         0.0001       109.3266        +INF             .          
c-IMEA.R4.R1         0.0005       496.8880        +INF             .          
c-IMEA.R4.R2         0.0002       243.4336        +INF             .          
c-IMEA.R4.R5         0.0002       231.8562        +INF             .          
c-IMEA.R4.R3         0.0002       160.5059        +INF             .          
c-IMEA.R4.R6         0.0001        74.1027        +INF             .          
c-IMEA.R4.R4   4.1161596E-5        41.1616        +INF             .          
c-COMT.R1.R1         0.0679     67923.9490        +INF             .          
c-COMT.R1.R2         0.0148     14753.8779        +INF             .          
c-COMT.R1.R5         0.0142     14224.8580        +INF             .          
c-COMT.R1.R3         0.0129     12883.9352        +INF             .          
c-COMT.R1.R6         0.0042      4152.1623        +INF             .          
c-COMT.R1.R4         0.0040      4027.9908        +INF             .          
c-COMT.R2.R1         0.0118     11759.4725        +INF             .          
c-COMT.R2.R2         0.0026      2554.2953        +INF             .          
c-COMT.R2.R5         0.0025      2462.7076        +INF             .          
c-COMT.R2.R3         0.0022      2230.5576        +INF             .          
c-COMT.R2.R6         0.0007       718.8516        +INF             .          
c-COMT.R2.R4         0.0007       697.3541        +INF             .          
c-COMT.R5.R1         0.0097      9707.3145        +INF             .          
c-COMT.R5.R2         0.0021      2108.5425        +INF             .          
c-COMT.R5.R5         0.0020      2032.9379        +INF             .          
c-COMT.R5.R3         0.0018      1841.3007        +INF             .          
c-COMT.R5.R6         0.0006       593.4040        +INF             .          
c-COMT.R5.R4         0.0006       575.6581        +INF             .          
c-COMT.R3.R1         0.0098      9848.5423        +INF             .          
c-COMT.R3.R2         0.0021      2139.2188        +INF             .          
c-COMT.R3.R5         0.0021      2062.5143        +INF             .          
c-COMT.R3.R3         0.0019      1868.0890        +INF             .          
c-COMT.R3.R6         0.0006       602.0372        +INF             .          
c-COMT.R3.R4         0.0006       584.0331        +INF             .          
c-COMT.R6.R1         0.0028      2770.7849        +INF             .          
c-COMT.R6.R2         0.0006       601.8470        +INF             .          
c-COMT.R6.R5         0.0006       580.2669        +INF             .          
c-COMT.R6.R3         0.0005       525.5674        +INF             .          
c-COMT.R6.R6         0.0002       169.3769        +INF             .          
c-COMT.R6.R4         0.0002       164.3116        +INF             .          
c-COMT.R4.R1         0.0024      2363.1760        +INF             .          
c-COMT.R4.R2         0.0005       513.3095        +INF             .          
c-COMT.R4.R5         0.0005       494.9041        +INF             .          
c-COMT.R4.R3         0.0004       448.2514        +INF             .          
c-COMT.R4.R6         0.0001       144.4599        +INF             .          
c-COMT.R4.R4         0.0001       140.1398        +INF             .          
c-MVT .R1.R1         0.0303     30293.7477        +INF             .          
c-MVT .R1.R2         0.0114     11446.0691        +INF             .          
c-MVT .R1.R5         0.0116     11602.6755        +INF             .          
c-MVT .R1.R3         0.0094      9408.9089        +INF             .          
c-MVT .R1.R6         0.0023      2262.7207        +INF             .          
c-MVT .R1.R4         0.0024      2391.2033        +INF             .          
c-MVT .R2.R1         0.0177     17695.3907        +INF             .          
c-MVT .R2.R2         0.0067      6685.9560        +INF             .          
c-MVT .R2.R5         0.0068      6777.4340        +INF             .          
c-MVT .R2.R3         0.0055      5495.9961        +INF             .          
c-MVT .R2.R6         0.0013      1321.7158        +INF             .          
c-MVT .R2.R4         0.0014      1396.7660        +INF             .          
c-MVT .R5.R1         0.0165     16475.7218        +INF             .          
c-MVT .R5.R2         0.0062      6225.1212        +INF             .          
c-MVT .R5.R5         0.0063      6310.2940        +INF             .          
c-MVT .R5.R3         0.0051      5117.1802        +INF             .          
c-MVT .R5.R6         0.0012      1230.6155        +INF             .          
c-MVT .R5.R4         0.0013      1300.4928        +INF             .          
c-MVT .R3.R1         0.0134     13370.9961        +INF             .          
c-MVT .R3.R2         0.0051      5052.0440        +INF             .          
c-MVT .R3.R5         0.0051      5121.1666        +INF             .          
c-MVT .R3.R3         0.0042      4152.8861        +INF             .          
c-MVT .R3.R6         0.0010       998.7153        +INF             .          
c-MVT .R3.R4         0.0011      1055.4247        +INF             .          
c-MVT .R6.R1         0.0016      1583.0833        +INF             .          
c-MVT .R6.R2         0.0006       598.1459        +INF             .          
c-MVT .R6.R5         0.0006       606.3298        +INF             .          
c-MVT .R6.R3         0.0005       491.6885        +INF             .          
c-MVT .R6.R6         0.0001       118.2447        +INF             .          
c-MVT .R6.R4         0.0001       124.9589        +INF             .          
c-MVT .R4.R1         0.0017      1712.0038        +INF             .          
c-MVT .R4.R2         0.0006       646.8567        +INF             .          
c-MVT .R4.R5         0.0007       655.7071        +INF             .          
c-MVT .R4.R3         0.0005       531.7298        +INF             .          
c-MVT .R4.R6         0.0001       127.8741        +INF             .          
c-MVT .R4.R4         0.0001       135.1351        +INF             .          
c-CWSR.R1.R1         0.1128    112839.6227        +INF             .          
c-CWSR.R1.R2         0.0400     40027.2355        +INF             .          
c-CWSR.R1.R5         0.0685     68524.0360        +INF             .          
c-CWSR.R1.R3         0.0353     35276.5170        +INF             .          
c-CWSR.R1.R6         0.0141     14119.0405        +INF             .          
c-CWSR.R1.R4         0.0115     11509.9647        +INF             .          
c-CWSR.R2.R1         0.0246     24639.5325        +INF             .          
c-CWSR.R2.R2         0.0087      8740.3019        +INF             .          
c-CWSR.R2.R5         0.0150     14962.8311        +INF             .          
c-CWSR.R2.R3         0.0077      7702.9404        +INF             .          
c-CWSR.R2.R6         0.0031      3083.0177        +INF             .          
c-CWSR.R2.R4         0.0025      2513.3029        +INF             .          
c-CWSR.R5.R1         0.0233     23321.3187        +INF             .          
c-CWSR.R5.R2         0.0083      8272.6962        +INF             .          
c-CWSR.R5.R5         0.0142     14162.3203        +INF             .          
c-CWSR.R5.R3         0.0073      7290.8335        +INF             .          
c-CWSR.R5.R6         0.0029      2918.0764        +INF             .          
c-CWSR.R5.R4         0.0024      2378.8413        +INF             .          
c-CWSR.R3.R1         0.0212     21235.4692        +INF             .          
c-CWSR.R3.R2         0.0075      7532.7895        +INF             .          
c-CWSR.R3.R5         0.0129     12895.6480        +INF             .          
c-CWSR.R3.R3         0.0066      6638.7442        +INF             .          
c-CWSR.R3.R6         0.0027      2657.0848        +INF             .          
c-CWSR.R3.R4         0.0022      2166.0787        +INF             .          
c-CWSR.R6.R1         0.0068      6842.0338        +INF             .          
c-CWSR.R6.R2         0.0024      2427.0526        +INF             .          
c-CWSR.R6.R5         0.0042      4154.9569        +INF             .          
c-CWSR.R6.R3         0.0021      2138.9926        +INF             .          
c-CWSR.R6.R6         0.0009       856.1084        +INF             .          
c-CWSR.R6.R4         0.0007       697.9070        +INF             .          
c-CWSR.R4.R1         0.0061      6054.4463        +INF             .          
c-CWSR.R4.R2         0.0021      2147.6742        +INF             .          
c-CWSR.R4.R5         0.0037      3676.6792        +INF             .          
c-CWSR.R4.R3         0.0019      1892.7729        +INF             .          
c-CWSR.R4.R6         0.0008       757.5617        +INF             .          
c-CWSR.R4.R4         0.0006       617.5709        +INF             .          
c-POWF.R1.R1         0.0002       183.8452        +INF             .          
c-POWF.R1.R2         0.0001        52.5239        +INF             .          
c-POWF.R1.R5         0.0001        61.2106        +INF             .          
c-POWF.R1.R3   4.6459334E-5        46.4593        +INF             .          
c-POWF.R1.R6   1.7626556E-5        17.6266        +INF             .          
c-POWF.R1.R4   1.5052902E-5        15.0529        +INF             .          
c-POWF.R2.R1         0.0001        84.2104        +INF             .          
c-POWF.R2.R2   2.4058590E-5        24.0586        +INF             .          
c-POWF.R2.R5   2.8037564E-5        28.0376        +INF             .          
c-POWF.R2.R3   2.1280723E-5        21.2807        +INF             .          
c-POWF.R2.R6   8.0738535E-6         8.0739        +INF             .          
c-POWF.R2.R4   6.8949902E-6         6.8950        +INF             .          
c-POWF.R5.R1         0.0001       103.8866        +INF             .          
c-POWF.R5.R2   2.9680019E-5        29.6800        +INF             .          
c-POWF.R5.R5   3.4588705E-5        34.5887        +INF             .          
c-POWF.R5.R3   2.6253088E-5        26.2531        +INF             .          
c-POWF.R5.R6   9.9603565E-6         9.9604        +INF             .          
c-POWF.R5.R4   8.5060448E-6         8.5060        +INF             .          
c-POWF.R3.R1         0.0001        74.5011        +INF             .          
c-POWF.R3.R2   2.1284685E-5        21.2847        +INF             .          
c-POWF.R3.R5   2.4804893E-5        24.8049        +INF             .          
c-POWF.R3.R3   1.8827101E-5        18.8271        +INF             .          
c-POWF.R3.R6   7.1429554E-6         7.1430        +INF             .          
c-POWF.R3.R4   6.1000125E-6         6.1000        +INF             .          
c-POWF.R6.R1         0.0001        58.1971        +INF             .          
c-POWF.R6.R2   1.6626704E-5        16.6267        +INF             .          
c-POWF.R6.R5   1.9376542E-5        19.3765        +INF             .          
c-POWF.R6.R3   1.4706942E-5        14.7069        +INF             .          
c-POWF.R6.R6   5.5797772E-6         5.5798        +INF             .          
c-POWF.R6.R4   4.7650739E-6         4.7651        +INF             .          
c-POWF.R4.R1   2.6027793E-5        26.0278        +INF             .          
c-POWF.R4.R2   7.4360413E-6         7.4360        +INF             .          
c-POWF.R4.R5   8.6658649E-6         8.6659        +INF             .          
c-POWF.R4.R3   6.5774570E-6         6.5775        +INF             .          
c-POWF.R4.R6   2.4954708E-6         2.4955        +INF             .          
c-POWF.R4.R4   2.1311071E-6         2.1311        +INF             .          
c-POWR.R1.R1         0.0041      4057.1290        +INF             .          
c-POWR.R1.R2         0.0012      1159.1063        +INF             .          
c-POWR.R1.R5         0.0014      1350.8099        +INF             .          
c-POWR.R1.R3         0.0010      1025.2729        +INF             .          
c-POWR.R1.R6         0.0004       388.9860        +INF             .          
c-POWR.R1.R4         0.0003       332.1902        +INF             .          
c-POWR.R2.R1         0.0019      1858.3685        +INF             .          
c-POWR.R2.R2         0.0005       530.9288        +INF             .          
c-POWR.R2.R5         0.0006       618.7386        +INF             .          
c-POWR.R2.R3         0.0005       469.6264        +INF             .          
c-POWR.R2.R6         0.0002       178.1751        +INF             .          
c-POWR.R2.R4         0.0002       152.1597        +INF             .          
c-POWR.R5.R1         0.0023      2304.3244        +INF             .          
c-POWR.R5.R2         0.0007       658.3367        +INF             .          
c-POWR.R5.R5         0.0008       767.2184        +INF             .          
c-POWR.R5.R3         0.0006       582.3235        +INF             .          
c-POWR.R5.R6         0.0002       220.9321        +INF             .          
c-POWR.R5.R4         0.0002       188.6738        +INF             .          
c-POWR.R3.R1         0.0016      1644.1020        +INF             .          
c-POWR.R3.R2         0.0005       469.7137        +INF             .          
c-POWR.R3.R5         0.0005       547.3992        +INF             .          
c-POWR.R3.R3         0.0004       415.4793        +INF             .          
c-POWR.R3.R6         0.0002       157.6318        +INF             .          
c-POWR.R3.R4         0.0001       134.6160        +INF             .          
c-POWR.R6.R1         0.0013      1284.3020        +INF             .          
c-POWR.R6.R2         0.0004       366.9202        +INF             .          
c-POWR.R6.R5         0.0004       427.6048        +INF             .          
c-POWR.R6.R3         0.0003       324.5546        +INF             .          
c-POWR.R6.R6         0.0001       123.1352        +INF             .          
c-POWR.R6.R4         0.0001       105.1563        +INF             .          
c-POWR.R4.R1         0.0006       574.3850        +INF             .          
c-POWR.R4.R2         0.0002       164.0996        +INF             .          
c-POWR.R4.R5         0.0002       191.2399        +INF             .          
c-POWR.R4.R3         0.0001       145.1522        +INF             .          
c-POWR.R4.R6         0.0001        55.0704        +INF             .          
c-POWR.R4.R4   4.7029571E-5        47.0296        +INF             .          
c-POWT.R1.R1         0.0087      8698.1261        +INF             .          
c-POWT.R1.R2         0.0025      2485.0215        +INF             .          
c-POWT.R1.R5         0.0029      2896.0170        +INF             .          
c-POWT.R1.R3         0.0022      2198.0946        +INF             .          
c-POWT.R1.R6         0.0008       833.9516        +INF             .          
c-POWT.R1.R4         0.0007       712.1863        +INF             .          
c-POWT.R2.R1         0.0040      3984.1777        +INF             .          
c-POWT.R2.R2         0.0011      1138.2644        +INF             .          
c-POWT.R2.R5         0.0013      1326.5210        +INF             .          
c-POWT.R2.R3         0.0010      1006.8375        +INF             .          
c-POWT.R2.R6         0.0004       381.9917        +INF             .          
c-POWT.R2.R4         0.0003       326.2170        +INF             .          
c-POWT.R5.R1         0.0049      4940.2680        +INF             .          
c-POWT.R5.R2         0.0014      1411.4157        +INF             .          
c-POWT.R5.R5         0.0016      1644.8485        +INF             .          
c-POWT.R5.R3         0.0012      1248.4501        +INF             .          
c-POWT.R5.R6         0.0005       473.6589        +INF             .          
c-POWT.R5.R4         0.0004       404.4999        +INF             .          
c-POWT.R3.R1         0.0035      3524.8093        +INF             .          
c-POWT.R3.R2         0.0010      1007.0246        +INF             .          
c-POWT.R3.R5         0.0012      1173.5755        +INF             .          
c-POWT.R3.R3         0.0009       890.7510        +INF             .          
c-POWT.R3.R6         0.0003       337.9487        +INF             .          
c-POWT.R3.R4         0.0003       288.6048        +INF             .          
c-POWT.R6.R1         0.0028      2753.4300        +INF             .          
c-POWT.R6.R2         0.0008       786.6445        +INF             .          
c-POWT.R6.R5         0.0009       916.7469        +INF             .          
c-POWT.R6.R3         0.0007       695.8165        +INF             .          
c-POWT.R6.R6         0.0003       263.9911        +INF             .          
c-POWT.R6.R4         0.0002       225.4457        +INF             .          
c-POWT.R4.R1         0.0012      1231.4307        +INF             .          
c-POWT.R4.R2         0.0004       351.8151        +INF             .          
c-POWT.R4.R5         0.0004       410.0014        +INF             .          
c-POWT.R4.R3         0.0003       311.1936        +INF             .          
c-POWT.R4.R6         0.0001       118.0661        +INF             .          
c-POWT.R4.R4         0.0001       100.8272        +INF             .          
c-NG  .R1.R1         0.0001       144.7899        +INF             .          
c-NG  .R1.R2   4.1365911E-5        41.3659        +INF             .          
c-NG  .R1.R5   4.8207383E-5        48.2074        +INF             .          
c-NG  .R1.R3   3.6589698E-5        36.5897        +INF             .          
c-NG  .R1.R6   1.3882041E-5        13.8820        +INF             .          
c-NG  .R1.R4   1.1855123E-5        11.8551        +INF             .          
c-NG  .R2.R1         0.0001        66.3210        +INF             .          
c-NG  .R2.R2   1.8947661E-5        18.9477        +INF             .          
c-NG  .R2.R5   2.2081398E-5        22.0814        +INF             .          
c-NG  .R2.R3   1.6759916E-5        16.7599        +INF             .          
c-NG  .R2.R6   6.3586704E-6         6.3587        +INF             .          
c-NG  .R2.R4   5.4302407E-6         5.4302        +INF             .          
c-NG  .R5.R1         0.0001        82.2362        +INF             .          
c-NG  .R5.R2   2.3494565E-5        23.4946        +INF             .          
c-NG  .R5.R5   2.7380310E-5        27.3803        +INF             .          
c-NG  .R5.R3   2.0781822E-5        20.7818        +INF             .          
c-NG  .R5.R6   7.8845719E-6         7.8846        +INF             .          
c-NG  .R5.R4   6.7333452E-6         6.7333        +INF             .          
c-NG  .R3.R1         0.0001        58.6743        +INF             .          
c-NG  .R3.R2   1.6763030E-5        16.7630        +INF             .          
c-NG  .R3.R5   1.9535453E-5        19.5355        +INF             .          
c-NG  .R3.R3   1.4827528E-5        14.8275        +INF             .          
c-NG  .R3.R6   5.6255274E-6         5.6255        +INF             .          
c-NG  .R3.R4   4.8041439E-6         4.8041        +INF             .          
c-NG  .R6.R1   4.5833866E-5        45.8339        +INF             .          
c-NG  .R6.R2   1.3094561E-5        13.0946        +INF             .          
c-NG  .R6.R5   1.5260259E-5        15.2603        +INF             .          
c-NG  .R6.R3   1.1582629E-5        11.5826        +INF             .          
c-NG  .R6.R6   4.3944209E-6         4.3944        +INF             .          
c-NG  .R6.R4   3.7527913E-6         3.7528        +INF             .          
c-NG  .R4.R1   2.0498516E-5        20.4985        +INF             .          
c-NG  .R4.R2   5.8563478E-6         5.8563        +INF             .          
c-NG  .R4.R5   6.8249241E-6         6.8249        +INF             .          
c-NG  .R4.R3   5.1801590E-6         5.1802        +INF             .          
c-NG  .R4.R6   1.9653395E-6         1.9653        +INF             .          
c-NG  .R4.R4   1.6783802E-6         1.6784        +INF             .          
c-LTH .R1.R1         0.0024      2353.5107        +INF             .          
c-LTH .R1.R2         0.0006       631.2883        +INF             .          
c-LTH .R1.R5         0.0006       577.7849        +INF             .          
c-LTH .R1.R3         0.0006       575.2944        +INF             .          
c-LTH .R1.R6         0.0002       205.2315        +INF             .          
c-LTH .R1.R4         0.0002       200.4219        +INF             .          
c-LTH .R2.R1         0.0008       810.6914        +INF             .          
c-LTH .R2.R2         0.0002       217.4539        +INF             .          
c-LTH .R2.R5         0.0002       199.0241        +INF             .          
c-LTH .R2.R3         0.0002       198.1662        +INF             .          
c-LTH .R2.R6         0.0001        70.6941        +INF             .          
c-LTH .R2.R4         0.0001        69.0374        +INF             .          
c-LTH .R5.R1         0.0009       902.9942        +INF             .          
c-LTH .R5.R2         0.0002       242.2125        +INF             .          
c-LTH .R5.R5         0.0002       221.6843        +INF             .          
c-LTH .R5.R3         0.0002       220.7288        +INF             .          
c-LTH .R5.R6         0.0001        78.7432        +INF             .          
c-LTH .R5.R4         0.0001        76.8978        +INF             .          
c-LTH .R3.R1         0.0007       722.5199        +INF             .          
c-LTH .R3.R2         0.0002       193.8034        +INF             .          
c-LTH .R3.R5         0.0002       177.3781        +INF             .          
c-LTH .R3.R3         0.0002       176.6135        +INF             .          
c-LTH .R3.R6         0.0001        63.0054        +INF             .          
c-LTH .R3.R4         0.0001        61.5289        +INF             .          
c-LTH .R6.R1         0.0005       455.1644        +INF             .          
c-LTH .R6.R2         0.0001       122.0899        +INF             .          
c-LTH .R6.R5         0.0001       111.7425        +INF             .          
c-LTH .R6.R3         0.0001       111.2608        +INF             .          
c-LTH .R6.R6   3.9691374E-5        39.6914        +INF             .          
c-LTH .R6.R4   3.8761208E-5        38.7612        +INF             .          
c-LTH .R4.R1         0.0003       275.2455        +INF             .          
c-LTH .R4.R2         0.0001        73.8298        +INF             .          
c-LTH .R4.R5         0.0001        67.5725        +INF             .          
c-LTH .R4.R3         0.0001        67.2813        +INF             .          
c-LTH .R4.R6   2.4002038E-5        24.0020        +INF             .          
c-LTH .R4.R4   2.3439552E-5        23.4396        +INF             .          
c-CCON.R1.R1         0.1674    167435.7082        +INF             .          
c-CCON.R1.R2         0.0524     52406.7239        +INF             .          
c-CCON.R1.R5         0.0368     36847.0627        +INF             .          
c-CCON.R1.R3         0.0400     40042.7883        +INF             .          
c-CCON.R1.R6         0.0128     12771.5848        +INF             .          
c-CCON.R1.R4         0.0119     11854.6831        +INF             .          
c-CCON.R2.R1         0.0563     56317.8265        +INF             .          
c-CCON.R2.R2         0.0176     17627.2601        +INF             .          
c-CCON.R2.R5         0.0124     12393.6913        +INF             .          
c-CCON.R2.R3         0.0135     13468.5894        +INF             .          
c-CCON.R2.R6         0.0043      4295.7856        +INF             .          
c-CCON.R2.R4         0.0040      3987.3811        +INF             .          
c-CCON.R5.R1         0.0376     37615.5172        +INF             .          
c-CCON.R5.R2         0.0118     11773.5102        +INF             .          
c-CCON.R5.R5         0.0083      8277.9315        +INF             .          
c-CCON.R5.R3         0.0090      8995.8720        +INF             .          
c-CCON.R5.R6         0.0029      2869.2193        +INF             .          
c-CCON.R5.R4         0.0027      2663.2314        +INF             .          
c-CCON.R3.R1         0.0416     41575.6864        +INF             .          
c-CCON.R3.R2         0.0130     13013.0278        +INF             .          
c-CCON.R3.R5         0.0091      9149.4338        +INF             .          
c-CCON.R3.R3         0.0099      9942.9592        +INF             .          
c-CCON.R3.R6         0.0032      3171.2913        +INF             .          
c-CCON.R3.R4         0.0029      2943.6169        +INF             .          
c-CCON.R6.R1         0.0132     13243.4054        +INF             .          
c-CCON.R6.R2         0.0041      4145.1343        +INF             .          
c-CCON.R6.R5         0.0029      2914.4356        +INF             .          
c-CCON.R6.R3         0.0032      3167.2030        +INF             .          
c-CCON.R6.R6         0.0010      1010.1745        +INF             .          
c-CCON.R6.R4         0.0009       937.6517        +INF             .          
c-CCON.R4.R1         0.0120     11952.6239        +INF             .          
c-CCON.R4.R2         0.0037      3741.1247        +INF             .          
c-CCON.R4.R5         0.0026      2630.3773        +INF             .          
c-CCON.R4.R3         0.0029      2858.5085        +INF             .          
c-CCON.R4.R6         0.0009       911.7168        +INF             .          
c-CCON.R4.R4         0.0008       846.2625        +INF             .          
c-TRAI.R1.R1         0.0010      1018.8101        +INF             .          
c-TRAI.R1.R2         0.0003       250.0648        +INF             .          
c-TRAI.R1.R5         0.0003       302.5437        +INF             .          
c-TRAI.R1.R3         0.0002       224.1297        +INF             .          
c-TRAI.R1.R6         0.0001        75.9018        +INF             .          
c-TRAI.R1.R4         0.0001        75.2832        +INF             .          
c-TRAI.R2.R1         0.0004       444.5529        +INF             .          
c-TRAI.R2.R2         0.0001       109.1146        +INF             .          
c-TRAI.R2.R5         0.0001       132.0135        +INF             .          
c-TRAI.R2.R3         0.0001        97.7979        +INF             .          
c-TRAI.R2.R6   3.3119406E-5        33.1194        +INF             .          
c-TRAI.R2.R4   3.2849463E-5        32.8495        +INF             .          
c-TRAI.R5.R1         0.0053      5289.6962        +INF             .          
c-TRAI.R5.R2         0.0013      1298.3448        +INF             .          
c-TRAI.R5.R5         0.0016      1570.8170        +INF             .          
c-TRAI.R5.R3         0.0012      1163.6891        +INF             .          
c-TRAI.R5.R6         0.0004       394.0849        +INF             .          
c-TRAI.R5.R4         0.0004       390.8729        +INF             .          
c-TRAI.R3.R1         0.0003       265.3390        +INF             .          
c-TRAI.R3.R2         0.0001        65.1269        +INF             .          
c-TRAI.R3.R5         0.0001        78.7945        +INF             .          
c-TRAI.R3.R3         0.0001        58.3724        +INF             .          
c-TRAI.R3.R6   1.9767883E-5        19.7679        +INF             .          
c-TRAI.R3.R4   1.9606763E-5        19.6068        +INF             .          
c-TRAI.R6.R1         0.0001        87.8660        +INF             .          
c-TRAI.R6.R2   2.1566529E-5        21.5665        +INF             .          
c-TRAI.R6.R5   2.6092507E-5        26.0925        +INF             .          
c-TRAI.R6.R3   1.9329792E-5        19.3298        +INF             .          
c-TRAI.R6.R6   6.5460609E-6         6.5461        +INF             .          
c-TRAI.R6.R4   6.4927065E-6         6.4927        +INF             .          
c-TRAI.R4.R1         0.0001       100.3970        +INF             .          
c-TRAI.R4.R2   2.4642238E-5        24.6422        +INF             .          
c-TRAI.R4.R5   2.9813689E-5        29.8137        +INF             .          
c-TRAI.R4.R3   2.2086509E-5        22.0865        +INF             .          
c-TRAI.R4.R6   7.4796271E-6         7.4796        +INF             .          
c-TRAI.R4.R4   7.4186636E-6         7.4187        +INF             .          
c-TPIP.R1.R1         0.0009       885.7031        +INF             .          
c-TPIP.R1.R2         0.0002       217.3940        +INF             .          
c-TPIP.R1.R5         0.0003       263.0165        +INF             .          
c-TPIP.R1.R3         0.0002       194.8473        +INF             .          
c-TPIP.R1.R6         0.0001        65.9853        +INF             .          
c-TPIP.R1.R4         0.0001        65.4475        +INF             .          
c-TPIP.R2.R1         0.0004       386.4723        +INF             .          
c-TPIP.R2.R2         0.0001        94.8588        +INF             .          
c-TPIP.R2.R5         0.0001       114.7660        +INF             .          
c-TPIP.R2.R3         0.0001        85.0207        +INF             .          
c-TPIP.R2.R6   2.8792372E-5        28.7924        +INF             .          
c-TPIP.R2.R4   2.8557697E-5        28.5577        +INF             .          
c-TPIP.R5.R1         0.0046      4598.6001        +INF             .          
c-TPIP.R5.R2         0.0011      1128.7167        +INF             .          
c-TPIP.R5.R5         0.0014      1365.5906        +INF             .          
c-TPIP.R5.R3         0.0010      1011.6537        +INF             .          
c-TPIP.R5.R6         0.0003       342.5979        +INF             .          
c-TPIP.R5.R4         0.0003       339.8056        +INF             .          
c-TPIP.R3.R1         0.0002       230.6726        +INF             .          
c-TPIP.R3.R2         0.0001        56.6181        +INF             .          
c-TPIP.R3.R5         0.0001        68.5000        +INF             .          
c-TPIP.R3.R3         0.0001        50.7460        +INF             .          
c-TPIP.R3.R6   1.7185219E-5        17.1852        +INF             .          
c-TPIP.R3.R4   1.7045149E-5        17.0451        +INF             .          
c-TPIP.R6.R1         0.0001        76.3864        +INF             .          
c-TPIP.R6.R2   1.8748873E-5        18.7489        +INF             .          
c-TPIP.R6.R5   2.2683534E-5        22.6835        +INF             .          
c-TPIP.R6.R3   1.6804364E-5        16.8044        +INF             .          
c-TPIP.R6.R6   5.6908213E-6         5.6908        +INF             .          
c-TPIP.R6.R4   5.6444377E-6         5.6444        +INF             .          
c-TPIP.R4.R1         0.0001        87.2802        +INF             .          
c-TPIP.R4.R2   2.1422742E-5        21.4227        +INF             .          
c-TPIP.R4.R5   2.5918546E-5        25.9185        +INF             .          
c-TPIP.R4.R3   1.9200918E-5        19.2009        +INF             .          
c-TPIP.R4.R6   6.5024176E-6         6.5024        +INF             .          
c-TPIP.R4.R4   6.4494190E-6         6.4494        +INF             .          
c-TLNL.R1.R1         0.0008       773.5652        +INF             .          
c-TLNL.R1.R2         0.0002       189.8700        +INF             .          
c-TLNL.R1.R5         0.0002       229.7163        +INF             .          
c-TLNL.R1.R3         0.0002       170.1779        +INF             .          
c-TLNL.R1.R6         0.0001        57.6310        +INF             .          
c-TLNL.R1.R4         0.0001        57.1613        +INF             .          
c-TLNL.R2.R1         0.0003       337.5415        +INF             .          
c-TLNL.R2.R2         0.0001        82.8488        +INF             .          
c-TLNL.R2.R5         0.0001       100.2356        +INF             .          
c-TLNL.R2.R3         0.0001        74.2563        +INF             .          
c-TLNL.R2.R6   2.5147003E-5        25.1470        +INF             .          
c-TLNL.R2.R4   2.4942039E-5        24.9420        +INF             .          
c-TLNL.R5.R1         0.0040      4016.3766        +INF             .          
c-TLNL.R5.R2         0.0010       985.8112        +INF             .          
c-TLNL.R5.R5         0.0012      1192.6947        +INF             .          
c-TLNL.R5.R3         0.0009       883.5694        +INF             .          
c-TLNL.R5.R6         0.0003       299.2220        +INF             .          
c-TLNL.R5.R4         0.0003       296.7832        +INF             .          
c-TLNL.R3.R1         0.0002       201.4674        +INF             .          
c-TLNL.R3.R2   4.9449746E-5        49.4497        +INF             .          
c-TLNL.R3.R5         0.0001        59.8273        +INF             .          
c-TLNL.R3.R3   4.4321147E-5        44.3211        +INF             .          
c-TLNL.R3.R6   1.5009418E-5        15.0094        +INF             .          
c-TLNL.R3.R4   1.4887082E-5        14.8871        +INF             .          
c-TLNL.R6.R1         0.0001        66.7152        +INF             .          
c-TLNL.R6.R2   1.6375099E-5        16.3751        +INF             .          
c-TLNL.R6.R5   1.9811598E-5        19.8116        +INF             .          
c-TLNL.R6.R3   1.4676783E-5        14.6768        +INF             .          
c-TLNL.R6.R6   4.9703129E-6         4.9703        +INF             .          
c-TLNL.R6.R4   4.9298018E-6         4.9298        +INF             .          
c-TLNL.R4.R1         0.0001        76.2298        +INF             .          
c-TLNL.R4.R2   1.8710433E-5        18.7104        +INF             .          
c-TLNL.R4.R5   2.2637028E-5        22.6370        +INF             .          
c-TLNL.R4.R3   1.6769912E-5        16.7699        +INF             .          
c-TLNL.R4.R6   5.6791539E-6         5.6792        +INF             .          
c-TLNL.R4.R4   5.6328653E-6         5.6329        +INF             .          
c-TLNH.R1.R1         0.0031      3094.2609        +INF             .          
c-TLNH.R1.R2         0.0008       759.4798        +INF             .          
c-TLNH.R1.R5         0.0009       918.8652        +INF             .          
c-TLNH.R1.R3         0.0007       680.7116        +INF             .          
c-TLNH.R1.R6         0.0002       230.5239        +INF             .          
c-TLNH.R1.R4         0.0002       228.6450        +INF             .          
c-TLNH.R2.R1         0.0014      1350.1659        +INF             .          
c-TLNH.R2.R2         0.0003       331.3954        +INF             .          
c-TLNH.R2.R5         0.0004       400.9424        +INF             .          
c-TLNH.R2.R3         0.0003       297.0252        +INF             .          
c-TLNH.R2.R6         0.0001       100.5880        +INF             .          
c-TLNH.R2.R4         0.0001        99.7682        +INF             .          
c-TLNH.R5.R1         0.0161     16065.5062        +INF             .          
c-TLNH.R5.R2         0.0039      3943.2446        +INF             .          
c-TLNH.R5.R5         0.0048      4770.7788        +INF             .          
c-TLNH.R5.R3         0.0035      3534.2775        +INF             .          
c-TLNH.R5.R6         0.0012      1196.8880        +INF             .          
c-TLNH.R5.R4         0.0012      1187.1326        +INF             .          
c-TLNH.R3.R1         0.0008       805.8696        +INF             .          
c-TLNH.R3.R2         0.0002       197.7990        +INF             .          
c-TLNH.R3.R5         0.0002       239.3093        +INF             .          
c-TLNH.R3.R3         0.0002       177.2846        +INF             .          
c-TLNH.R3.R6         0.0001        60.0377        +INF             .          
c-TLNH.R3.R4         0.0001        59.5483        +INF             .          
c-TLNH.R6.R1         0.0003       266.8607        +INF             .          
c-TLNH.R6.R2         0.0001        65.5004        +INF             .          
c-TLNH.R6.R5         0.0001        79.2464        +INF             .          
c-TLNH.R6.R3         0.0001        58.7071        +INF             .          
c-TLNH.R6.R6   1.9881252E-5        19.8813        +INF             .          
c-TLNH.R6.R4   1.9719207E-5        19.7192        +INF             .          
c-TLNH.R4.R1         0.0003       304.9190        +INF             .          
c-TLNH.R4.R2         0.0001        74.8417        +INF             .          
c-TLNH.R4.R5         0.0001        90.5481        +INF             .          
c-TLNH.R4.R3         0.0001        67.0796        +INF             .          
c-TLNH.R4.R6   2.2716616E-5        22.7166        +INF             .          
c-TLNH.R4.R4   2.2531461E-5        22.5315        +INF             .          
c-TSEA.R1.R1         0.0041      4103.8620        +INF             .          
c-TSEA.R1.R2         0.0016      1587.2178        +INF             .          
c-TSEA.R1.R5         0.0033      3324.4974        +INF             .          
c-TSEA.R1.R3         0.0010       976.5375        +INF             .          
c-TSEA.R1.R6         0.0004       439.4695        +INF             .          
c-TSEA.R1.R4         0.0003       336.5455        +INF             .          
c-TSEA.R2.R1         0.0020      1970.6435        +INF             .          
c-TSEA.R2.R2         0.0008       762.1700        +INF             .          
c-TSEA.R2.R5         0.0016      1596.3985        +INF             .          
c-TSEA.R2.R3         0.0005       468.9259        +INF             .          
c-TSEA.R2.R6         0.0002       211.0299        +INF             .          
c-TSEA.R2.R4         0.0002       161.6066        +INF             .          
c-TSEA.R5.R1         0.0033      3283.0765        +INF             .          
c-TSEA.R5.R2         0.0013      1269.7692        +INF             .          
c-TSEA.R5.R5         0.0027      2659.5873        +INF             .          
c-TSEA.R5.R3         0.0008       781.2269        +INF             .          
c-TSEA.R5.R6         0.0004       351.5742        +INF             .          
c-TSEA.R5.R4         0.0003       269.2353        +INF             .          
c-TSEA.R3.R1         0.0013      1278.3690        +INF             .          
c-TSEA.R3.R2         0.0005       494.4245        +INF             .          
c-TSEA.R3.R5         0.0010      1035.5939        +INF             .          
c-TSEA.R3.R3         0.0003       304.1952        +INF             .          
c-TSEA.R3.R6         0.0001       136.8965        +INF             .          
c-TSEA.R3.R4         0.0001       104.8352        +INF             .          
c-TSEA.R6.R1         0.0009       919.6767        +INF             .          
c-TSEA.R6.R2         0.0004       355.6960        +INF             .          
c-TSEA.R6.R5         0.0007       745.0209        +INF             .          
c-TSEA.R6.R3         0.0002       218.8423        +INF             .          
c-TSEA.R6.R6         0.0001        98.4853        +INF             .          
c-TSEA.R6.R4         0.0001        75.4200        +INF             .          
c-TSEA.R4.R1         0.0006       643.7630        +INF             .          
c-TSEA.R4.R2         0.0002       248.9831        +INF             .          
c-TSEA.R4.R5         0.0005       521.5060        +INF             .          
c-TSEA.R4.R3         0.0002       153.1871        +INF             .          
c-TSEA.R4.R6         0.0001        68.9385        +INF             .          
c-TSEA.R4.R4         0.0001        52.7931        +INF             .          
c-TAIR.R1.R1         0.0068      6820.6755        +INF             .          
c-TAIR.R1.R2         0.0019      1888.2675        +INF             .          
c-TAIR.R1.R5         0.0028      2796.4738        +INF             .          
c-TAIR.R1.R3         0.0015      1546.8306        +INF             .          
c-TAIR.R1.R6         0.0005       510.4655        +INF             .          
c-TAIR.R1.R4         0.0005       495.4057        +INF             .          
c-TAIR.R2.R1         0.0016      1609.1963        +INF             .          
c-TAIR.R2.R2         0.0004       445.4974        +INF             .          
c-TAIR.R2.R5         0.0007       659.7697        +INF             .          
c-TAIR.R2.R3         0.0004       364.9425        +INF             .          
c-TAIR.R2.R6         0.0001       120.4337        +INF             .          
c-TAIR.R2.R4         0.0001       116.8807        +INF             .          
c-TAIR.R5.R1         0.0013      1338.1615        +INF             .          
c-TAIR.R5.R2         0.0004       370.4628        +INF             .          
c-TAIR.R5.R5         0.0005       548.6456        +INF             .          
c-TAIR.R5.R3         0.0003       303.4757        +INF             .          
c-TAIR.R5.R6         0.0001       100.1492        +INF             .          
c-TAIR.R5.R4         0.0001        97.1946        +INF             .          
c-TAIR.R3.R1         0.0017      1742.0514        +INF             .          
c-TAIR.R3.R2         0.0005       482.2776        +INF             .          
c-TAIR.R3.R5         0.0007       714.2403        +INF             .          
c-TAIR.R3.R3         0.0004       395.0721        +INF             .          
c-TAIR.R3.R6         0.0001       130.3767        +INF             .          
c-TAIR.R3.R4         0.0001       126.5303        +INF             .          
c-TAIR.R6.R1         0.0006       612.8478        +INF             .          
c-TAIR.R6.R2         0.0002       169.6636        +INF             .          
c-TAIR.R6.R5         0.0003       251.2673        +INF             .          
c-TAIR.R6.R3         0.0001       138.9850        +INF             .          
c-TAIR.R6.R6   4.5866087E-5        45.8661        +INF             .          
c-TAIR.R6.R4   4.4512938E-5        44.5129        +INF             .          
c-TAIR.R4.R1         0.0006       609.0817        +INF             .          
c-TAIR.R4.R2         0.0002       168.6210        +INF             .          
c-TAIR.R4.R5         0.0002       249.7232        +INF             .          
c-TAIR.R4.R3         0.0001       138.1309        +INF             .          
c-TAIR.R4.R6   4.5584223E-5        45.5842        +INF             .          
c-TAIR.R4.R4   4.4239389E-5        44.2394        +INF             .          
c-COFF.R1.R1         0.2923    292342.4024        +INF             .          
c-COFF.R1.R2         0.0732     73165.8815        +INF             .          
c-COFF.R1.R5         0.0951     95086.3867        +INF             .          
c-COFF.R1.R3         0.0664     66449.5275        +INF             .          
c-COFF.R1.R6         0.0254     25403.0059        +INF             .          
c-COFF.R1.R4         0.0276     27618.4971        +INF             .          
c-COFF.R2.R1         0.0582     58214.4874        +INF             .          
c-COFF.R2.R2         0.0146     14569.6083        +INF             .          
c-COFF.R2.R5         0.0189     18934.6643        +INF             .          
c-COFF.R2.R3         0.0132     13232.1728        +INF             .          
c-COFF.R2.R6         0.0051      5058.5305        +INF             .          
c-COFF.R2.R4         0.0055      5499.7039        +INF             .          
c-COFF.R5.R1         0.0595     59546.5471        +INF             .          
c-COFF.R5.R2         0.0149     14902.9890        +INF             .          
c-COFF.R5.R5         0.0194     19367.9260        +INF             .          
c-COFF.R5.R3         0.0135     13534.9504        +INF             .          
c-COFF.R5.R6         0.0052      5174.2795        +INF             .          
c-COFF.R5.R4         0.0056      5625.5477        +INF             .          
c-COFF.R3.R1         0.0530     53047.5857        +INF             .          
c-COFF.R3.R2         0.0133     13276.4639        +INF             .          
c-COFF.R3.R5         0.0173     17254.0938        +INF             .          
c-COFF.R3.R3         0.0121     12057.7343        +INF             .          
c-COFF.R3.R6         0.0046      4609.5541        +INF             .          
c-COFF.R3.R4         0.0050      5011.5706        +INF             .          
c-COFF.R6.R1         0.0171     17064.9222        +INF             .          
c-COFF.R6.R2         0.0043      4270.9168        +INF             .          
c-COFF.R6.R5         0.0056      5550.4839        +INF             .          
c-COFF.R6.R3         0.0039      3878.8626        +INF             .          
c-COFF.R6.R6         0.0015      1482.8513        +INF             .          
c-COFF.R6.R4         0.0016      1612.1763        +INF             .          
c-COFF.R4.R1         0.0206     20566.8194        +INF             .          
c-COFF.R4.R2         0.0051      5147.3527        +INF             .          
c-COFF.R4.R5         0.0067      6689.5001        +INF             .          
c-COFF.R4.R3         0.0047      4674.8450        +INF             .          
c-COFF.R4.R6         0.0018      1787.1476        +INF             .          
c-COFF.R4.R4         0.0019      1943.0115        +INF             .          
c-CENT.R1.R1         0.0527     52720.8672        +INF             .          
c-CENT.R1.R2         0.0132     13237.6900        +INF             .          
c-CENT.R1.R5         0.0116     11596.9020        +INF             .          
c-CENT.R1.R3         0.0119     11879.7985        +INF             .          
c-CENT.R1.R6         0.0039      3910.1615        +INF             .          
c-CENT.R1.R4         0.0040      3969.5592        +INF             .          
c-CENT.R2.R1         0.0095      9499.4410        +INF             .          
c-CENT.R2.R2         0.0024      2385.2160        +INF             .          
c-CENT.R2.R5         0.0021      2089.5727        +INF             .          
c-CENT.R2.R3         0.0021      2140.5461        +INF             .          
c-CENT.R2.R6         0.0007       704.5474        +INF             .          
c-CENT.R2.R4         0.0007       715.2499        +INF             .          
c-CENT.R5.R1         0.0084      8389.7890        +INF             .          
c-CENT.R5.R2         0.0021      2106.5933        +INF             .          
c-CENT.R5.R5         0.0018      1845.4848        +INF             .          
c-CENT.R5.R3         0.0019      1890.5039        +INF             .          
c-CENT.R5.R6         0.0006       622.2476        +INF             .          
c-CENT.R5.R4         0.0006       631.6999        +INF             .          
c-CENT.R3.R1         0.0084      8401.1700        +INF             .          
c-CENT.R3.R2         0.0021      2109.4510        +INF             .          
c-CENT.R3.R5         0.0018      1847.9883        +INF             .          
c-CENT.R3.R3         0.0019      1893.0684        +INF             .          
c-CENT.R3.R6         0.0006       623.0916        +INF             .          
c-CENT.R3.R4         0.0006       632.5568        +INF             .          
c-CENT.R6.R1         0.0023      2275.3548        +INF             .          
c-CENT.R6.R2         0.0006       571.3191        +INF             .          
c-CENT.R6.R5         0.0005       500.5052        +INF             .          
c-CENT.R6.R3         0.0005       512.7146        +INF             .          
c-CENT.R6.R6         0.0002       168.7568        +INF             .          
c-CENT.R6.R4         0.0002       171.3203        +INF             .          
c-CENT.R4.R1         0.0027      2725.4786        +INF             .          
c-CENT.R4.R2         0.0007       684.3408        +INF             .          
c-CENT.R4.R5         0.0006       599.5180        +INF             .          
c-CENT.R4.R3         0.0006       614.1427        +INF             .          
c-CENT.R4.R6         0.0002       202.1412        +INF             .          
c-CENT.R4.R4         0.0002       205.2119        +INF             .          
c-FIN .R1.R1         0.2221    222120.0712        +INF             .          
c-FIN .R1.R2         0.0559     55850.0309        +INF             .          
c-FIN .R1.R5         0.0568     56832.7121        +INF             .          
c-FIN .R1.R3         0.0494     49389.5171        +INF             .          
c-FIN .R1.R6         0.0162     16175.5243        +INF             .          
c-FIN .R1.R4         0.0160     16032.8767        +INF             .          
c-FIN .R2.R1         0.0422     42226.7995        +INF             .          
c-FIN .R2.R2         0.0106     10617.5369        +INF             .          
c-FIN .R2.R5         0.0108     10804.3525        +INF             .          
c-FIN .R2.R3         0.0094      9389.3417        +INF             .          
c-FIN .R2.R6         0.0031      3075.0964        +INF             .          
c-FIN .R2.R4         0.0030      3047.9779        +INF             .          
c-FIN .R5.R1         0.0400     40017.8482        +INF             .          
c-FIN .R5.R2         0.0101     10062.1166        +INF             .          
c-FIN .R5.R5         0.0102     10239.1596        +INF             .          
c-FIN .R5.R3         0.0089      8898.1702        +INF             .          
c-FIN .R5.R6         0.0029      2914.2332        +INF             .          
c-FIN .R5.R4         0.0029      2888.5333        +INF             .          
c-FIN .R3.R1         0.0372     37208.4791        +INF             .          
c-FIN .R3.R2         0.0094      9355.7268        +INF             .          
c-FIN .R3.R5         0.0095      9520.3408        +INF             .          
c-FIN .R3.R3         0.0083      8273.4928        +INF             .          
c-FIN .R3.R6         0.0027      2709.6455        +INF             .          
c-FIN .R3.R4         0.0027      2685.7499        +INF             .          
c-FIN .R6.R1         0.0090      8952.2176        +INF             .          
c-FIN .R6.R2         0.0023      2250.9521        +INF             .          
c-FIN .R6.R5         0.0023      2290.5576        +INF             .          
c-FIN .R6.R3         0.0020      1990.5707        +INF             .          
c-FIN .R6.R6         0.0007       651.9303        +INF             .          
c-FIN .R6.R4         0.0006       646.1811        +INF             .          
c-FIN .R4.R1         0.0094      9392.7486        +INF             .          
c-FIN .R4.R2         0.0024      2361.7195        +INF             .          
c-FIN .R4.R5         0.0024      2403.2739        +INF             .          
c-FIN .R4.R3         0.0021      2088.5250        +INF             .          
c-FIN .R4.R6         0.0007       684.0113        +INF             .          
c-FIN .R4.R4         0.0007       677.9792        +INF             .          
c-CHEA.R1.R1         0.1638    163774.5160        +INF             .          
c-CHEA.R1.R2         0.0401     40145.4058        +INF             .          
c-CHEA.R1.R5         0.0385     38507.9387        +INF             .          
c-CHEA.R1.R3         0.0434     43422.7622        +INF             .          
c-CHEA.R1.R6         0.0179     17868.0912        +INF             .          
c-CHEA.R1.R4         0.0206     20625.6079        +INF             .          
c-CHEA.R2.R1         0.0398     39760.9469        +INF             .          
c-CHEA.R2.R2         0.0097      9746.4452        +INF             .          
c-CHEA.R2.R5         0.0093      9348.9033        +INF             .          
c-CHEA.R2.R3         0.0105     10542.1172        +INF             .          
c-CHEA.R2.R6         0.0043      4337.9901        +INF             .          
c-CHEA.R2.R4         0.0050      5007.4561        +INF             .          
c-CHEA.R5.R1         0.0384     38440.3585        +INF             .          
c-CHEA.R5.R2         0.0094      9422.7346        +INF             .          
c-CHEA.R5.R5         0.0090      9038.3962        +INF             .          
c-CHEA.R5.R3         0.0102     10191.9797        +INF             .          
c-CHEA.R5.R6         0.0042      4193.9115        +INF             .          
c-CHEA.R5.R4         0.0048      4841.1425        +INF             .          
c-CHEA.R3.R1         0.0434     43409.3145        +INF             .          
c-CHEA.R3.R2         0.0106     10640.7553        +INF             .          
c-CHEA.R3.R5         0.0102     10206.7358        +INF             .          
c-CHEA.R3.R3         0.0115     11509.4362        +INF             .          
c-CHEA.R3.R6         0.0047      4736.0335        +INF             .          
c-CHEA.R3.R4         0.0055      5466.9281        +INF             .          
c-CHEA.R6.R1         0.0180     18017.7659        +INF             .          
c-CHEA.R6.R2         0.0044      4416.6244        +INF             .          
c-CHEA.R6.R5         0.0042      4236.4773        +INF             .          
c-CHEA.R6.R3         0.0048      4777.1850        +INF             .          
c-CHEA.R6.R6         0.0020      1965.7703        +INF             .          
c-CHEA.R6.R4         0.0023      2269.1404        +INF             .          
c-CHEA.R4.R1         0.0208     20845.5155        +INF             .          
c-CHEA.R4.R2         0.0051      5109.7796        +INF             .          
c-CHEA.R4.R5         0.0049      4901.3598        +INF             .          
c-CHEA.R4.R3         0.0055      5526.9274        +INF             .          
c-CHEA.R4.R6         0.0023      2274.2828        +INF             .          
c-CHEA.R4.R4         0.0026      2625.2645        +INF             .          

---- VAR XDDE_dV  

                    LOWER          LEVEL          UPPER         MARGINAL

c-AAGR.R1.R1         0.1025    102546.8827        +INF             .          
c-AAGR.R1.R2         0.0317     31705.7314        +INF             .          
c-AAGR.R1.R5         0.0266     26645.9732        +INF             .          
c-AAGR.R1.R3         0.0320     32046.5998        +INF             .          
c-AAGR.R1.R6         0.0106     10593.3773        +INF             .          
c-AAGR.R1.R4         0.0095      9476.6829        +INF             .          
c-AAGR.R2.R1         0.0398     39821.0040        +INF             .          
c-AAGR.R2.R2         0.0123     12311.9691        +INF             .          
c-AAGR.R2.R5         0.0103     10347.1639        +INF             .          
c-AAGR.R2.R3         0.0124     12444.3351        +INF             .          
c-AAGR.R2.R6         0.0041      4113.6201        +INF             .          
c-AAGR.R2.R4         0.0037      3679.9854        +INF             .          
c-AAGR.R5.R1         0.0272     27210.9194        +INF             .          
c-AAGR.R5.R2         0.0084      8413.1480        +INF             .          
c-AAGR.R5.R5         0.0071      7070.5360        +INF             .          
c-AAGR.R5.R3         0.0085      8503.5978        +INF             .          
c-AAGR.R5.R6         0.0028      2810.9634        +INF             .          
c-AAGR.R5.R4         0.0025      2514.6474        +INF             .          
c-AAGR.R3.R1         0.0443     44339.7734        +INF             .          
c-AAGR.R3.R2         0.0137     13709.0949        +INF             .          
c-AAGR.R3.R5         0.0115     11521.3294        +INF             .          
c-AAGR.R3.R3         0.0139     13856.4814        +INF             .          
c-AAGR.R3.R6         0.0046      4580.4215        +INF             .          
c-AAGR.R3.R4         0.0041      4097.5792        +INF             .          
c-AAGR.R6.R1         0.0108     10809.7461        +INF             .          
c-AAGR.R6.R2         0.0033      3342.1875        +INF             .          
c-AAGR.R6.R5         0.0028      2808.8246        +INF             .          
c-AAGR.R6.R3         0.0034      3378.1193        +INF             .          
c-AAGR.R6.R6         0.0011      1116.6767        +INF             .          
c-AAGR.R6.R4         0.0010       998.9629        +INF             .          
c-AAGR.R4.R1         0.0070      7049.0437        +INF             .          
c-AAGR.R4.R2         0.0022      2179.4430        +INF             .          
c-AAGR.R4.R5         0.0018      1831.6367        +INF             .          
c-AAGR.R4.R3         0.0022      2202.8742        +INF             .          
c-AAGR.R4.R6         0.0007       728.1858        +INF             .          
c-AAGR.R4.R4         0.0007       651.4245        +INF             .          
c-FISH.R1.R1   3.0859263E-5        30.8593        +INF             .          
c-FISH.R1.R2   1.3098985E-5        13.0990        +INF             .          
c-FISH.R1.R5   1.4326160E-5        14.3262        +INF             .          
c-FISH.R1.R3   2.0274454E-5        20.2745        +INF             .          
c-FISH.R1.R6   7.9557979E-6         7.9558        +INF             .          
c-FISH.R1.R4   6.5687366E-6         6.5687        +INF             .          
c-FISH.R2.R1         0.0011      1088.1945        +INF             .          
c-FISH.R2.R2         0.0005       461.9113        +INF             .          
c-FISH.R2.R5         0.0005       505.1854        +INF             .          
c-FISH.R2.R3         0.0007       714.9409        +INF             .          
c-FISH.R2.R6         0.0003       280.5464        +INF             .          
c-FISH.R2.R4         0.0002       231.6343        +INF             .          
c-FISH.R5.R1         0.0044      4364.8136        +INF             .          
c-FISH.R5.R2         0.0019      1852.7542        +INF             .          
c-FISH.R5.R5         0.0020      2026.3290        +INF             .          
c-FISH.R5.R3         0.0029      2867.6710        +INF             .          
c-FISH.R5.R6         0.0011      1125.2886        +INF             .          
c-FISH.R5.R4         0.0009       929.0990        +INF             .          
c-FISH.R3.R1         0.0053      5273.7735        +INF             .          
c-FISH.R3.R2         0.0022      2238.5850        +INF             .          
c-FISH.R3.R5         0.0024      2448.3062        +INF             .          
c-FISH.R3.R3         0.0035      3464.8553        +INF             .          
c-FISH.R3.R6         0.0014      1359.6267        +INF             .          
c-FISH.R3.R4         0.0011      1122.5812        +INF             .          
c-FISH.R6.R1         0.0033      3329.9512        +INF             .          
c-FISH.R6.R2         0.0014      1413.4810        +INF             .          
c-FISH.R6.R5         0.0015      1545.9026        +INF             .          
c-FISH.R6.R3         0.0022      2187.7691        +INF             .          
c-FISH.R6.R6         0.0009       858.4916        +INF             .          
c-FISH.R6.R4         0.0007       708.8171        +INF             .          
c-FISH.R4.R1         0.0031      3050.3692        +INF             .          
c-FISH.R4.R2         0.0013      1294.8054        +INF             .          
c-FISH.R4.R5         0.0014      1416.1090        +INF             .          
c-FISH.R4.R3         0.0020      2004.0845        +INF             .          
c-FISH.R4.R6         0.0008       786.4129        +INF             .          
c-FISH.R4.R4         0.0006       649.3049        +INF             .          
c-COIL.R1.R1         0.0006       577.6224        +INF             .          
c-COIL.R1.R2         0.0002       189.0288        +INF             .          
c-COIL.R1.R5         0.0010       977.6012        +INF             .          
c-COIL.R1.R3         0.0001       105.3777        +INF             .          
c-COIL.R1.R6         0.0001        50.4913        +INF             .          
c-COIL.R1.R4   1.6756799E-5        16.7568        +INF             .          
c-COIL.R2.R1         0.0017      1705.9729        +INF             .          
c-COIL.R2.R2         0.0006       558.2853        +INF             .          
c-COIL.R2.R5         0.0029      2887.2865        +INF             .          
c-COIL.R2.R3         0.0003       311.2267        +INF             .          
c-COIL.R2.R6         0.0001       149.1231        +INF             .          
c-COIL.R2.R4   4.9490199E-5        49.4902        +INF             .          
c-COIL.R5.R1         0.0113     11272.7280        +INF             .          
c-COIL.R5.R2         0.0037      3689.0375        +INF             .          
c-COIL.R5.R5         0.0191     19078.6120        +INF             .          
c-COIL.R5.R3         0.0021      2056.5237        +INF             .          
c-COIL.R5.R6         0.0010       985.3754        +INF             .          
c-COIL.R5.R4         0.0003       327.0213        +INF             .          
c-COIL.R3.R1         0.0002       227.5555        +INF             .          
c-COIL.R3.R2         0.0001        74.4683        +INF             .          
c-COIL.R3.R5         0.0004       385.1280        +INF             .          
c-COIL.R3.R3   4.1513756E-5        41.5138        +INF             .          
c-COIL.R3.R6   1.9891156E-5        19.8912        +INF             .          
c-COIL.R3.R4   6.6013752E-6         6.6014        +INF             .          
c-COIL.R6.R1         0.0001        82.5015        +INF             .          
c-COIL.R6.R2   2.6998900E-5        26.9989        +INF             .          
c-COIL.R6.R5         0.0001       139.6303        +INF             .          
c-COIL.R6.R3   1.5051047E-5        15.0510        +INF             .          
c-COIL.R6.R6   7.2116512E-6         7.2117        +INF             .          
c-COIL.R6.R4   2.3933659E-6         2.3934        +INF             .          
c-COIL.R4.R1         0.0001       119.8722        +INF             .          
c-COIL.R4.R2   3.9228571E-5        39.2286        +INF             .          
c-COIL.R4.R5         0.0002       202.8786        +INF             .          
c-COIL.R4.R3   2.1868708E-5        21.8687        +INF             .          
c-COIL.R4.R6   1.0478307E-5        10.4783        +INF             .          
c-COIL.R4.R4   3.4774870E-6         3.4775        +INF             .          
c-GASE.R1.R1         0.0012      1208.6082        +INF             .          
c-GASE.R1.R2         0.0004       395.5210        +INF             .          
c-GASE.R1.R5         0.0020      2045.5178        +INF             .          
c-GASE.R1.R3         0.0002       220.4907        +INF             .          
c-GASE.R1.R6         0.0001       105.6473        +INF             .          
c-GASE.R1.R4   3.5061669E-5        35.0617        +INF             .          
c-GASE.R2.R1         0.0036      3569.5516        +INF             .          
c-GASE.R2.R2         0.0012      1168.1476        +INF             .          
c-GASE.R2.R5         0.0060      6041.3140        +INF             .          
c-GASE.R2.R3         0.0007       651.2059        +INF             .          
c-GASE.R2.R6         0.0003       312.0228        +INF             .          
c-GASE.R2.R4         0.0001       103.5525        +INF             .          
c-GASE.R5.R1         0.0236     23586.8831        +INF             .          
c-GASE.R5.R2         0.0077      7718.8855        +INF             .          
c-GASE.R5.R5         0.0399     39919.7951        +INF             .          
c-GASE.R5.R3         0.0043      4303.0385        +INF             .          
c-GASE.R5.R6         0.0021      2061.7844        +INF             .          
c-GASE.R5.R4         0.0007       684.2544        +INF             .          
c-GASE.R3.R1         0.0005       476.1337        +INF             .          
c-GASE.R3.R2         0.0002       155.8163        +INF             .          
c-GASE.R3.R5         0.0008       805.8359        +INF             .          
c-GASE.R3.R3         0.0001        86.8627        +INF             .          
c-GASE.R3.R6   4.1619951E-5        41.6200        +INF             .          
c-GASE.R3.R4   1.3812616E-5        13.8126        +INF             .          
c-GASE.R6.R1         0.0002       172.6249        +INF             .          
c-GASE.R6.R2         0.0001        56.4921        +INF             .          
c-GASE.R6.R5         0.0003       292.1604        +INF             .          
c-GASE.R6.R3   3.1492580E-5        31.4926        +INF             .          
c-GASE.R6.R6   1.5089548E-5        15.0895        +INF             .          
c-GASE.R6.R4   5.0078421E-6         5.0078        +INF             .          
c-GASE.R4.R1         0.0003       250.8187        +INF             .          
c-GASE.R4.R2         0.0001        82.0813        +INF             .          
c-GASE.R4.R5         0.0004       424.5000        +INF             .          
c-GASE.R4.R3   4.5757750E-5        45.7577        +INF             .          
c-GASE.R4.R6   2.1924650E-5        21.9246        +INF             .          
c-GASE.R4.R4   7.2762405E-6         7.2762        +INF             .          
c-IMIN.R1.R1         0.0002       150.7989        +INF             .          
c-IMIN.R1.R2   4.9349451E-5        49.3495        +INF             .          
c-IMIN.R1.R5         0.0003       255.2208        +INF             .          
c-IMIN.R1.R3   2.7510784E-5        27.5108        +INF             .          
c-IMIN.R1.R6   1.3181686E-5        13.1817        +INF             .          
c-IMIN.R1.R4   4.3746705E-6         4.3747        +INF             .          
c-IMIN.R2.R1         0.0004       445.3756        +INF             .          
c-IMIN.R2.R2         0.0001       145.7506        +INF             .          
c-IMIN.R2.R5         0.0008       753.7792        +INF             .          
c-IMIN.R2.R3         0.0001        81.2514        +INF             .          
c-IMIN.R2.R6   3.8931318E-5        38.9313        +INF             .          
c-IMIN.R2.R4   1.2920327E-5        12.9203        +INF             .          
c-IMIN.R5.R1         0.0029      2942.9530        +INF             .          
c-IMIN.R5.R2         0.0010       963.0911        +INF             .          
c-IMIN.R5.R5         0.0050      4980.8225        +INF             .          
c-IMIN.R5.R3         0.0005       536.8933        +INF             .          
c-IMIN.R5.R6         0.0003       257.2504        +INF             .          
c-IMIN.R5.R4         0.0001        85.3749        +INF             .          
c-IMIN.R3.R1         0.0001        59.4075        +INF             .          
c-IMIN.R3.R2   1.9441317E-5        19.4413        +INF             .          
c-IMIN.R3.R5         0.0001       100.5447        +INF             .          
c-IMIN.R3.R3   1.0837930E-5        10.8379        +INF             .          
c-IMIN.R3.R6   5.1929522E-6         5.1930        +INF             .          
c-IMIN.R3.R4   1.7234104E-6         1.7234        +INF             .          
c-IMIN.R6.R1   2.1538543E-5        21.5385        +INF             .          
c-IMIN.R6.R2   7.0485594E-6         7.0486        +INF             .          
c-IMIN.R6.R5   3.6453066E-5        36.4531        +INF             .          
c-IMIN.R6.R3   3.9293526E-6         3.9294        +INF             .          
c-IMIN.R6.R6   1.8827342E-6         1.8827        +INF             .          
c-IMIN.R6.R4   6.2483218E-7         0.6248        +INF             .          
c-IMIN.R4.R1   3.1294840E-5        31.2948        +INF             .          
c-IMIN.R4.R2   1.0241340E-5        10.2413        +INF             .          
c-IMIN.R4.R5         0.0001        52.9652        +INF             .          
c-IMIN.R4.R3   5.7092284E-6         5.7092        +INF             .          
c-IMIN.R4.R6   2.7355548E-6         2.7356        +INF             .          
c-IMIN.R4.R4   9.0786194E-7         0.9079        +INF             .          
c-IRES.R1.R1         0.0570     56980.5018        +INF             .          
c-IRES.R1.R2         0.0182     18197.0910        +INF             .          
c-IRES.R1.R5         0.0206     20625.1901        +INF             .          
c-IRES.R1.R3         0.0150     14984.9736        +INF             .          
c-IRES.R1.R6         0.0061      6063.0766        +INF             .          
c-IRES.R1.R4         0.0047      4669.0344        +INF             .          
c-IRES.R2.R1         0.0224     22356.9596        +INF             .          
c-IRES.R2.R2         0.0071      7139.8393        +INF             .          
c-IRES.R2.R5         0.0081      8092.5321        +INF             .          
c-IRES.R2.R3         0.0059      5879.5279        +INF             .          
c-IRES.R2.R6         0.0024      2378.9183        +INF             .          
c-IRES.R2.R4         0.0018      1831.9497        +INF             .          
c-IRES.R5.R1         0.0224     22350.1893        +INF             .          
c-IRES.R5.R2         0.0071      7137.6772        +INF             .          
c-IRES.R5.R5         0.0081      8090.0815        +INF             .          
c-IRES.R5.R3         0.0059      5877.7474        +INF             .          
c-IRES.R5.R6         0.0024      2378.1979        +INF             .          
c-IRES.R5.R4         0.0018      1831.3949        +INF             .          
c-IRES.R3.R1         0.0184     18425.4406        +INF             .          
c-IRES.R3.R2         0.0059      5884.2834        +INF             .          
c-IRES.R3.R5         0.0067      6669.4431        +INF             .          
c-IRES.R3.R3         0.0048      4845.6004        +INF             .          
c-IRES.R3.R6         0.0020      1960.5805        +INF             .          
c-IRES.R3.R4         0.0015      1509.7974        +INF             .          
c-IRES.R6.R1         0.0109     10930.7537        +INF             .          
c-IRES.R6.R2         0.0035      3490.8067        +INF             .          
c-IRES.R6.R5         0.0040      3956.5968        +INF             .          
c-IRES.R6.R3         0.0029      2874.6159        +INF             .          
c-IRES.R6.R6         0.0012      1163.0996        +INF             .          
c-IRES.R6.R4         0.0009       895.6759        +INF             .          
c-IRES.R4.R1         0.0057      5688.8676        +INF             .          
c-IRES.R4.R2         0.0018      1816.7766        +INF             .          
c-IRES.R4.R5         0.0021      2059.1952        +INF             .          
c-IRES.R4.R3         0.0015      1496.0825        +INF             .          
c-IRES.R4.R6         0.0006       605.3306        +INF             .          
c-IRES.R4.R4         0.0005       466.1510        +INF             .          
c-REFP.R1.R1         0.0077      7699.5256        +INF             .          
c-REFP.R1.R2         0.0025      2506.7959        +INF             .          
c-REFP.R1.R5         0.0044      4438.3575        +INF             .          
c-REFP.R1.R3         0.0021      2108.3667        +INF             .          
c-REFP.R1.R6         0.0009       913.7234        +INF             .          
c-REFP.R1.R4         0.0008       778.3457        +INF             .          
c-REFP.R2.R1         0.0007       748.7603        +INF             .          
c-REFP.R2.R2         0.0002       243.7799        +INF             .          
c-REFP.R2.R5         0.0004       431.6196        +INF             .          
c-REFP.R2.R3         0.0002       205.0336        +INF             .          
c-REFP.R2.R6         0.0001        88.8574        +INF             .          
c-REFP.R2.R4         0.0001        75.6922        +INF             .          
c-REFP.R5.R1         0.0056      5601.0443        +INF             .          
c-REFP.R5.R2         0.0018      1823.5766        +INF             .          
c-REFP.R5.R5         0.0032      3228.6972        +INF             .          
c-REFP.R5.R3         0.0015      1533.7380        +INF             .          
c-REFP.R5.R6         0.0007       664.6910        +INF             .          
c-REFP.R5.R4         0.0006       566.2101        +INF             .          
c-REFP.R3.R1         0.0009       889.3285        +INF             .          
c-REFP.R3.R2         0.0003       289.5458        +INF             .          
c-REFP.R3.R5         0.0005       512.6495        +INF             .          
c-REFP.R3.R3         0.0002       243.5255        +INF             .          
c-REFP.R3.R6         0.0001       105.5390        +INF             .          
c-REFP.R3.R4         0.0001        89.9023        +INF             .          
c-REFP.R6.R1         0.0006       567.3835        +INF             .          
c-REFP.R6.R2         0.0002       184.7276        +INF             .          
c-REFP.R6.R5         0.0003       327.0657        +INF             .          
c-REFP.R6.R3         0.0002       155.3670        +INF             .          
c-REFP.R6.R6         0.0001        67.3329        +INF             .          
c-REFP.R6.R4         0.0001        57.3569        +INF             .          
c-REFP.R4.R1   1.5029017E-5        15.0290        +INF             .          
c-REFP.R4.R2   4.8931167E-6         4.8931        +INF             .          
c-REFP.R4.R5   8.6634103E-6         8.6634        +INF             .          
c-REFP.R4.R3   4.1154066E-6         4.1154        +INF             .          
c-REFP.R4.R6   1.7835339E-6         1.7835        +INF             .          
c-REFP.R4.R4   1.5192847E-6         1.5193        +INF             .          
c-REFG.R1.R1         0.0091      9071.3465        +INF             .          
c-REFG.R1.R2         0.0030      2953.4305        +INF             .          
c-REFG.R1.R5         0.0052      5229.1375        +INF             .          
c-REFG.R1.R3         0.0025      2484.0134        +INF             .          
c-REFG.R1.R6         0.0011      1076.5211        +INF             .          
c-REFG.R1.R4         0.0009       917.0232        +INF             .          
c-REFG.R2.R1         0.0009       882.1666        +INF             .          
c-REFG.R2.R2         0.0003       287.2140        +INF             .          
c-REFG.R2.R5         0.0005       508.5210        +INF             .          
c-REFG.R2.R3         0.0002       241.5643        +INF             .          
c-REFG.R2.R6         0.0001       104.6891        +INF             .          
c-REFG.R2.R4         0.0001        89.1783        +INF             .          
c-REFG.R5.R1         0.0066      6598.9797        +INF             .          
c-REFG.R5.R2         0.0021      2148.4824        +INF             .          
c-REFG.R5.R5         0.0038      3803.9527        +INF             .          
c-REFG.R5.R3         0.0018      1807.0034        +INF             .          
c-REFG.R5.R6         0.0008       783.1187        +INF             .          
c-REFG.R5.R4         0.0007       667.0915        +INF             .          
c-REFG.R3.R1         0.0010      1047.7798        +INF             .          
c-REFG.R3.R2         0.0003       341.1340        +INF             .          
c-REFG.R3.R5         0.0006       603.9880        +INF             .          
c-REFG.R3.R3         0.0003       286.9143        +INF             .          
c-REFG.R3.R6         0.0001       124.3428        +INF             .          
c-REFG.R3.R4         0.0001       105.9201        +INF             .          
c-REFG.R6.R1         0.0007       668.4740        +INF             .          
c-REFG.R6.R2         0.0002       217.6404        +INF             .          
c-REFG.R6.R5         0.0004       385.3389        +INF             .          
c-REFG.R6.R3         0.0002       183.0487        +INF             .          
c-REFG.R6.R6         0.0001        79.3296        +INF             .          
c-REFG.R6.R4         0.0001        67.5761        +INF             .          
c-REFG.R4.R1   1.7706730E-5        17.7067        +INF             .          
c-REFG.R4.R2   5.7649210E-6         5.7649        +INF             .          
c-REFG.R4.R5   1.0206966E-5        10.2070        +INF             .          
c-REFG.R4.R3   4.8486467E-6         4.8486        +INF             .          
c-REFG.R4.R6   2.1013053E-6         2.1013        +INF             .          
c-REFG.R4.R4   1.7899749E-6         1.7900        +INF             .          
c-ICHA.R1.R1         0.0144     14361.3963        +INF             .          
c-ICHA.R1.R2         0.0040      3957.1401        +INF             .          
c-ICHA.R1.R5         0.0053      5266.6370        +INF             .          
c-ICHA.R1.R3         0.0038      3783.0369        +INF             .          
c-ICHA.R1.R6         0.0015      1481.1643        +INF             .          
c-ICHA.R1.R4         0.0013      1283.8711        +INF             .          
c-ICHA.R2.R1         0.0022      2156.7428        +INF             .          
c-ICHA.R2.R2         0.0006       594.2691        +INF             .          
c-ICHA.R2.R5         0.0008       790.9246        +INF             .          
c-ICHA.R2.R3         0.0006       568.1229        +INF             .          
c-ICHA.R2.R6         0.0002       222.4359        +INF             .          
c-ICHA.R2.R4         0.0002       192.8071        +INF             .          
c-ICHA.R5.R1         0.0124     12355.8052        +INF             .          
c-ICHA.R5.R2         0.0034      3404.5194        +INF             .          
c-ICHA.R5.R5         0.0045      4531.1431        +INF             .          
c-ICHA.R5.R3         0.0033      3254.7300        +INF             .          
c-ICHA.R5.R6         0.0013      1274.3175        +INF             .          
c-ICHA.R5.R4         0.0011      1104.5765        +INF             .          
c-ICHA.R3.R1         0.0020      1966.5356        +INF             .          
c-ICHA.R3.R2         0.0005       541.8594        +INF             .          
c-ICHA.R3.R5         0.0007       721.1715        +INF             .          
c-ICHA.R3.R3         0.0005       518.0190        +INF             .          
c-ICHA.R3.R6         0.0002       202.8189        +INF             .          
c-ICHA.R3.R4         0.0002       175.8031        +INF             .          
c-ICHA.R6.R1         0.0012      1166.7313        +INF             .          
c-ICHA.R6.R2         0.0003       321.4812        +INF             .          
c-ICHA.R6.R5         0.0004       427.8658        +INF             .          
c-ICHA.R6.R3         0.0003       307.3369        +INF             .          
c-ICHA.R6.R6         0.0001       120.3310        +INF             .          
c-ICHA.R6.R4         0.0001       104.3027        +INF             .          
c-ICHA.R4.R1         0.0001       129.2746        +INF             .          
c-ICHA.R4.R2   3.5620343E-5        35.6203        +INF             .          
c-ICHA.R4.R5   4.7407828E-5        47.4078        +INF             .          
c-ICHA.R4.R3   3.4053147E-5        34.0531        +INF             .          
c-ICHA.R4.R6   1.3332756E-5        13.3328        +INF             .          
c-ICHA.R4.R4   1.1556813E-5        11.5568        +INF             .          
c-BIO .R1.R1         0.0001        94.8452        +INF             .          
c-BIO .R1.R2   2.6592901E-5        26.5929        +INF             .          
c-BIO .R1.R5   4.0334070E-5        40.3341        +INF             .          
c-BIO .R1.R3   2.2918566E-5        22.9186        +INF             .          
c-BIO .R1.R6   8.5909479E-6         8.5909        +INF             .          
c-BIO .R1.R4   6.2507339E-6         6.2507        +INF             .          
c-BIO .R2.R1   1.5842429E-5        15.8424        +INF             .          
c-BIO .R2.R2   4.4419345E-6         4.4419        +INF             .          
c-BIO .R2.R5   6.7371851E-6         6.7372        +INF             .          
c-BIO .R2.R3   3.8281934E-6         3.8282        +INF             .          
c-BIO .R2.R6   1.4349855E-6         1.4350        +INF             .          
c-BIO .R2.R4   1.0440888E-6         1.0441        +INF             .          
c-BIO .R5.R1         0.0001        85.3844        +INF             .          
c-BIO .R5.R2   2.3940264E-5        23.9403        +INF             .          
c-BIO .R5.R5   3.6310754E-5        36.3108        +INF             .          
c-BIO .R5.R3   2.0632443E-5        20.6324        +INF             .          
c-BIO .R5.R6   7.7340024E-6         7.7340        +INF             .          
c-BIO .R5.R4   5.6272244E-6         5.6272        +INF             .          
c-BIO .R3.R1   1.3648610E-5        13.6486        +INF             .          
c-BIO .R3.R2   3.8268268E-6         3.8268        +INF             .          
c-BIO .R3.R5   5.8042370E-6         5.8042        +INF             .          
c-BIO .R3.R3   3.2980750E-6         3.2981        +INF             .          
c-BIO .R3.R6   1.2362724E-6         1.2363        +INF             .          
c-BIO .R3.R4   8.9950607E-7         0.8995        +INF             .          
c-BIO .R6.R1   7.9448831E-6         7.9449        +INF             .          
c-BIO .R6.R2   2.2276035E-6         2.2276        +INF             .          
c-BIO .R6.R5   3.3786580E-6         3.3787        +INF             .          
c-BIO .R6.R3   1.9198161E-6         1.9198        +INF             .          
c-BIO .R6.R6   7.1963663E-7         0.7196        +INF             .          
c-BIO .R6.R4   5.2360428E-7         0.5236        +INF             .          
c-BIO .R4.R1   1.0724372E-6         1.0724        +INF             .          
c-BIO .R4.R2   3.0069226E-7         0.3007        +INF             .          
c-BIO .R4.R5   4.5606693E-7         0.4561        +INF             .          
c-BIO .R4.R3   2.5914568E-7         0.2591        +INF             .          
c-BIO .R4.R6   9.7139891E-8         0.0971        +INF             .          
c-BIO .R4.R4   7.0678535E-8         0.0707        +INF             .          
c-IMEA.R1.R1         0.0104     10353.0461        +INF             .          
c-IMEA.R1.R2         0.0051      5072.1266        +INF             .          
c-IMEA.R1.R5         0.0048      4830.9040        +INF             .          
c-IMEA.R1.R3         0.0033      3344.2646        +INF             .          
c-IMEA.R1.R6         0.0015      1543.9869        +INF             .          
c-IMEA.R1.R4         0.0009       857.6337        +INF             .          
c-IMEA.R2.R1         0.0078      7751.0533        +INF             .          
c-IMEA.R2.R2         0.0038      3797.3678        +INF             .          
c-IMEA.R2.R5         0.0036      3616.7708        +INF             .          
c-IMEA.R2.R3         0.0025      2503.7630        +INF             .          
c-IMEA.R2.R6         0.0012      1155.9424        +INF             .          
c-IMEA.R2.R4         0.0006       642.0878        +INF             .          
c-IMEA.R5.R1         0.0056      5577.6616        +INF             .          
c-IMEA.R5.R2         0.0027      2732.5877        +INF             .          
c-IMEA.R5.R5         0.0026      2602.6300        +INF             .          
c-IMEA.R5.R3         0.0018      1801.7090        +INF             .          
c-IMEA.R5.R6         0.0008       831.8167        +INF             .          
c-IMEA.R5.R4         0.0005       462.0467        +INF             .          
c-IMEA.R3.R1         0.0041      4145.3207        +INF             .          
c-IMEA.R3.R2         0.0020      2030.8604        +INF             .          
c-IMEA.R3.R5         0.0019      1934.2758        +INF             .          
c-IMEA.R3.R3         0.0013      1339.0310        +INF             .          
c-IMEA.R3.R6         0.0006       618.2066        +INF             .          
c-IMEA.R3.R4         0.0003       343.3933        +INF             .          
c-IMEA.R6.R1         0.0026      2612.9406        +INF             .          
c-IMEA.R6.R2         0.0013      1280.1223        +INF             .          
c-IMEA.R6.R5         0.0012      1219.2417        +INF             .          
c-IMEA.R6.R3         0.0008       844.0380        +INF             .          
c-IMEA.R6.R6         0.0004       389.6772        +INF             .          
c-IMEA.R6.R4         0.0002       216.4528        +INF             .          
c-IMEA.R4.R1         0.0010       983.7756        +INF             .          
c-IMEA.R4.R2         0.0005       481.9678        +INF             .          
c-IMEA.R4.R5         0.0005       459.0461        +INF             .          
c-IMEA.R4.R3         0.0003       317.7815        +INF             .          
c-IMEA.R4.R6         0.0001       146.7140        +INF             .          
c-IMEA.R4.R4         0.0001        81.4948        +INF             .          
c-COMT.R1.R1         0.0935     93451.7261        +INF             .          
c-COMT.R1.R2         0.0203     20298.8104        +INF             .          
c-COMT.R1.R5         0.0196     19570.9696        +INF             .          
c-COMT.R1.R3         0.0177     17726.0893        +INF             .          
c-COMT.R1.R6         0.0057      5712.6645        +INF             .          
c-COMT.R1.R4         0.0055      5541.8258        +INF             .          
c-COMT.R2.R1         0.0162     16179.0210        +INF             .          
c-COMT.R2.R2         0.0035      3514.2730        +INF             .          
c-COMT.R2.R5         0.0034      3388.2641        +INF             .          
c-COMT.R2.R3         0.0031      3068.8654        +INF             .          
c-COMT.R2.R6         0.0010       989.0167        +INF             .          
c-COMT.R2.R4         0.0010       959.4399        +INF             .          
c-COMT.R5.R1         0.0134     13355.6030        +INF             .          
c-COMT.R5.R2         0.0029      2900.9935        +INF             .          
c-COMT.R5.R5         0.0028      2796.9746        +INF             .          
c-COMT.R5.R3         0.0025      2533.3145        +INF             .          
c-COMT.R5.R6         0.0008       816.4224        +INF             .          
c-COMT.R5.R4         0.0008       792.0070        +INF             .          
c-COMT.R3.R1         0.0135     13549.9082        +INF             .          
c-COMT.R3.R2         0.0029      2943.1989        +INF             .          
c-COMT.R3.R5         0.0028      2837.6666        +INF             .          
c-COMT.R3.R3         0.0026      2570.1707        +INF             .          
c-COMT.R3.R6         0.0008       828.3002        +INF             .          
c-COMT.R3.R4         0.0008       803.5296        +INF             .          
c-COMT.R6.R1         0.0038      3812.1257        +INF             .          
c-COMT.R6.R2         0.0008       828.0384        +INF             .          
c-COMT.R6.R5         0.0008       798.3480        +INF             .          
c-COMT.R6.R3         0.0007       723.0908        +INF             .          
c-COMT.R6.R6         0.0002       233.0336        +INF             .          
c-COMT.R6.R4         0.0002       226.0647        +INF             .          
c-COMT.R4.R1         0.0033      3251.3256        +INF             .          
c-COMT.R4.R2         0.0007       706.2260        +INF             .          
c-COMT.R4.R5         0.0007       680.9034        +INF             .          
c-COMT.R4.R3         0.0006       616.7172        +INF             .          
c-COMT.R4.R6         0.0002       198.7522        +INF             .          
c-COMT.R4.R4         0.0002       192.8084        +INF             .          
c-MVT .R1.R1         0.0420     42002.7550        +INF             .          
c-MVT .R1.R2         0.0159     15870.1539        +INF             .          
c-MVT .R1.R5         0.0161     16087.2911        +INF             .          
c-MVT .R1.R3         0.0130     13045.5994        +INF             .          
c-MVT .R1.R6         0.0031      3137.2976        +INF             .          
c-MVT .R1.R4         0.0033      3315.4407        +INF             .          
c-MVT .R2.R1         0.0245     24534.9360        +INF             .          
c-MVT .R2.R2         0.0093      9270.1826        +INF             .          
c-MVT .R2.R5         0.0094      9397.0183        +INF             .          
c-MVT .R2.R3         0.0076      7620.2846        +INF             .          
c-MVT .R2.R6         0.0018      1832.5797        +INF             .          
c-MVT .R2.R4         0.0019      1936.6379        +INF             .          
c-MVT .R5.R1         0.0228     22843.8459        +INF             .          
c-MVT .R5.R2         0.0086      8631.2279        +INF             .          
c-MVT .R5.R5         0.0087      8749.3213        +INF             .          
c-MVT .R5.R3         0.0071      7095.0504        +INF             .          
c-MVT .R5.R6         0.0017      1706.2677        +INF             .          
c-MVT .R5.R4         0.0018      1803.1536        +INF             .          
c-MVT .R3.R1         0.0185     18539.0952        +INF             .          
c-MVT .R3.R2         0.0070      7004.7380        +INF             .          
c-MVT .R3.R5         0.0071      7100.5776        +INF             .          
c-MVT .R3.R3         0.0058      5758.0416        +INF             .          
c-MVT .R3.R6         0.0014      1384.7344        +INF             .          
c-MVT .R3.R4         0.0015      1463.3628        +INF             .          
c-MVT .R6.R1         0.0022      2194.9698        +INF             .          
c-MVT .R6.R2         0.0008       829.3387        +INF             .          
c-MVT .R6.R5         0.0008       840.6858        +INF             .          
c-MVT .R6.R3         0.0007       681.7338        +INF             .          
c-MVT .R6.R6         0.0002       163.9481        +INF             .          
c-MVT .R6.R4         0.0002       173.2575        +INF             .          
c-MVT .R4.R1         0.0024      2373.7201        +INF             .          
c-MVT .R4.R2         0.0009       896.8770        +INF             .          
c-MVT .R4.R5         0.0009       909.1481        +INF             .          
c-MVT .R4.R3         0.0007       737.2517        +INF             .          
c-MVT .R4.R6         0.0002       177.2995        +INF             .          
c-MVT .R4.R4         0.0002       187.3670        +INF             .          
c-CWSR.R1.R1         0.1132    113182.6198        +INF             .          
c-CWSR.R1.R2         0.0401     40148.9057        +INF             .          
c-CWSR.R1.R5         0.0687     68732.3276        +INF             .          
c-CWSR.R1.R3         0.0354     35383.7466        +INF             .          
c-CWSR.R1.R6         0.0142     14161.9579        +INF             .          
c-CWSR.R1.R4         0.0115     11544.9513        +INF             .          
c-CWSR.R2.R1         0.0247     24714.4289        +INF             .          
c-CWSR.R2.R2         0.0088      8766.8697        +INF             .          
c-CWSR.R2.R5         0.0150     15008.3134        +INF             .          
c-CWSR.R2.R3         0.0077      7726.3549        +INF             .          
c-CWSR.R2.R6         0.0031      3092.3891        +INF             .          
c-CWSR.R2.R4         0.0025      2520.9425        +INF             .          
c-CWSR.R5.R1         0.0234     23392.2082        +INF             .          
c-CWSR.R5.R2         0.0083      8297.8426        +INF             .          
c-CWSR.R5.R5         0.0142     14205.3693        +INF             .          
c-CWSR.R5.R3         0.0073      7312.9953        +INF             .          
c-CWSR.R5.R6         0.0029      2926.9465        +INF             .          
c-CWSR.R5.R4         0.0024      2386.0722        +INF             .          
c-CWSR.R3.R1         0.0213     21300.0184        +INF             .          
c-CWSR.R3.R2         0.0076      7555.6868        +INF             .          
c-CWSR.R3.R5         0.0129     12934.8468        +INF             .          
c-CWSR.R3.R3         0.0067      6658.9239        +INF             .          
c-CWSR.R3.R6         0.0027      2665.1615        +INF             .          
c-CWSR.R3.R4         0.0022      2172.6629        +INF             .          
c-CWSR.R6.R1         0.0069      6862.8314        +INF             .          
c-CWSR.R6.R2         0.0024      2434.4301        +INF             .          
c-CWSR.R6.R5         0.0042      4167.5867        +INF             .          
c-CWSR.R6.R3         0.0021      2145.4945        +INF             .          
c-CWSR.R6.R6         0.0009       858.7107        +INF             .          
c-CWSR.R6.R4         0.0007       700.0285        +INF             .          
c-CWSR.R4.R1         0.0061      6072.8499        +INF             .          
c-CWSR.R4.R2         0.0022      2154.2025        +INF             .          
c-CWSR.R4.R5         0.0037      3687.8552        +INF             .          
c-CWSR.R4.R3         0.0019      1898.5263        +INF             .          
c-CWSR.R4.R6         0.0008       759.8644        +INF             .          
c-CWSR.R4.R4         0.0006       619.4481        +INF             .          
c-POWF.R1.R1         0.0002       237.8295        +INF             .          
c-POWF.R1.R2         0.0001        67.9470        +INF             .          
c-POWF.R1.R5         0.0001        79.1845        +INF             .          
c-POWF.R1.R3         0.0001        60.1016        +INF             .          
c-POWF.R1.R6   2.2802416E-5        22.8024        +INF             .          
c-POWF.R1.R4   1.9473035E-5        19.4730        +INF             .          
c-POWF.R2.R1         0.0001       108.9379        +INF             .          
c-POWF.R2.R2   3.1123152E-5        31.1232        +INF             .          
c-POWF.R2.R5   3.6270512E-5        36.2705        +INF             .          
c-POWF.R2.R3   2.7529593E-5        27.5296        +INF             .          
c-POWF.R2.R6   1.0444659E-5        10.4447        +INF             .          
c-POWF.R2.R4   8.9196346E-6         8.9196        +INF             .          
c-POWF.R5.R1         0.0001       134.3919        +INF             .          
c-POWF.R5.R2   3.8395258E-5        38.3953        +INF             .          
c-POWF.R5.R5   4.4745329E-5        44.7453        +INF             .          
c-POWF.R5.R3   3.3962043E-5        33.9620        +INF             .          
c-POWF.R5.R6   1.2885115E-5        12.8851        +INF             .          
c-POWF.R5.R4   1.1003759E-5        11.0038        +INF             .          
c-POWF.R3.R1         0.0001        96.3776        +INF             .          
c-POWF.R3.R2   2.7534719E-5        27.5347        +INF             .          
c-POWF.R3.R5   3.2088600E-5        32.0886        +INF             .          
c-POWF.R3.R3   2.4355490E-5        24.3555        +INF             .          
c-POWF.R3.R6   9.2404123E-6         9.2404        +INF             .          
c-POWF.R3.R4   7.8912197E-6         7.8912        +INF             .          
c-POWF.R6.R1         0.0001        75.2862        +INF             .          
c-POWF.R6.R2   2.1508967E-5        21.5090        +INF             .          
c-POWF.R6.R5   2.5066268E-5        25.0663        +INF             .          
c-POWF.R6.R3   1.9025487E-5        19.0255        +INF             .          
c-POWF.R6.R6   7.2182225E-6         7.2182        +INF             .          
c-POWF.R6.R4   6.1642899E-6         6.1643        +INF             .          
c-POWF.R4.R1   3.3670592E-5        33.6706        +INF             .          
c-POWF.R4.R2   9.6195599E-6         9.6196        +INF             .          
c-POWF.R4.R5   1.1210509E-5        11.2105        +INF             .          
c-POWF.R4.R3   8.5088610E-6         8.5089        +INF             .          
c-POWF.R4.R6   3.2282407E-6         3.2282        +INF             .          
c-POWF.R4.R4   2.7568853E-6         2.7569        +INF             .          
c-POWR.R1.R1         0.0052      5248.4641        +INF             .          
c-POWR.R1.R2         0.0015      1499.4662        +INF             .          
c-POWR.R1.R5         0.0017      1747.4616        +INF             .          
c-POWR.R1.R3         0.0013      1326.3340        +INF             .          
c-POWR.R1.R6         0.0005       503.2078        +INF             .          
c-POWR.R1.R4         0.0004       429.7344        +INF             .          
c-POWR.R2.R1         0.0024      2404.0596        +INF             .          
c-POWR.R2.R2         0.0007       686.8307        +INF             .          
c-POWR.R2.R5         0.0008       800.4250        +INF             .          
c-POWR.R2.R3         0.0006       607.5275        +INF             .          
c-POWR.R2.R6         0.0002       230.4944        +INF             .          
c-POWR.R2.R4         0.0002       196.8399        +INF             .          
c-POWR.R5.R1         0.0030      2980.9661        +INF             .          
c-POWR.R5.R2         0.0009       851.6507        +INF             .          
c-POWR.R5.R5         0.0010       992.5044        +INF             .          
c-POWR.R5.R3         0.0008       753.3169        +INF             .          
c-POWR.R5.R6         0.0003       285.8066        +INF             .          
c-POWR.R5.R4         0.0002       244.0759        +INF             .          
c-POWR.R3.R1         0.0021      2126.8759        +INF             .          
c-POWR.R3.R2         0.0006       607.6404        +INF             .          
c-POWR.R3.R5         0.0007       708.1375        +INF             .          
c-POWR.R3.R3         0.0005       537.4806        +INF             .          
c-POWR.R3.R6         0.0002       203.9188        +INF             .          
c-POWR.R3.R4         0.0002       174.1446        +INF             .          
c-POWR.R6.R1         0.0017      1661.4243        +INF             .          
c-POWR.R6.R2         0.0005       474.6626        +INF             .          
c-POWR.R6.R5         0.0006       553.1666        +INF             .          
c-POWR.R6.R3         0.0004       419.8568        +INF             .          
c-POWR.R6.R6         0.0002       159.2926        +INF             .          
c-POWR.R6.R4         0.0001       136.0343        +INF             .          
c-POWR.R4.R1         0.0007       743.0474        +INF             .          
c-POWR.R4.R2         0.0002       212.2858        +INF             .          
c-POWR.R4.R5         0.0002       247.3956        +INF             .          
c-POWR.R4.R3         0.0002       187.7747        +INF             .          
c-POWR.R4.R6         0.0001        71.2413        +INF             .          
c-POWR.R4.R4         0.0001        60.8393        +INF             .          
c-POWT.R1.R1         0.0113     11252.2432        +INF             .          
c-POWT.R1.R2         0.0032      3214.7230        +INF             .          
c-POWT.R1.R5         0.0037      3746.4032        +INF             .          
c-POWT.R1.R3         0.0028      2843.5429        +INF             .          
c-POWT.R1.R6         0.0011      1078.8331        +INF             .          
c-POWT.R1.R4         0.0009       921.3127        +INF             .          
c-POWT.R2.R1         0.0052      5154.0914        +INF             .          
c-POWT.R2.R2         0.0015      1472.5043        +INF             .          
c-POWT.R2.R5         0.0017      1716.0405        +INF             .          
c-POWT.R2.R3         0.0013      1302.4852        +INF             .          
c-POWT.R2.R6         0.0005       494.1596        +INF             .          
c-POWT.R2.R4         0.0004       422.0074        +INF             .          
c-POWT.R5.R1         0.0064      6390.9278        +INF             .          
c-POWT.R5.R2         0.0018      1825.8637        +INF             .          
c-POWT.R5.R5         0.0021      2127.8417        +INF             .          
c-POWT.R5.R3         0.0016      1615.0449        +INF             .          
c-POWT.R5.R6         0.0006       612.7440        +INF             .          
c-POWT.R5.R4         0.0005       523.2772        +INF             .          
c-POWT.R3.R1         0.0046      4559.8341        +INF             .          
c-POWT.R3.R2         0.0013      1302.7272        +INF             .          
c-POWT.R3.R5         0.0015      1518.1841        +INF             .          
c-POWT.R3.R3         0.0012      1152.3110        +INF             .          
c-POWT.R3.R6         0.0004       437.1839        +INF             .          
c-POWT.R3.R4         0.0004       373.3507        +INF             .          
c-POWT.R6.R1         0.0036      3561.9470        +INF             .          
c-POWT.R6.R2         0.0010      1017.6347        +INF             .          
c-POWT.R6.R5         0.0012      1185.9404        +INF             .          
c-POWT.R6.R3         0.0009       900.1360        +INF             .          
c-POWT.R6.R6         0.0003       341.5094        +INF             .          
c-POWT.R6.R4         0.0003       291.6456        +INF             .          
c-POWT.R4.R1         0.0016      1593.0279        +INF             .          
c-POWT.R4.R2         0.0005       455.1220        +INF             .          
c-POWT.R4.R5         0.0005       530.3942        +INF             .          
c-POWT.R4.R3         0.0004       402.5724        +INF             .          
c-POWT.R4.R6         0.0002       152.7350        +INF             .          
c-POWT.R4.R4         0.0001       130.4341        +INF             .          
c-NG  .R1.R1         0.0002       187.3059        +INF             .          
c-NG  .R1.R2         0.0001        53.5126        +INF             .          
c-NG  .R1.R5         0.0001        62.3630        +INF             .          
c-NG  .R1.R3   4.7333894E-5        47.3339        +INF             .          
c-NG  .R1.R6   1.7958362E-5        17.9584        +INF             .          
c-NG  .R1.R4   1.5336261E-5        15.3363        +INF             .          
c-NG  .R2.R1         0.0001        85.7955        +INF             .          
c-NG  .R2.R2   2.4511451E-5        24.5115        +INF             .          
c-NG  .R2.R5   2.8565378E-5        28.5654        +INF             .          
c-NG  .R2.R3   2.1681296E-5        21.6813        +INF             .          
c-NG  .R2.R6   8.2258299E-6         8.2258        +INF             .          
c-NG  .R2.R4   7.0247762E-6         7.0248        +INF             .          
c-NG  .R5.R1         0.0001       106.3840        +INF             .          
c-NG  .R5.R2   3.0393507E-5        30.3935        +INF             .          
c-NG  .R5.R5   3.5420262E-5        35.4203        +INF             .          
c-NG  .R5.R3   2.6884195E-5        26.8842        +INF             .          
c-NG  .R5.R6   1.0199797E-5        10.1998        +INF             .          
c-NG  .R5.R4   8.7105242E-6         8.7105        +INF             .          
c-NG  .R3.R1         0.0001        75.9034        +INF             .          
c-NG  .R3.R2   2.1685325E-5        21.6853        +INF             .          
c-NG  .R3.R5   2.5271842E-5        25.2718        +INF             .          
c-NG  .R3.R3   1.9181482E-5        19.1815        +INF             .          
c-NG  .R3.R6   7.2774068E-6         7.2774        +INF             .          
c-NG  .R3.R4   6.2148323E-6         6.2148        +INF             .          
c-NG  .R6.R1         0.0001        59.2925        +INF             .          
c-NG  .R6.R2   1.6939647E-5        16.9396        +INF             .          
c-NG  .R6.R5   1.9741280E-5        19.7413        +INF             .          
c-NG  .R6.R3   1.4983752E-5        14.9838        +INF             .          
c-NG  .R6.R6   5.6847983E-6         5.6848        +INF             .          
c-NG  .R6.R4   4.8547607E-6         4.8548        +INF             .          
c-NG  .R4.R1   2.6517698E-5        26.5177        +INF             .          
c-NG  .R4.R2   7.5760054E-6         7.5760        +INF             .          
c-NG  .R4.R5   8.8289942E-6         8.8290        +INF             .          
c-NG  .R4.R3   6.7012604E-6         6.7013        +INF             .          
c-NG  .R4.R6   2.5424416E-6         2.5424        +INF             .          
c-NG  .R4.R4   2.1712196E-6         2.1712        +INF             .          
c-LTH .R1.R1         0.0028      2845.2467        +INF             .          
c-LTH .R1.R2         0.0008       763.1879        +INF             .          
c-LTH .R1.R5         0.0007       698.5057        +INF             .          
c-LTH .R1.R3         0.0007       695.4948        +INF             .          
c-LTH .R1.R6         0.0002       248.1120        +INF             .          
c-LTH .R1.R4         0.0002       242.2975        +INF             .          
c-LTH .R2.R1         0.0010       980.0750        +INF             .          
c-LTH .R2.R2         0.0003       262.8881        +INF             .          
c-LTH .R2.R5         0.0002       240.6076        +INF             .          
c-LTH .R2.R3         0.0002       239.5705        +INF             .          
c-LTH .R2.R6         0.0001        85.4648        +INF             .          
c-LTH .R2.R4         0.0001        83.4619        +INF             .          
c-LTH .R5.R1         0.0011      1091.6633        +INF             .          
c-LTH .R5.R2         0.0003       292.8197        +INF             .          
c-LTH .R5.R5         0.0003       268.0025        +INF             .          
c-LTH .R5.R3         0.0003       266.8472        +INF             .          
c-LTH .R5.R6         0.0001        95.1955        +INF             .          
c-LTH .R5.R4         0.0001        92.9646        +INF             .          
c-LTH .R3.R1         0.0009       873.4813        +INF             .          
c-LTH .R3.R2         0.0002       234.2961        +INF             .          
c-LTH .R3.R5         0.0002       214.4389        +INF             .          
c-LTH .R3.R3         0.0002       213.5146        +INF             .          
c-LTH .R3.R6         0.0001        76.1696        +INF             .          
c-LTH .R3.R4         0.0001        74.3845        +INF             .          
c-LTH .R6.R1         0.0006       550.2652        +INF             .          
c-LTH .R6.R2         0.0001       147.5991        +INF             .          
c-LTH .R6.R5         0.0001       135.0896        +INF             .          
c-LTH .R6.R3         0.0001       134.5073        +INF             .          
c-LTH .R6.R6   4.7984381E-5        47.9844        +INF             .          
c-LTH .R6.R4   4.6859868E-5        46.8599        +INF             .          
c-LTH .R4.R1         0.0003       332.7546        +INF             .          
c-LTH .R4.R2         0.0001        89.2556        +INF             .          
c-LTH .R4.R5         0.0001        81.6910        +INF             .          
c-LTH .R4.R3         0.0001        81.3388        +INF             .          
c-LTH .R4.R6   2.9016958E-5        29.0170        +INF             .          
c-LTH .R4.R4   2.8336947E-5        28.3369        +INF             .          
c-CCON.R1.R1         0.1863    186259.3838        +INF             .          
c-CCON.R1.R2         0.0583     58298.4610        +INF             .          
c-CCON.R1.R5         0.0410     40989.5312        +INF             .          
c-CCON.R1.R3         0.0445     44544.5309        +INF             .          
c-CCON.R1.R6         0.0142     14207.4086        +INF             .          
c-CCON.R1.R4         0.0132     13187.4257        +INF             .          
c-CCON.R2.R1         0.0626     62649.2627        +INF             .          
c-CCON.R2.R2         0.0196     19608.9750        +INF             .          
c-CCON.R2.R5         0.0138     13787.0310        +INF             .          
c-CCON.R2.R3         0.0150     14982.7727        +INF             .          
c-CCON.R2.R6         0.0048      4778.7320        +INF             .          
c-CCON.R2.R4         0.0044      4435.6557        +INF             .          
c-CCON.R5.R1         0.0418     41844.3779        +INF             .          
c-CCON.R5.R2         0.0131     13097.1272        +INF             .          
c-CCON.R5.R5         0.0092      9208.5639        +INF             .          
c-CCON.R5.R3         0.0100     10007.2176        +INF             .          
c-CCON.R5.R6         0.0032      3191.7864        +INF             .          
c-CCON.R5.R4         0.0030      2962.6407        +INF             .          
c-CCON.R3.R1         0.0462     46249.7625        +INF             .          
c-CCON.R3.R2         0.0145     14475.9953        +INF             .          
c-CCON.R3.R5         0.0102     10178.0433        +INF             .          
c-CCON.R3.R3         0.0111     11060.7795        +INF             .          
c-CCON.R3.R6         0.0035      3527.8183        +INF             .          
c-CCON.R3.R4         0.0033      3274.5481        +INF             .          
c-CCON.R6.R1         0.0147     14732.2728        +INF             .          
c-CCON.R6.R2         0.0046      4611.1440        +INF             .          
c-CCON.R6.R5         0.0032      3242.0861        +INF             .          
c-CCON.R6.R3         0.0035      3523.2704        +INF             .          
c-CCON.R6.R6         0.0011      1123.7416        +INF             .          
c-CCON.R6.R4         0.0010      1043.0656        +INF             .          
c-CCON.R4.R1         0.0133     13296.3774        +INF             .          
c-CCON.R4.R2         0.0042      4161.7143        +INF             .          
c-CCON.R4.R5         0.0029      2926.0930        +INF             .          
c-CCON.R4.R3         0.0032      3179.8714        +INF             .          
c-CCON.R4.R6         0.0010      1014.2150        +INF             .          
c-CCON.R4.R4         0.0009       941.4022        +INF             .          
c-TRAI.R1.R1         0.0011      1084.4920        +INF             .          
c-TRAI.R1.R2         0.0003       266.1863        +INF             .          
c-TRAI.R1.R5         0.0003       322.0484        +INF             .          
c-TRAI.R1.R3         0.0002       238.5792        +INF             .          
c-TRAI.R1.R6         0.0001        80.7952        +INF             .          
c-TRAI.R1.R4         0.0001        80.1366        +INF             .          
c-TRAI.R2.R1         0.0005       473.2129        +INF             .          
c-TRAI.R2.R2         0.0001       116.1491        +INF             .          
c-TRAI.R2.R5         0.0001       140.5243        +INF             .          
c-TRAI.R2.R3         0.0001       104.1029        +INF             .          
c-TRAI.R2.R6   3.5254587E-5        35.2546        +INF             .          
c-TRAI.R2.R4   3.4967241E-5        34.9672        +INF             .          
c-TRAI.R5.R1         0.0056      5630.7186        +INF             .          
c-TRAI.R5.R2         0.0014      1382.0480        +INF             .          
c-TRAI.R5.R5         0.0017      1672.0863        +INF             .          
c-TRAI.R5.R3         0.0012      1238.7112        +INF             .          
c-TRAI.R5.R6         0.0004       419.4913        +INF             .          
c-TRAI.R5.R4         0.0004       416.0722        +INF             .          
c-TRAI.R3.R1         0.0003       282.4452        +INF             .          
c-TRAI.R3.R2         0.0001        69.3256        +INF             .          
c-TRAI.R3.R5         0.0001        83.8743        +INF             .          
c-TRAI.R3.R3         0.0001        62.1356        +INF             .          
c-TRAI.R3.R6   2.1042302E-5        21.0423        +INF             .          
c-TRAI.R3.R4   2.0870795E-5        20.8708        +INF             .          
c-TRAI.R6.R1         0.0001        93.5307        +INF             .          
c-TRAI.R6.R2   2.2956905E-5        22.9569        +INF             .          
c-TRAI.R6.R5   2.7774670E-5        27.7747        +INF             .          
c-TRAI.R6.R3   2.0575968E-5        20.5760        +INF             .          
c-TRAI.R6.R6   6.9680801E-6         6.9681        +INF             .          
c-TRAI.R6.R4   6.9112860E-6         6.9113        +INF             .          
c-TRAI.R4.R1         0.0001       106.8695        +INF             .          
c-TRAI.R4.R2   2.6230903E-5        26.2309        +INF             .          
c-TRAI.R4.R5   3.1735753E-5        31.7358        +INF             .          
c-TRAI.R4.R3   2.3510408E-5        23.5104        +INF             .          
c-TRAI.R4.R6   7.9618326E-6         7.9618        +INF             .          
c-TRAI.R4.R4   7.8969388E-6         7.8969        +INF             .          
c-TPIP.R1.R1         0.0009       942.8036        +INF             .          
c-TPIP.R1.R2         0.0002       231.4092        +INF             .          
c-TPIP.R1.R5         0.0003       279.9730        +INF             .          
c-TPIP.R1.R3         0.0002       207.4089        +INF             .          
c-TPIP.R1.R6         0.0001        70.2393        +INF             .          
c-TPIP.R1.R4         0.0001        69.6668        +INF             .          
c-TPIP.R2.R1         0.0004       411.3878        +INF             .          
c-TPIP.R2.R2         0.0001       100.9743        +INF             .          
c-TPIP.R2.R5         0.0001       122.1649        +INF             .          
c-TPIP.R2.R3         0.0001        90.5019        +INF             .          
c-TPIP.R2.R6   3.0648593E-5        30.6486        +INF             .          
c-TPIP.R2.R4   3.0398789E-5        30.3988        +INF             .          
c-TPIP.R5.R1         0.0049      4895.0681        +INF             .          
c-TPIP.R5.R2         0.0012      1201.4842        +INF             .          
c-TPIP.R5.R5         0.0015      1453.6291        +INF             .          
c-TPIP.R5.R3         0.0011      1076.8742        +INF             .          
c-TPIP.R5.R6         0.0004       364.6849        +INF             .          
c-TPIP.R5.R4         0.0004       361.7125        +INF             .          
c-TPIP.R3.R1         0.0002       245.5439        +INF             .          
c-TPIP.R3.R2         0.0001        60.2682        +INF             .          
c-TPIP.R3.R5         0.0001        72.9162        +INF             .          
c-TPIP.R3.R3         0.0001        54.0176        +INF             .          
c-TPIP.R3.R6   1.8293136E-5        18.2931        +INF             .          
c-TPIP.R3.R4   1.8144036E-5        18.1440        +INF             .          
c-TPIP.R6.R1         0.0001        81.3109        +INF             .          
c-TPIP.R6.R2   1.9957597E-5        19.9576        +INF             .          
c-TPIP.R6.R5   2.4145923E-5        24.1459        +INF             .          
c-TPIP.R6.R3   1.7887728E-5        17.8877        +INF             .          
c-TPIP.R6.R6   6.0577040E-6         6.0577        +INF             .          
c-TPIP.R6.R4   6.0083300E-6         6.0083        +INF             .          
c-TPIP.R4.R1         0.0001        92.9071        +INF             .          
c-TPIP.R4.R2   2.2803849E-5        22.8038        +INF             .          
c-TPIP.R4.R5   2.7589493E-5        27.5895        +INF             .          
c-TPIP.R4.R3   2.0438786E-5        20.4388        +INF             .          
c-TPIP.R4.R6   6.9216232E-6         6.9216        +INF             .          
c-TPIP.R4.R4   6.8652078E-6         6.8652        +INF             .          
c-TLNL.R1.R1         0.0008       823.4363        +INF             .          
c-TLNL.R1.R2         0.0002       202.1107        +INF             .          
c-TLNL.R1.R5         0.0002       244.5259        +INF             .          
c-TLNL.R1.R3         0.0002       181.1491        +INF             .          
c-TLNL.R1.R6         0.0001        61.3464        +INF             .          
c-TLNL.R1.R4         0.0001        60.8464        +INF             .          
c-TLNL.R2.R1         0.0004       359.3025        +INF             .          
c-TLNL.R2.R2         0.0001        88.1900        +INF             .          
c-TLNL.R2.R5         0.0001       106.6977        +INF             .          
c-TLNL.R2.R3         0.0001        79.0436        +INF             .          
c-TLNL.R2.R6   2.6768210E-5        26.7682        +INF             .          
c-TLNL.R2.R4   2.6550032E-5        26.5500        +INF             .          
c-TLNL.R5.R1         0.0043      4275.3091        +INF             .          
c-TLNL.R5.R2         0.0010      1049.3656        +INF             .          
c-TLNL.R5.R5         0.0013      1269.5868        +INF             .          
c-TLNL.R5.R3         0.0009       940.5324        +INF             .          
c-TLNL.R5.R6         0.0003       318.5126        +INF             .          
c-TLNL.R5.R4         0.0003       315.9165        +INF             .          
c-TLNL.R3.R1         0.0002       214.4558        +INF             .          
c-TLNL.R3.R2         0.0001        52.6377        +INF             .          
c-TLNL.R3.R5         0.0001        63.6844        +INF             .          
c-TLNL.R3.R3   4.7178495E-5        47.1785        +INF             .          
c-TLNL.R3.R6   1.5977063E-5        15.9771        +INF             .          
c-TLNL.R3.R4   1.5846840E-5        15.8468        +INF             .          
c-TLNL.R6.R1         0.0001        71.0162        +INF             .          
c-TLNL.R6.R2   1.7430789E-5        17.4308        +INF             .          
c-TLNL.R6.R5   2.1088835E-5        21.0888        +INF             .          
c-TLNL.R6.R3   1.5622983E-5        15.6230        +INF             .          
c-TLNL.R6.R6   5.2907449E-6         5.2907        +INF             .          
c-TLNL.R6.R4   5.2476222E-6         5.2476        +INF             .          
c-TLNL.R4.R1         0.0001        81.1442        +INF             .          
c-TLNL.R4.R2   1.9916680E-5        19.9167        +INF             .          
c-TLNL.R4.R5   2.4096419E-5        24.0964        +INF             .          
c-TLNL.R4.R3   1.7851054E-5        17.8511        +INF             .          
c-TLNL.R4.R6   6.0452843E-6         6.0453        +INF             .          
c-TLNL.R4.R4   5.9960116E-6         5.9960        +INF             .          
c-TLNH.R1.R1         0.0033      3293.7453        +INF             .          
c-TLNH.R1.R2         0.0008       808.4429        +INF             .          
c-TLNH.R1.R5         0.0010       978.1037        +INF             .          
c-TLNH.R1.R3         0.0007       724.5965        +INF             .          
c-TLNH.R1.R6         0.0002       245.3856        +INF             .          
c-TLNH.R1.R4         0.0002       243.3856        +INF             .          
c-TLNH.R2.R1         0.0014      1437.2100        +INF             .          
c-TLNH.R2.R2         0.0004       352.7602        +INF             .          
c-TLNH.R2.R5         0.0004       426.7908        +INF             .          
c-TLNH.R2.R3         0.0003       316.1742        +INF             .          
c-TLNH.R2.R6         0.0001       107.0728        +INF             .          
c-TLNH.R2.R4         0.0001       106.2001        +INF             .          
c-TLNH.R5.R1         0.0171     17101.2364        +INF             .          
c-TLNH.R5.R2         0.0042      4197.4624        +INF             .          
c-TLNH.R5.R5         0.0051      5078.3471        +INF             .          
c-TLNH.R5.R3         0.0038      3762.1295        +INF             .          
c-TLNH.R5.R6         0.0013      1274.0504        +INF             .          
c-TLNH.R5.R4         0.0013      1263.6661        +INF             .          
c-TLNH.R3.R1         0.0009       857.8233        +INF             .          
c-TLNH.R3.R2         0.0002       210.5509        +INF             .          
c-TLNH.R3.R5         0.0003       254.7374        +INF             .          
c-TLNH.R3.R3         0.0002       188.7140        +INF             .          
c-TLNH.R3.R6         0.0001        63.9083        +INF             .          
c-TLNH.R3.R4         0.0001        63.3874        +INF             .          
c-TLNH.R6.R1         0.0003       284.0650        +INF             .          
c-TLNH.R6.R2         0.0001        69.7232        +INF             .          
c-TLNH.R6.R5         0.0001        84.3553        +INF             .          
c-TLNH.R6.R3         0.0001        62.4919        +INF             .          
c-TLNH.R6.R6   2.1162980E-5        21.1630        +INF             .          
c-TLNH.R6.R4   2.0990489E-5        20.9905        +INF             .          
c-TLNH.R4.R1         0.0003       324.5769        +INF             .          
c-TLNH.R4.R2         0.0001        79.6667        +INF             .          
c-TLNH.R4.R5         0.0001        96.3857        +INF             .          
c-TLNH.R4.R3         0.0001        71.4042        +INF             .          
c-TLNH.R4.R6   2.4181137E-5        24.1811        +INF             .          
c-TLNH.R4.R4   2.3984046E-5        23.9840        +INF             .          
c-TSEA.R1.R1         0.0042      4208.0679        +INF             .          
c-TSEA.R1.R2         0.0016      1627.5207        +INF             .          
c-TSEA.R1.R5         0.0034      3408.9136        +INF             .          
c-TSEA.R1.R3         0.0010      1001.3339        +INF             .          
c-TSEA.R1.R6         0.0005       450.6286        +INF             .          
c-TSEA.R1.R4         0.0003       345.0911        +INF             .          
c-TSEA.R2.R1         0.0020      2020.6824        +INF             .          
c-TSEA.R2.R2         0.0008       781.5231        +INF             .          
c-TSEA.R2.R5         0.0016      1636.9345        +INF             .          
c-TSEA.R2.R3         0.0005       480.8329        +INF             .          
c-TSEA.R2.R6         0.0002       216.3885        +INF             .          
c-TSEA.R2.R4         0.0002       165.7101        +INF             .          
c-TSEA.R5.R1         0.0034      3366.4409        +INF             .          
c-TSEA.R5.R2         0.0013      1302.0113        +INF             .          
c-TSEA.R5.R5         0.0027      2727.1200        +INF             .          
c-TSEA.R5.R3         0.0008       801.0639        +INF             .          
c-TSEA.R5.R6         0.0004       360.5015        +INF             .          
c-TSEA.R5.R4         0.0003       276.0718        +INF             .          
c-TSEA.R3.R1         0.0013      1310.8296        +INF             .          
c-TSEA.R3.R2         0.0005       506.9790        +INF             .          
c-TSEA.R3.R5         0.0011      1061.8899        +INF             .          
c-TSEA.R3.R3         0.0003       311.9194        +INF             .          
c-TSEA.R3.R6         0.0001       140.3726        +INF             .          
c-TSEA.R3.R4         0.0001       107.4972        +INF             .          
c-TSEA.R6.R1         0.0009       943.0293        +INF             .          
c-TSEA.R6.R2         0.0004       364.7279        +INF             .          
c-TSEA.R6.R5         0.0008       763.9386        +INF             .          
c-TSEA.R6.R3         0.0002       224.3992        +INF             .          
c-TSEA.R6.R6         0.0001       100.9860        +INF             .          
c-TSEA.R6.R4         0.0001        77.3350        +INF             .          
c-TSEA.R4.R1         0.0007       660.1096        +INF             .          
c-TSEA.R4.R2         0.0003       255.3053        +INF             .          
c-TSEA.R4.R5         0.0005       534.7481        +INF             .          
c-TSEA.R4.R3         0.0002       157.0769        +INF             .          
c-TSEA.R4.R6         0.0001        70.6890        +INF             .          
c-TSEA.R4.R4         0.0001        54.1336        +INF             .          
c-TAIR.R1.R1         0.0079      7881.1281        +INF             .          
c-TAIR.R1.R2         0.0022      2181.8481        +INF             .          
c-TAIR.R1.R5         0.0032      3231.2589        +INF             .          
c-TAIR.R1.R3         0.0018      1787.3259        +INF             .          
c-TAIR.R1.R6         0.0006       589.8308        +INF             .          
c-TAIR.R1.R4         0.0006       572.4295        +INF             .          
c-TAIR.R2.R1         0.0019      1859.3880        +INF             .          
c-TAIR.R2.R2         0.0005       514.7616        +INF             .          
c-TAIR.R2.R5         0.0008       762.3482        +INF             .          
c-TAIR.R2.R3         0.0004       421.6823        +INF             .          
c-TAIR.R2.R6         0.0001       139.1583        +INF             .          
c-TAIR.R2.R4         0.0001       135.0528        +INF             .          
c-TAIR.R5.R1         0.0015      1546.2137        +INF             .          
c-TAIR.R5.R2         0.0004       428.0610        +INF             .          
c-TAIR.R5.R5         0.0006       633.9469        +INF             .          
c-TAIR.R5.R3         0.0004       350.6589        +INF             .          
c-TAIR.R5.R6         0.0001       115.7200        +INF             .          
c-TAIR.R5.R4         0.0001       112.3060        +INF             .          
c-TAIR.R3.R1         0.0020      2012.8990        +INF             .          
c-TAIR.R3.R2         0.0006       557.2603        +INF             .          
c-TAIR.R3.R5         0.0008       825.2876        +INF             .          
c-TAIR.R3.R3         0.0005       456.4964        +INF             .          
c-TAIR.R3.R6         0.0002       150.6472        +INF             .          
c-TAIR.R3.R4         0.0001       146.2028        +INF             .          
c-TAIR.R6.R1         0.0007       708.1311        +INF             .          
c-TAIR.R6.R2         0.0002       196.0423        +INF             .          
c-TAIR.R6.R5         0.0003       290.3334        +INF             .          
c-TAIR.R6.R3         0.0002       160.5939        +INF             .          
c-TAIR.R6.R6         0.0001        52.9972        +INF             .          
c-TAIR.R6.R4         0.0001        51.4336        +INF             .          
c-TAIR.R4.R1         0.0007       703.7793        +INF             .          
c-TAIR.R4.R2         0.0002       194.8375        +INF             .          
c-TAIR.R4.R5         0.0003       288.5492        +INF             .          
c-TAIR.R4.R3         0.0002       159.6070        +INF             .          
c-TAIR.R4.R6         0.0001        52.6715        +INF             .          
c-TAIR.R4.R4         0.0001        51.1176        +INF             .          
c-COFF.R1.R1         0.3022    302219.9225        +INF             .          
c-COFF.R1.R2         0.0756     75637.9740        +INF             .          
c-COFF.R1.R5         0.0983     98299.1184        +INF             .          
c-COFF.R1.R3         0.0687     68694.6912        +INF             .          
c-COFF.R1.R6         0.0263     26261.3100        +INF             .          
c-COFF.R1.R4         0.0286     28551.6572        +INF             .          
c-COFF.R2.R1         0.0602     60181.4096        +INF             .          
c-COFF.R2.R2         0.0151     15061.8790        +INF             .          
c-COFF.R2.R5         0.0196     19574.4194        +INF             .          
c-COFF.R2.R3         0.0137     13679.2549        +INF             .          
c-COFF.R2.R6         0.0052      5229.4456        +INF             .          
c-COFF.R2.R4         0.0057      5685.5252        +INF             .          
c-COFF.R5.R1         0.0616     61558.4764        +INF             .          
c-COFF.R5.R2         0.0154     15406.5238        +INF             .          
c-COFF.R5.R5         0.0200     20022.3199        +INF             .          
c-COFF.R5.R3         0.0140     13992.2626        +INF             .          
c-COFF.R5.R6         0.0053      5349.1054        +INF             .          
c-COFF.R5.R4         0.0058      5815.6210        +INF             .          
c-COFF.R3.R1         0.0548     54839.9312        +INF             .          
c-COFF.R3.R2         0.0137     13725.0425        +INF             .          
c-COFF.R3.R5         0.0178     17837.0666        +INF             .          
c-COFF.R3.R3         0.0125     12465.1350        +INF             .          
c-COFF.R3.R6         0.0048      4765.2995        +INF             .          
c-COFF.R3.R4         0.0052      5180.8991        +INF             .          
c-COFF.R6.R1         0.0176     17641.5034        +INF             .          
c-COFF.R6.R2         0.0044      4415.2204        +INF             .          
c-COFF.R6.R5         0.0057      5738.0209        +INF             .          
c-COFF.R6.R3         0.0040      4009.9197        +INF             .          
c-COFF.R6.R6         0.0015      1532.9532        +INF             .          
c-COFF.R6.R4         0.0017      1666.6478        +INF             .          
c-COFF.R4.R1         0.0213     21261.7209        +INF             .          
c-COFF.R4.R2         0.0053      5321.2690        +INF             .          
c-COFF.R4.R5         0.0069      6915.5217        +INF             .          
c-COFF.R4.R3         0.0048      4832.7964        +INF             .          
c-COFF.R4.R6         0.0018      1847.5309        +INF             .          
c-COFF.R4.R4         0.0020      2008.6610        +INF             .          
c-CENT.R1.R1         0.0657     65747.2193        +INF             .          
c-CENT.R1.R2         0.0165     16508.4786        +INF             .          
c-CENT.R1.R5         0.0145     14462.2822        +INF             .          
c-CENT.R1.R3         0.0148     14815.0772        +INF             .          
c-CENT.R1.R6         0.0049      4876.2902        +INF             .          
c-CENT.R1.R4         0.0050      4950.3640        +INF             .          
c-CENT.R2.R1         0.0118     11846.5774        +INF             .          
c-CENT.R2.R2         0.0030      2974.5588        +INF             .          
c-CENT.R2.R5         0.0026      2605.8675        +INF             .          
c-CENT.R2.R3         0.0027      2669.4355        +INF             .          
c-CENT.R2.R6         0.0009       878.6280        +INF             .          
c-CENT.R2.R4         0.0009       891.9749        +INF             .          
c-CENT.R5.R1         0.0105     10462.7509        +INF             .          
c-CENT.R5.R2         0.0026      2627.0936        +INF             .          
c-CENT.R5.R5         0.0023      2301.4700        +INF             .          
c-CENT.R5.R3         0.0024      2357.6124        +INF             .          
c-CENT.R5.R6         0.0008       775.9934        +INF             .          
c-CENT.R5.R4         0.0008       787.7812        +INF             .          
c-CENT.R3.R1         0.0105     10476.9438        +INF             .          
c-CENT.R3.R2         0.0026      2630.6573        +INF             .          
c-CENT.R3.R5         0.0023      2304.5920        +INF             .          
c-CENT.R3.R3         0.0024      2360.8106        +INF             .          
c-CENT.R3.R6         0.0008       777.0461        +INF             .          
c-CENT.R3.R4         0.0008       788.8499        +INF             .          
c-CENT.R6.R1         0.0028      2837.5529        +INF             .          
c-CENT.R6.R2         0.0007       712.4816        +INF             .          
c-CENT.R6.R5         0.0006       624.1707        +INF             .          
c-CENT.R6.R3         0.0006       639.3969        +INF             .          
c-CENT.R6.R6         0.0002       210.4535        +INF             .          
c-CENT.R6.R4         0.0002       213.6504        +INF             .          
c-CENT.R4.R1         0.0034      3398.8939        +INF             .          
c-CENT.R4.R2         0.0009       853.4288        +INF             .          
c-CENT.R4.R5         0.0007       747.6478        +INF             .          
c-CENT.R4.R3         0.0008       765.8860        +INF             .          
c-CENT.R4.R6         0.0003       252.0866        +INF             .          
c-CENT.R4.R4         0.0003       255.9160        +INF             .          
c-FIN .R1.R1         0.2277    227651.0540        +INF             .          
c-FIN .R1.R2         0.0572     57240.7452        +INF             .          
c-FIN .R1.R5         0.0582     58247.8960        +INF             .          
c-FIN .R1.R3         0.0506     50619.3590        +INF             .          
c-FIN .R1.R6         0.0166     16578.3089        +INF             .          
c-FIN .R1.R4         0.0164     16432.1093        +INF             .          
c-FIN .R2.R1         0.0433     43278.2835        +INF             .          
c-FIN .R2.R2         0.0109     10881.9228        +INF             .          
c-FIN .R2.R5         0.0111     11073.3902        +INF             .          
c-FIN .R2.R3         0.0096      9623.1444        +INF             .          
c-FIN .R2.R6         0.0032      3151.6689        +INF             .          
c-FIN .R2.R4         0.0031      3123.8752        +INF             .          
c-FIN .R5.R1         0.0410     41014.3275        +INF             .          
c-FIN .R5.R2         0.0103     10312.6721        +INF             .          
c-FIN .R5.R5         0.0105     10494.1235        +INF             .          
c-FIN .R5.R3         0.0091      9119.7424        +INF             .          
c-FIN .R5.R6         0.0030      2986.8001        +INF             .          
c-FIN .R5.R4         0.0030      2960.4603        +INF             .          
c-FIN .R3.R1         0.0381     38135.0026        +INF             .          
c-FIN .R3.R2         0.0096      9588.6925        +INF             .          
c-FIN .R3.R5         0.0098      9757.4056        +INF             .          
c-FIN .R3.R3         0.0085      8479.5100        +INF             .          
c-FIN .R3.R6         0.0028      2777.1181        +INF             .          
c-FIN .R3.R4         0.0028      2752.6274        +INF             .          
c-FIN .R6.R1         0.0092      9175.1356        +INF             .          
c-FIN .R6.R2         0.0023      2307.0027        +INF             .          
c-FIN .R6.R5         0.0023      2347.5944        +INF             .          
c-FIN .R6.R3         0.0020      2040.1376        +INF             .          
c-FIN .R6.R6         0.0007       668.1640        +INF             .          
c-FIN .R6.R4         0.0007       662.2716        +INF             .          
c-FIN .R4.R1         0.0096      9626.6362        +INF             .          
c-FIN .R4.R2         0.0024      2420.5284        +INF             .          
c-FIN .R4.R5         0.0025      2463.1175        +INF             .          
c-FIN .R4.R3         0.0021      2140.5311        +INF             .          
c-FIN .R4.R6         0.0007       701.0438        +INF             .          
c-FIN .R4.R4         0.0007       694.8614        +INF             .          
c-CHEA.R1.R1         0.1638    163774.5160        +INF             .          
c-CHEA.R1.R2         0.0401     40145.4058        +INF             .          
c-CHEA.R1.R5         0.0385     38507.9387        +INF             .          
c-CHEA.R1.R3         0.0434     43422.7622        +INF             .          
c-CHEA.R1.R6         0.0179     17868.0912        +INF             .          
c-CHEA.R1.R4         0.0206     20625.6079        +INF             .          
c-CHEA.R2.R1         0.0398     39760.9469        +INF             .          
c-CHEA.R2.R2         0.0097      9746.4452        +INF             .          
c-CHEA.R2.R5         0.0093      9348.9033        +INF             .          
c-CHEA.R2.R3         0.0105     10542.1172        +INF             .          
c-CHEA.R2.R6         0.0043      4337.9901        +INF             .          
c-CHEA.R2.R4         0.0050      5007.4561        +INF             .          
c-CHEA.R5.R1         0.0384     38440.3585        +INF             .          
c-CHEA.R5.R2         0.0094      9422.7346        +INF             .          
c-CHEA.R5.R5         0.0090      9038.3962        +INF             .          
c-CHEA.R5.R3         0.0102     10191.9797        +INF             .          
c-CHEA.R5.R6         0.0042      4193.9115        +INF             .          
c-CHEA.R5.R4         0.0048      4841.1425        +INF             .          
c-CHEA.R3.R1         0.0434     43409.3145        +INF             .          
c-CHEA.R3.R2         0.0106     10640.7553        +INF             .          
c-CHEA.R3.R5         0.0102     10206.7358        +INF             .          
c-CHEA.R3.R3         0.0115     11509.4362        +INF             .          
c-CHEA.R3.R6         0.0047      4736.0335        +INF             .          
c-CHEA.R3.R4         0.0055      5466.9281        +INF             .          
c-CHEA.R6.R1         0.0180     18017.7659        +INF             .          
c-CHEA.R6.R2         0.0044      4416.6244        +INF             .          
c-CHEA.R6.R5         0.0042      4236.4773        +INF             .          
c-CHEA.R6.R3         0.0048      4777.1850        +INF             .          
c-CHEA.R6.R6         0.0020      1965.7703        +INF             .          
c-CHEA.R6.R4         0.0023      2269.1404        +INF             .          
c-CHEA.R4.R1         0.0208     20845.5155        +INF             .          
c-CHEA.R4.R2         0.0051      5109.7796        +INF             .          
c-CHEA.R4.R5         0.0049      4901.3598        +INF             .          
c-CHEA.R4.R3         0.0055      5526.9274        +INF             .          
c-CHEA.R4.R6         0.0023      2274.2828        +INF             .          
c-CHEA.R4.R4         0.0026      2625.2645        +INF             .          

---- VAR SUM_oV  

                 LOWER          LEVEL          UPPER         MARGINAL

R1.c-AAGR         0.1264    126438.4771        +INF             .          
R1.c-FISH         0.0145     14540.9189        +INF             .          
R1.c-COIL         0.0126     12554.3450        +INF             .          
R1.c-GASE         0.0263     26268.5188        +INF             .          
R1.c-IMIN         0.0033      3277.5426        +INF             .          
R1.c-IRES         0.0569     56912.1047        +INF             .          
R1.c-REFP         0.0041      4099.2246        +INF             .          
R1.c-REFG         0.0048      4829.5815        +INF             .          
R1.c-ICHA         0.0037      3740.2410        +INF             .          
R1.c-BIO          0.0001        56.6524        +INF             .          
R1.c-IMEA         0.0159     15871.6148        +INF             .          
R1.c-COMT         0.1044    104373.2391        +INF             .          
R1.c-MVT          0.0811     81130.9435        +INF             .          
R1.c-CWSR         0.1949    194932.4231        +INF             .          
R1.c-POWF         0.0005       530.6683        +INF             .          
R1.c-POWR         0.0117     11722.6109        +INF             .          
R1.c-POWT         0.0251     25132.2418        +INF             .          
R1.c-NG           0.0004       418.3538        +INF             .          
R1.c-LTH          0.0055      5520.1261        +INF             .          
R1.c-CCON         0.3281    328140.7675        +INF             .          
R1.c-TRAI         0.0072      7206.6612        +INF             .          
R1.c-TPIP         0.0063      6265.1146        +INF             .          
R1.c-TLNL         0.0055      5471.8956        +INF             .          
R1.c-TLNH         0.0219     21887.5822        +INF             .          
R1.c-TSEA         0.0122     12199.3908        +INF             .          
R1.c-TAIR         0.0127     12732.0143        +INF             .          
R1.c-COFF         0.5008    500782.7641        +INF             .          
R1.c-CENT         0.0840     84012.1005        +INF             .          
R1.c-FIN          0.3599    359918.1642        +INF             .          
R1.c-CHEA         0.3242    324248.4173        +INF             .          
R2.c-AAGR         0.0391     39092.6012        +INF             .          
R2.c-FISH         0.0062      6172.2564        +INF             .          
R2.c-COIL         0.0041      4108.4509        +INF             .          
R2.c-GASE         0.0086      8596.4597        +INF             .          
R2.c-IMIN         0.0011      1072.5867        +INF             .          
R2.c-IRES         0.0182     18175.2480        +INF             .          
R2.c-REFP         0.0013      1334.6172        +INF             .          
R2.c-REFG         0.0016      1572.4053        +INF             .          
R2.c-ICHA         0.0010      1030.5863        +INF             .          
R2.c-BIO    1.5884313E-5        15.8843        +INF             .          
R2.c-IMEA         0.0078      7775.7637        +INF             .          
R2.c-COMT         0.0227     22671.0910        +INF             .          
R2.c-MVT          0.0307     30654.1930        +INF             .          
R2.c-CWSR         0.0691     69147.7498        +INF             .          
R2.c-POWF         0.0002       151.6099        +INF             .          
R2.c-POWR         0.0033      3349.1053        +INF             .          
R2.c-POWT         0.0072      7180.1858        +INF             .          
R2.c-NG           0.0001       119.5221        +INF             .          
R2.c-LTH          0.0015      1480.6777        +INF             .          
R2.c-CCON         0.1027    102706.7810        +INF             .          
R2.c-TRAI         0.0018      1768.8598        +INF             .          
R2.c-TPIP         0.0015      1537.7592        +INF             .          
R2.c-TLNL         0.0013      1343.0652        +INF             .          
R2.c-TLNH         0.0054      5372.2609        +INF             .          
R2.c-TSEA         0.0047      4718.2605        +INF             .          
R2.c-TAIR         0.0035      3524.7900        +INF             .          
R2.c-COFF         0.1253    125333.2122        +INF             .          
R2.c-CENT         0.0211     21094.6102        +INF             .          
R2.c-FIN          0.0905     90498.0828        +INF             .          
R2.c-CHEA         0.0795     79481.7448        +INF             .          
R5.c-AAGR         0.0329     32854.0097        +INF             .          
R5.c-FISH         0.0068      6750.5027        +INF             .          
R5.c-COIL         0.0212     21247.6941        +INF             .          
R5.c-GASE         0.0445     44458.3493        +INF             .          
R5.c-IMIN         0.0055      5547.1013        +INF             .          
R5.c-IRES         0.0206     20600.4324        +INF             .          
R5.c-REFP         0.0024      2362.9799        +INF             .          
R5.c-REFG         0.0028      2783.9909        +INF             .          
R5.c-ICHA         0.0014      1371.6279        +INF             .          
R5.c-BIO    2.4092106E-5        24.0921        +INF             .          
R5.c-IMEA         0.0074      7405.9602        +INF             .          
R5.c-COMT         0.0219     21858.1889        +INF             .          
R5.c-MVT          0.0311     31073.6070        +INF             .          
R5.c-CWSR         0.1184    118376.4716        +INF             .          
R5.c-POWF         0.0002       176.6842        +INF             .          
R5.c-POWR         0.0039      3903.0109        +INF             .          
R5.c-POWT         0.0084      8367.7104        +INF             .          
R5.c-NG           0.0001       139.2897        +INF             .          
R5.c-LTH          0.0014      1355.1864        +INF             .          
R5.c-CCON         0.0722     72212.9321        +INF             .          
R5.c-TRAI         0.0021      2140.0749        +INF             .          
R5.c-TPIP         0.0019      1860.4752        +INF             .          
R5.c-TLNL         0.0016      1624.9226        +INF             .          
R5.c-TLNH         0.0065      6499.6902        +INF             .          
R5.c-TSEA         0.0099      9882.6041        +INF             .          
R5.c-TAIR         0.0052      5220.1199        +INF             .          
R5.c-COFF         0.1629    162883.0549        +INF             .          
R5.c-CENT         0.0185     18479.9710        +INF             .          
R5.c-FIN          0.0921     92090.3964        +INF             .          
R5.c-CHEA         0.0762     76239.8112        +INF             .          
R3.c-AAGR         0.0395     39512.8858        +INF             .          
R3.c-FISH         0.0096      9553.3452        +INF             .          
R3.c-COIL         0.0023      2290.3336        +INF             .          
R3.c-GASE         0.0048      4792.2588        +INF             .          
R3.c-IMIN         0.0006       597.9337        +INF             .          
R3.c-IRES         0.0150     14966.9863        +INF             .          
R3.c-REFP         0.0011      1122.4936        +INF             .          
R3.c-REFG         0.0013      1322.4878        +INF             .          
R3.c-ICHA         0.0010       985.2433        +INF             .          
R3.c-BIO    1.3689581E-5        13.6896        +INF             .          
R3.c-IMEA         0.0051      5126.8853        +INF             .          
R3.c-COMT         0.0198     19797.7013        +INF             .          
R3.c-MVT          0.0252     25198.3896        +INF             .          
R3.c-CWSR         0.0609     60940.8006        +INF             .          
R3.c-POWF         0.0001       134.1046        +INF             .          
R3.c-POWR         0.0030      2962.4090        +INF             .          
R3.c-POWT         0.0064      6351.1432        +INF             .          
R3.c-NG           0.0001       105.7218        +INF             .          
R3.c-LTH          0.0013      1349.3448        +INF             .          
R3.c-CCON         0.0785     78475.9204        +INF             .          
R3.c-TRAI         0.0016      1585.4054        +INF             .          
R3.c-TPIP         0.0014      1378.2730        +INF             .          
R3.c-TLNL         0.0012      1203.7714        +INF             .          
R3.c-TLNH         0.0048      4815.0857        +INF             .          
R3.c-TSEA         0.0029      2902.9149        +INF             .          
R3.c-TAIR         0.0029      2887.4367        +INF             .          
R3.c-COFF         0.1138    113828.0926        +INF             .          
R3.c-CENT         0.0189     18930.7741        +INF             .          
R3.c-FIN          0.0800     80029.6175        +INF             .          
R3.c-CHEA         0.0860     85970.4078        +INF             .          
R6.c-AAGR         0.0131     13061.4453        +INF             .          
R6.c-FISH         0.0037      3748.7808        +INF             .          
R6.c-COIL         0.0011      1097.4045        +INF             .          
R6.c-GASE         0.0023      2296.1924        +INF             .          
R6.c-IMIN         0.0003       286.4976        +INF             .          
R6.c-IRES         0.0061      6055.7988        +INF             .          
R6.c-REFP         0.0005       486.4660        +INF             .          
R6.c-REFG         0.0006       573.1394        +INF             .          
R6.c-ICHA         0.0004       385.7502        +INF             .          
R6.c-BIO    5.1314938E-6         5.1315        +INF             .          
R6.c-IMEA         0.0024      2366.9909        +INF             .          
R6.c-COMT         0.0064      6380.2920        +INF             .          
R6.c-MVT          0.0061      6059.8862        +INF             .          
R6.c-CWSR         0.0244     24390.8895        +INF             .          
R6.c-POWF         0.0001        50.8790        +INF             .          
R6.c-POWR         0.0011      1123.9307        +INF             .          
R6.c-POWT         0.0024      2409.6080        +INF             .          
R6.c-NG     4.0110571E-5        40.1106        +INF             .          
R6.c-LTH          0.0005       481.3676        +INF             .          
R6.c-CCON         0.0250     25029.7722        +INF             .          
R6.c-TRAI         0.0005       536.8998        +INF             .          
R6.c-TPIP         0.0005       466.7541        +INF             .          
R6.c-TLNL         0.0004       407.6589        +INF             .          
R6.c-TLNH         0.0016      1630.6355        +INF             .          
R6.c-TSEA         0.0013      1306.3940        +INF             .          
R6.c-TAIR         0.0010       952.8755        +INF             .          
R6.c-COFF         0.0435     43515.3689        +INF             .          
R6.c-CENT         0.0062      6230.9462        +INF             .          
R6.c-FIN          0.0262     26210.4409        +INF             .          
R6.c-CHEA         0.0354     35376.0795        +INF             .          
R4.c-AAGR         0.0117     11684.5810        +INF             .          
R4.c-FISH         0.0031      3095.1960        +INF             .          
R4.c-COIL         0.0004       364.2010        +INF             .          
R4.c-GASE         0.0008       762.0486        +INF             .          
R4.c-IMIN         0.0001        95.0814        +INF             .          
R4.c-IRES         0.0047      4663.4299        +INF             .          
R4.c-REFP         0.0004       414.3910        +INF             .          
R4.c-REFG         0.0005       488.2228        +INF             .          
R4.c-ICHA         0.0003       334.3677        +INF             .          
R4.c-BIO    3.7336511E-6         3.7337        +INF             .          
R4.c-IMEA         0.0013      1314.7852        +INF             .          
R4.c-COMT         0.0062      6189.4877        +INF             .          
R4.c-MVT          0.0064      6403.9807        +INF             .          
R4.c-CWSR         0.0199     19883.6654        +INF             .          
R4.c-POWF   4.3450131E-5        43.4501        +INF             .          
R4.c-POWR         0.0010       959.8255        +INF             .          
R4.c-POWT         0.0021      2057.7810        +INF             .          
R4.c-NG     3.4254025E-5        34.2540        +INF             .          
R4.c-LTH          0.0005       470.0868        +INF             .          
R4.c-CCON         0.0232     23232.8268        +INF             .          
R4.c-TRAI         0.0005       532.5237        +INF             .          
R4.c-TPIP         0.0005       462.9497        +INF             .          
R4.c-TLNL         0.0004       404.3362        +INF             .          
R4.c-TLNH         0.0016      1617.3448        +INF             .          
R4.c-TSEA         0.0010      1000.4357        +INF             .          
R4.c-TAIR         0.0009       924.7636        +INF             .          
R4.c-COFF         0.0473     47310.5072        +INF             .          
R4.c-CENT         0.0063      6325.5979        +INF             .          
R4.c-FIN          0.0260     25979.2982        +INF             .          
R4.c-CHEA         0.0408     40835.5395        +INF             .          

---- VAR SUM_dV  

                 LOWER          LEVEL          UPPER         MARGINAL

R1.c-AAGR         0.2130    213015.2474        +INF             .          
R1.c-FISH         0.0001        93.0834        +INF             .          
R1.c-COIL         0.0019      1916.8782        +INF             .          
R1.c-GASE         0.0040      4010.8466        +INF             .          
R1.c-IMIN         0.0005       500.4363        +INF             .          
R1.c-IRES         0.1215    121519.8675        +INF             .          
R1.c-REFP         0.0184     18445.1148        +INF             .          
R1.c-REFG         0.0217     21731.4722        +INF             .          
R1.c-ICHA         0.0301     30133.2457        +INF             .          
R1.c-BIO          0.0002       199.5324        +INF             .          
R1.c-IMEA         0.0260     26001.9620        +INF             .          
R1.c-COMT         0.1623    162302.0857        +INF             .          
R1.c-MVT          0.0935     93458.5377        +INF             .          
R1.c-CWSR         0.2832    283154.5090        +INF             .          
R1.c-POWF         0.0005       487.3381        +INF             .          
R1.c-POWR         0.0108     10754.6682        +INF             .          
R1.c-POWT         0.0231     23057.0581        +INF             .          
R1.c-NG           0.0004       383.8100        +INF             .          
R1.c-LTH          0.0055      5492.8447        +INF             .          
R1.c-CCON         0.3575    357486.7413        +INF             .          
R1.c-TRAI         0.0021      2072.2377        +INF             .          
R1.c-TPIP         0.0018      1801.5009        +INF             .          
R1.c-TLNL         0.0016      1573.4149        +INF             .          
R1.c-TLNH         0.0063      6293.6596        +INF             .          
R1.c-TSEA         0.0110     11041.5558        +INF             .          
R1.c-TAIR         0.0162     16243.8213        +INF             .          
R1.c-COFF         0.5997    599664.6734        +INF             .          
R1.c-CENT         0.1214    121359.7115        +INF             .          
R1.c-FIN          0.4268    426769.4725        +INF             .          
R1.c-CHEA         0.3243    324344.3217        +INF             .          
R2.c-AAGR         0.0827     82718.0777        +INF             .          
R2.c-FISH         0.0033      3282.4128        +INF             .          
R2.c-COIL         0.0057      5661.3847        +INF             .          
R2.c-GASE         0.0118     11845.7945        +INF             .          
R2.c-IMIN         0.0015      1478.0086        +INF             .          
R2.c-IRES         0.0477     47679.7270        +INF             .          
R2.c-REFP         0.0018      1793.7429        +INF             .          
R2.c-REFG         0.0021      2113.3332        +INF             .          
R2.c-ICHA         0.0045      4525.3024        +INF             .          
R2.c-BIO    3.3328816E-5        33.3288        +INF             .          
R2.c-IMEA         0.0195     19466.9851        +INF             .          
R2.c-COMT         0.0281     28098.8802        +INF             .          
R2.c-MVT          0.0546     54591.6390        +INF             .          
R2.c-CWSR         0.0618     61829.2985        +INF             .          
R2.c-POWF         0.0002       223.2255        +INF             .          
R2.c-POWR         0.0049      4926.1771        +INF             .          
R2.c-POWT         0.0106     10561.2883        +INF             .          
R2.c-NG           0.0002       175.8042        +INF             .          
R2.c-LTH          0.0019      1892.0679        +INF             .          
R2.c-CCON         0.1202    120242.4291        +INF             .          
R2.c-TRAI         0.0009       904.2110        +INF             .          
R2.c-TPIP         0.0008       786.0763        +INF             .          
R2.c-TLNL         0.0007       686.5520        +INF             .          
R2.c-TLNH         0.0027      2746.2081        +INF             .          
R2.c-TSEA         0.0053      5302.0716        +INF             .          
R2.c-TAIR         0.0038      3832.3913        +INF             .          
R2.c-COFF         0.1194    119411.9336        +INF             .          
R2.c-CENT         0.0219     21867.0421        +INF             .          
R2.c-FIN          0.0811     81132.2851        +INF             .          
R2.c-CHEA         0.0787     78743.8588        +INF             .          
R5.c-AAGR         0.0565     56523.8120        +INF             .          
R5.c-FISH         0.0132     13165.9554        +INF             .          
R5.c-COIL         0.0374     37409.2979        +INF             .          
R5.c-GASE         0.0783     78274.6411        +INF             .          
R5.c-IMIN         0.0098      9766.3852        +INF             .          
R5.c-IRES         0.0477     47665.2882        +INF             .          
R5.c-REFP         0.0134     13417.9573        +INF             .          
R5.c-REFG         0.0158     15808.6283        +INF             .          
R5.c-ICHA         0.0259     25925.0916        +INF             .          
R5.c-BIO          0.0002       179.6291        +INF             .          
R5.c-IMEA         0.0140     14008.4517        +INF             .          
R5.c-COMT         0.0232     23195.3150        +INF             .          
R5.c-MVT          0.0508     50828.8667        +INF             .          
R5.c-CWSR         0.0585     58521.4341        +INF             .          
R5.c-POWF         0.0003       275.3834        +INF             .          
R5.c-POWR         0.0061      6108.3205        +INF             .          
R5.c-POWT         0.0131     13095.6995        +INF             .          
R5.c-NG           0.0002       217.9923        +INF             .          
R5.c-LTH          0.0021      2107.4929        +INF             .          
R5.c-CCON         0.0803     80311.7137        +INF             .          
R5.c-TRAI         0.0108     10759.1276        +INF             .          
R5.c-TPIP         0.0094      9353.4531        +INF             .          
R5.c-TLNL         0.0082      8169.2230        +INF             .          
R5.c-TLNH         0.0327     32676.8919        +INF             .          
R5.c-TSEA         0.0088      8833.2094        +INF             .          
R5.c-TAIR         0.0032      3186.9066        +INF             .          
R5.c-COFF         0.1221    122144.3091        +INF             .          
R5.c-CENT         0.0193     19312.7016        +INF             .          
R5.c-FIN          0.0769     76888.1259        +INF             .          
R5.c-CHEA         0.0761     76128.5231        +INF             .          
R3.c-AAGR         0.0921     92104.6799        +INF             .          
R3.c-FISH         0.0159     15907.7279        +INF             .          
R3.c-COIL         0.0008       755.1581        +INF             .          
R3.c-GASE         0.0016      1580.0812        +INF             .          
R3.c-IMIN         0.0002       197.1479        +INF             .          
R3.c-IRES         0.0393     39295.1453        +INF             .          
R3.c-REFP         0.0021      2130.4906        +INF             .          
R3.c-REFG         0.0025      2510.0791        +INF             .          
R3.c-ICHA         0.0041      4126.2075        +INF             .          
R3.c-BIO    2.8713527E-5        28.7135        +INF             .          
R3.c-IMEA         0.0104     10411.0878        +INF             .          
R3.c-COMT         0.0235     23532.7742        +INF             .          
R3.c-MVT          0.0413     41250.5496        +INF             .          
R3.c-CWSR         0.0533     53287.3003        +INF             .          
R3.c-POWF         0.0002       197.4881        +INF             .          
R3.c-POWR         0.0044      4358.1979        +INF             .          
R3.c-POWT         0.0093      9343.5911        +INF             .          
R3.c-NG           0.0002       155.5343        +INF             .          
R3.c-LTH          0.0017      1686.2850        +INF             .          
R3.c-CCON         0.0888     88766.9471        +INF             .          
R3.c-TRAI         0.0005       539.6938        +INF             .          
R3.c-TPIP         0.0005       469.1830        +INF             .          
R3.c-TLNL         0.0004       409.7803        +INF             .          
R3.c-TLNH         0.0016      1639.1212        +INF             .          
R3.c-TSEA         0.0034      3439.4877        +INF             .          
R3.c-TAIR         0.0041      4148.7932        +INF             .          
R3.c-COFF         0.1088    108813.3739        +INF             .          
R3.c-CENT         0.0193     19338.8997        +INF             .          
R3.c-FIN          0.0715     71490.3561        +INF             .          
R3.c-CHEA         0.0860     85969.2033        +INF             .          
R6.c-AAGR         0.0225     22454.5172        +INF             .          
R6.c-FISH         0.0100     10044.4126        +INF             .          
R6.c-COIL         0.0003       273.7868        +INF             .          
R6.c-GASE         0.0006       572.8674        +INF             .          
R6.c-IMIN         0.0001        71.4771        +INF             .          
R6.c-IRES         0.0233     23311.5486        +INF             .          
R6.c-REFP         0.0014      1359.2336        +INF             .          
R6.c-REFG         0.0016      1601.4076        +INF             .          
R6.c-ICHA         0.0024      2448.0490        +INF             .          
R6.c-BIO    1.6714202E-5        16.7142        +INF             .          
R6.c-IMEA         0.0066      6562.4727        +INF             .          
R6.c-COMT         0.0066      6620.7011        +INF             .          
R6.c-MVT          0.0049      4883.9336        +INF             .          
R6.c-CWSR         0.0172     17169.0818        +INF             .          
R6.c-POWF         0.0002       154.2694        +INF             .          
R6.c-POWR         0.0034      3404.4374        +INF             .          
R6.c-POWT         0.0073      7298.8130        +INF             .          
R6.c-NG           0.0001       121.4968        +INF             .          
R6.c-LTH          0.0011      1062.3055        +INF             .          
R6.c-CCON         0.0283     28275.5805        +INF             .          
R6.c-TRAI         0.0002       178.7176        +INF             .          
R6.c-TPIP         0.0002       155.3682        +INF             .          
R6.c-TLNL         0.0001       135.6972        +INF             .          
R6.c-TLNH         0.0005       542.7889        +INF             .          
R6.c-TSEA         0.0025      2474.4160        +INF             .          
R6.c-TAIR         0.0015      1459.5315        +INF             .          
R6.c-COFF         0.0350     35004.2653        +INF             .          
R6.c-CENT         0.0052      5237.7059        +INF             .          
R6.c-FIN          0.0172     17200.3060        +INF             .          
R6.c-CHEA         0.0357     35682.9634        +INF             .          
R4.c-AAGR         0.0146     14642.6079        +INF             .          
R4.c-FISH         0.0092      9201.0859        +INF             .          
R4.c-COIL         0.0004       397.8038        +INF             .          
R4.c-GASE         0.0008       832.3587        +INF             .          
R4.c-IMIN         0.0001       103.8540        +INF             .          
R4.c-IRES         0.0121     12132.4034        +INF             .          
R4.c-REFP   3.6003769E-5        36.0038        +INF             .          
R4.c-REFG   4.2418544E-5        42.4185        +INF             .          
R4.c-ICHA         0.0003       271.2455        +INF             .          
R4.c-BIO    2.2561605E-6         2.2562        +INF             .          
R4.c-IMEA         0.0025      2470.7798        +INF             .          
R4.c-COMT         0.0056      5646.7328        +INF             .          
R4.c-MVT          0.0053      5281.6633        +INF             .          
R4.c-CWSR         0.0152     15192.7464        +INF             .          
R4.c-POWF         0.0001        68.9946        +INF             .          
R4.c-POWR         0.0015      1522.5841        +INF             .          
R4.c-POWT         0.0033      3264.2857        +INF             .          
R4.c-NG           0.0001        54.3376        +INF             .          
R4.c-LTH          0.0006       642.3939        +INF             .          
R4.c-CCON         0.0255     25519.6733        +INF             .          
R4.c-TRAI         0.0002       204.2054        +INF             .          
R4.c-TPIP         0.0002       177.5260        +INF             .          
R4.c-TLNL         0.0002       155.0497        +INF             .          
R4.c-TLNH         0.0006       620.1987        +INF             .          
R4.c-TSEA         0.0017      1732.0625        +INF             .          
R4.c-TAIR         0.0015      1450.5621        +INF             .          
R4.c-COFF         0.0422     42187.4997        +INF             .          
R4.c-CENT         0.0063      6273.8591        +INF             .          
R4.c-FIN          0.0180     18046.7184        +INF             .          
R4.c-CHEA         0.0413     41283.1296        +INF             .          

                           LOWER          LEVEL          UPPER         MARGINAL

---- VAR entropy           -INF            1.0000        +INF             .          


**** REPORT SUMMARY :        0     NONOPT
                             0 INFEASIBLE
                             0  UNBOUNDED
                             0     ERRORS
GAMS 54.4.0  9a60ae27 Sep 9, 2026           WEX-WEI x86 64bit/MS Windows - 09/16/26 10:45:05 Page 7
SAM for SCGE
E x e c u t i o n


----   1241 VARIABLE XDDE_oV.L  

                   R1          R2          R5          R3          R6          R4

c-AAGR.R1    55941.06    17296.01    14535.83    17481.96     5778.87     5169.69
c-AAGR.R2    21723.03     6716.39     5644.55     6788.60     2244.05     2007.49
c-AAGR.R5    14844.02     4589.51     3857.10     4638.86     1533.43     1371.78
c-AAGR.R3    24188.10     7478.54     6285.08     7558.95     2498.70     2235.30
c-AAGR.R6     5896.90     1823.22     1532.26     1842.82      609.17      544.95
c-AAGR.R4     3845.37     1188.92      999.19     1201.71      397.24      355.36
c-FISH.R1       26.18       11.11       12.16       17.20        6.75        5.57
c-FISH.R2      923.29      391.91      428.63      606.60      238.03      196.53
c-FISH.R5     3703.38     1571.99     1719.26     2433.11      954.77      788.31
c-FISH.R3     4474.60     1899.36     2077.30     2939.80     1153.59      952.47
c-FISH.R6     2825.34     1199.29     1311.64     1856.24      728.40      601.40
c-FISH.R4     2588.12     1098.59     1201.52     1700.39      667.24      550.91
c-COIL.R1      518.49      169.68      877.51       94.59       45.32       15.04
c-COIL.R2     1531.32      501.13     2591.69      279.36      133.86       44.42
c-COIL.R5    10118.63     3311.36    17125.35     1845.98      884.49      293.54
c-COIL.R3      204.26       66.84      345.70       37.26       17.85        5.93
c-COIL.R6       74.06       24.23      125.34       13.51        6.47        2.15
c-COIL.R4      107.60       35.21      182.11       19.63        9.41        3.12
c-GASE.R1     1084.87      355.03     1836.10      197.92       94.83       31.47
c-GASE.R2     3204.10     1048.55     5422.81      584.54      280.08       92.95
c-GASE.R5    21172.07     6928.63    35832.82     3862.49     1850.70      614.20
c-GASE.R3      427.39      139.86      723.33       77.97       37.36       12.40
c-GASE.R6      154.95       50.71      262.25       28.27       13.54        4.50
c-GASE.R4      225.14       73.68      381.04       41.07       19.68        6.53
c-IMIN.R1      135.36       44.30      229.09       24.69       11.83        3.93
c-IMIN.R2      399.78      130.83      676.61       72.93       34.95       11.60
c-IMIN.R5     2641.65      864.49     4470.89      481.93      230.91       76.63
c-IMIN.R3       53.33       17.45       90.25        9.73        4.66        1.55
c-IMIN.R6       19.33        6.33       32.72        3.53        1.69        0.56
c-IMIN.R4       28.09        9.19       47.54        5.12        2.46        0.81
c-IRES.R1    23716.93     7574.15     8584.80     6237.18     2523.63     1943.39
c-IRES.R2     9305.61     2971.81     3368.35     2447.23      990.17      762.51
c-IRES.R5     9302.79     2970.91     3367.33     2446.49      989.87      762.28
c-IRES.R3     7669.20     2449.21     2776.01     2016.88      816.05      628.42
c-IRES.R6     4549.70     1452.97     1646.85     1196.50      484.12      372.81
c-IRES.R4     2367.87      756.19      857.10      622.71      251.96      194.03
c-REFP.R1     2033.50      662.06     1172.20      556.83      241.32      205.57
c-REFP.R2      197.75       64.38      113.99       54.15       23.47       19.99
c-REFP.R5     1479.28      481.62      852.72      405.07      175.55      149.54
c-REFP.R3      234.88       76.47      135.39       64.32       27.87       23.74
c-REFP.R6      149.85       48.79       86.38       41.03       17.78       15.15
c-REFP.R4        3.97        1.29        2.29        1.09        0.47        0.40
c-REFG.R1     2395.81      780.02     1381.05      656.05      284.32      242.19
c-REFG.R2      232.99       75.86      134.30       63.80       27.65       23.55
c-REFG.R5     1742.84      567.43     1004.65      477.24      206.83      176.18
c-REFG.R3      276.73       90.10      159.52       75.78       32.84       27.97
c-REFG.R6      176.55       57.48      101.77       48.34       20.95       17.85
c-REFG.R4        4.68        1.52        2.70        1.28        0.55        0.47
c-ICHA.R1     1671.47      460.56      612.96      440.29      172.39      149.42
c-ICHA.R2      251.01       69.16       92.05       66.12       25.89       22.44
c-ICHA.R5     1438.04      396.24      527.36      378.81      148.31      128.56
c-ICHA.R3      228.88       63.06       83.93       60.29       23.61       20.46
c-ICHA.R6      135.79       37.42       49.80       35.77       14.00       12.14
c-ICHA.R4       15.05        4.15        5.52        3.96        1.55        1.35
c-BIO .R1       24.56        6.89       10.45        5.94        2.23        1.62
c-BIO .R2        4.10        1.15        1.74        0.99        0.37        0.27
c-BIO .R5       22.11        6.20        9.40        5.34        2.00        1.46
c-BIO .R3        3.53        0.99        1.50        0.85        0.32        0.23
c-BIO .R6        2.06        0.58        0.88        0.50        0.19        0.14
c-BIO .R4        0.28        0.08        0.12        0.07        0.03        0.02
c-IMEA.R1     5229.14     2561.84     2440.01     1689.13      779.84      433.18
c-IMEA.R2     3914.92     1917.98     1826.77     1264.61      583.85      324.31
c-IMEA.R5     2817.18     1380.18     1314.54      910.01      420.14      233.37
c-IMEA.R3     2093.73     1025.75      976.97      676.32      312.25      173.44
c-IMEA.R6     1319.75      646.57      615.82      426.31      196.82      109.33
c-IMEA.R4      496.89      243.43      231.86      160.51       74.10       41.16
c-COMT.R1    67923.95    14753.88    14224.86    12883.94     4152.16     4027.99
c-COMT.R2    11759.47     2554.30     2462.71     2230.56      718.85      697.35
c-COMT.R5     9707.31     2108.54     2032.94     1841.30      593.40      575.66
c-COMT.R3     9848.54     2139.22     2062.51     1868.09      602.04      584.03
c-COMT.R6     2770.78      601.85      580.27      525.57      169.38      164.31
c-COMT.R4     2363.18      513.31      494.90      448.25      144.46      140.14
c-MVT .R1    30293.75    11446.07    11602.68     9408.91     2262.72     2391.20
c-MVT .R2    17695.39     6685.96     6777.43     5496.00     1321.72     1396.77
c-MVT .R5    16475.72     6225.12     6310.29     5117.18     1230.62     1300.49
c-MVT .R3    13371.00     5052.04     5121.17     4152.89      998.72     1055.42
c-MVT .R6     1583.08      598.15      606.33      491.69      118.24      124.96
c-MVT .R4     1712.00      646.86      655.71      531.73      127.87      135.14
c-CWSR.R1   112839.62    40027.24    68524.04    35276.52    14119.04    11509.96
c-CWSR.R2    24639.53     8740.30    14962.83     7702.94     3083.02     2513.30
c-CWSR.R5    23321.32     8272.70    14162.32     7290.83     2918.08     2378.84
c-CWSR.R3    21235.47     7532.79    12895.65     6638.74     2657.08     2166.08
c-CWSR.R6     6842.03     2427.05     4154.96     2138.99      856.11      697.91
c-CWSR.R4     6054.45     2147.67     3676.68     1892.77      757.56      617.57
c-POWF.R1      183.85       52.52       61.21       46.46       17.63       15.05
c-POWF.R2       84.21       24.06       28.04       21.28        8.07        6.89
c-POWF.R5      103.89       29.68       34.59       26.25        9.96        8.51
c-POWF.R3       74.50       21.28       24.80       18.83        7.14        6.10
c-POWF.R6       58.20       16.63       19.38       14.71        5.58        4.77
c-POWF.R4       26.03        7.44        8.67        6.58        2.50        2.13
c-POWR.R1     4057.13     1159.11     1350.81     1025.27      388.99      332.19
c-POWR.R2     1858.37      530.93      618.74      469.63      178.18      152.16
c-POWR.R5     2304.32      658.34      767.22      582.32      220.93      188.67
c-POWR.R3     1644.10      469.71      547.40      415.48      157.63      134.62
c-POWR.R6     1284.30      366.92      427.60      324.55      123.14      105.16
c-POWR.R4      574.38      164.10      191.24      145.15       55.07       47.03
c-POWT.R1     8698.13     2485.02     2896.02     2198.09      833.95      712.19
c-POWT.R2     3984.18     1138.26     1326.52     1006.84      381.99      326.22
c-POWT.R5     4940.27     1411.42     1644.85     1248.45      473.66      404.50
c-POWT.R3     3524.81     1007.02     1173.58      890.75      337.95      288.60
c-POWT.R6     2753.43      786.64      916.75      695.82      263.99      225.45
c-POWT.R4     1231.43      351.82      410.00      311.19      118.07      100.83
c-NG  .R1      144.79       41.37       48.21       36.59       13.88       11.86
c-NG  .R2       66.32       18.95       22.08       16.76        6.36        5.43
c-NG  .R5       82.24       23.49       27.38       20.78        7.88        6.73
c-NG  .R3       58.67       16.76       19.54       14.83        5.63        4.80
c-NG  .R6       45.83       13.09       15.26       11.58        4.39        3.75
c-NG  .R4       20.50        5.86        6.82        5.18        1.97        1.68
c-LTH .R1     2353.51      631.29      577.78      575.29      205.23      200.42
c-LTH .R2      810.69      217.45      199.02      198.17       70.69       69.04
c-LTH .R5      902.99      242.21      221.68      220.73       78.74       76.90
c-LTH .R3      722.52      193.80      177.38      176.61       63.01       61.53
c-LTH .R6      455.16      122.09      111.74      111.26       39.69       38.76
c-LTH .R4      275.25       73.83       67.57       67.28       24.00       23.44
c-CCON.R1   167435.71    52406.72    36847.06    40042.79    12771.58    11854.68
c-CCON.R2    56317.83    17627.26    12393.69    13468.59     4295.79     3987.38
c-CCON.R5    37615.52    11773.51     8277.93     8995.87     2869.22     2663.23
c-CCON.R3    41575.69    13013.03     9149.43     9942.96     3171.29     2943.62
c-CCON.R6    13243.41     4145.13     2914.44     3167.20     1010.17      937.65
c-CCON.R4    11952.62     3741.12     2630.38     2858.51      911.72      846.26
c-TRAI.R1     1018.81      250.06      302.54      224.13       75.90       75.28
c-TRAI.R2      444.55      109.11      132.01       97.80       33.12       32.85
c-TRAI.R5     5289.70     1298.34     1570.82     1163.69      394.08      390.87
c-TRAI.R3      265.34       65.13       78.79       58.37       19.77       19.61
c-TRAI.R6       87.87       21.57       26.09       19.33        6.55        6.49
c-TRAI.R4      100.40       24.64       29.81       22.09        7.48        7.42
c-TPIP.R1      885.70      217.39      263.02      194.85       65.99       65.45
c-TPIP.R2      386.47       94.86      114.77       85.02       28.79       28.56
c-TPIP.R5     4598.60     1128.72     1365.59     1011.65      342.60      339.81
c-TPIP.R3      230.67       56.62       68.50       50.75       17.19       17.05
c-TPIP.R6       76.39       18.75       22.68       16.80        5.69        5.64
c-TPIP.R4       87.28       21.42       25.92       19.20        6.50        6.45
c-TLNL.R1      773.57      189.87      229.72      170.18       57.63       57.16
c-TLNL.R2      337.54       82.85      100.24       74.26       25.15       24.94
c-TLNL.R5     4016.38      985.81     1192.69      883.57      299.22      296.78
c-TLNL.R3      201.47       49.45       59.83       44.32       15.01       14.89
c-TLNL.R6       66.72       16.38       19.81       14.68        4.97        4.93
c-TLNL.R4       76.23       18.71       22.64       16.77        5.68        5.63
c-TLNH.R1     3094.26      759.48      918.87      680.71      230.52      228.65
c-TLNH.R2     1350.17      331.40      400.94      297.03      100.59       99.77
c-TLNH.R5    16065.51     3943.24     4770.78     3534.28     1196.89     1187.13
c-TLNH.R3      805.87      197.80      239.31      177.28       60.04       59.55
c-TLNH.R6      266.86       65.50       79.25       58.71       19.88       19.72
c-TLNH.R4      304.92       74.84       90.55       67.08       22.72       22.53
c-TSEA.R1     4103.86     1587.22     3324.50      976.54      439.47      336.55
c-TSEA.R2     1970.64      762.17     1596.40      468.93      211.03      161.61
c-TSEA.R5     3283.08     1269.77     2659.59      781.23      351.57      269.24
c-TSEA.R3     1278.37      494.42     1035.59      304.20      136.90      104.84
c-TSEA.R6      919.68      355.70      745.02      218.84       98.49       75.42
c-TSEA.R4      643.76      248.98      521.51      153.19       68.94       52.79
c-TAIR.R1     6820.68     1888.27     2796.47     1546.83      510.47      495.41
c-TAIR.R2     1609.20      445.50      659.77      364.94      120.43      116.88
c-TAIR.R5     1338.16      370.46      548.65      303.48      100.15       97.19
c-TAIR.R3     1742.05      482.28      714.24      395.07      130.38      126.53
c-TAIR.R6      612.85      169.66      251.27      138.99       45.87       44.51
c-TAIR.R4      609.08      168.62      249.72      138.13       45.58       44.24
c-COFF.R1   292342.40    73165.88    95086.39    66449.53    25403.01    27618.50
c-COFF.R2    58214.49    14569.61    18934.66    13232.17     5058.53     5499.70
c-COFF.R5    59546.55    14902.99    19367.93    13534.95     5174.28     5625.55
c-COFF.R3    53047.59    13276.46    17254.09    12057.73     4609.55     5011.57
c-COFF.R6    17064.92     4270.92     5550.48     3878.86     1482.85     1612.18
c-COFF.R4    20566.82     5147.35     6689.50     4674.85     1787.15     1943.01
c-CENT.R1    52720.87    13237.69    11596.90    11879.80     3910.16     3969.56
c-CENT.R2     9499.44     2385.22     2089.57     2140.55      704.55      715.25
c-CENT.R5     8389.79     2106.59     1845.48     1890.50      622.25      631.70
c-CENT.R3     8401.17     2109.45     1847.99     1893.07      623.09      632.56
c-CENT.R6     2275.35      571.32      500.51      512.71      168.76      171.32
c-CENT.R4     2725.48      684.34      599.52      614.14      202.14      205.21
c-FIN .R1   222120.07    55850.03    56832.71    49389.52    16175.52    16032.88
c-FIN .R2    42226.80    10617.54    10804.35     9389.34     3075.10     3047.98
c-FIN .R5    40017.85    10062.12    10239.16     8898.17     2914.23     2888.53
c-FIN .R3    37208.48     9355.73     9520.34     8273.49     2709.65     2685.75
c-FIN .R6     8952.22     2250.95     2290.56     1990.57      651.93      646.18
c-FIN .R4     9392.75     2361.72     2403.27     2088.52      684.01      677.98
c-CHEA.R1   163774.52    40145.41    38507.94    43422.76    17868.09    20625.61
c-CHEA.R2    39760.95     9746.45     9348.90    10542.12     4337.99     5007.46
c-CHEA.R5    38440.36     9422.73     9038.40    10191.98     4193.91     4841.14
c-CHEA.R3    43409.31    10640.76    10206.74    11509.44     4736.03     5466.93
c-CHEA.R6    18017.77     4416.62     4236.48     4777.19     1965.77     2269.14
c-CHEA.R4    20845.52     5109.78     4901.36     5526.93     2274.28     2625.26


----   1250 VARIABLE XDDE_dV.L  

                   R1          R2          R5          R3          R6          R4

c-AAGR.R1   102546.88    31705.73    26645.97    32046.60    10593.38     9476.68
c-AAGR.R2    39821.00    12311.97    10347.16    12444.34     4113.62     3679.99
c-AAGR.R5    27210.92     8413.15     7070.54     8503.60     2810.96     2514.65
c-AAGR.R3    44339.77    13709.09    11521.33    13856.48     4580.42     4097.58
c-AAGR.R6    10809.75     3342.19     2808.82     3378.12     1116.68      998.96
c-AAGR.R4     7049.04     2179.44     1831.64     2202.87      728.19      651.42
c-FISH.R1       30.86       13.10       14.33       20.27        7.96        6.57
c-FISH.R2     1088.19      461.91      505.19      714.94      280.55      231.63
c-FISH.R5     4364.81     1852.75     2026.33     2867.67     1125.29      929.10
c-FISH.R3     5273.77     2238.58     2448.31     3464.86     1359.63     1122.58
c-FISH.R6     3329.95     1413.48     1545.90     2187.77      858.49      708.82
c-FISH.R4     3050.37     1294.81     1416.11     2004.08      786.41      649.30
c-COIL.R1      577.62      189.03      977.60      105.38       50.49       16.76
c-COIL.R2     1705.97      558.29     2887.29      311.23      149.12       49.49
c-COIL.R5    11272.73     3689.04    19078.61     2056.52      985.38      327.02
c-COIL.R3      227.56       74.47      385.13       41.51       19.89        6.60
c-COIL.R6       82.50       27.00      139.63       15.05        7.21        2.39
c-COIL.R4      119.87       39.23      202.88       21.87       10.48        3.48
c-GASE.R1     1208.61      395.52     2045.52      220.49      105.65       35.06
c-GASE.R2     3569.55     1168.15     6041.31      651.21      312.02      103.55
c-GASE.R5    23586.88     7718.89    39919.80     4303.04     2061.78      684.25
c-GASE.R3      476.13      155.82      805.84       86.86       41.62       13.81
c-GASE.R6      172.62       56.49      292.16       31.49       15.09        5.01
c-GASE.R4      250.82       82.08      424.50       45.76       21.92        7.28
c-IMIN.R1      150.80       49.35      255.22       27.51       13.18        4.37
c-IMIN.R2      445.38      145.75      753.78       81.25       38.93       12.92
c-IMIN.R5     2942.95      963.09     4980.82      536.89      257.25       85.37
c-IMIN.R3       59.41       19.44      100.54       10.84        5.19        1.72
c-IMIN.R6       21.54        7.05       36.45        3.93        1.88        0.62
c-IMIN.R4       31.29       10.24       52.97        5.71        2.74        0.91
c-IRES.R1    56980.50    18197.09    20625.19    14984.97     6063.08     4669.03
c-IRES.R2    22356.96     7139.84     8092.53     5879.53     2378.92     1831.95
c-IRES.R5    22350.19     7137.68     8090.08     5877.75     2378.20     1831.39
c-IRES.R3    18425.44     5884.28     6669.44     4845.60     1960.58     1509.80
c-IRES.R6    10930.75     3490.81     3956.60     2874.62     1163.10      895.68
c-IRES.R4     5688.87     1816.78     2059.20     1496.08      605.33      466.15
c-REFP.R1     7699.53     2506.80     4438.36     2108.37      913.72      778.35
c-REFP.R2      748.76      243.78      431.62      205.03       88.86       75.69
c-REFP.R5     5601.04     1823.58     3228.70     1533.74      664.69      566.21
c-REFP.R3      889.33      289.55      512.65      243.53      105.54       89.90
c-REFP.R6      567.38      184.73      327.07      155.37       67.33       57.36
c-REFP.R4       15.03        4.89        8.66        4.12        1.78        1.52
c-REFG.R1     9071.35     2953.43     5229.14     2484.01     1076.52      917.02
c-REFG.R2      882.17      287.21      508.52      241.56      104.69       89.18
c-REFG.R5     6598.98     2148.48     3803.95     1807.00      783.12      667.09
c-REFG.R3     1047.78      341.13      603.99      286.91      124.34      105.92
c-REFG.R6      668.47      217.64      385.34      183.05       79.33       67.58
c-REFG.R4       17.71        5.76       10.21        4.85        2.10        1.79
c-ICHA.R1    14361.40     3957.14     5266.64     3783.04     1481.16     1283.87
c-ICHA.R2     2156.74      594.27      790.92      568.12      222.44      192.81
c-ICHA.R5    12355.81     3404.52     4531.14     3254.73     1274.32     1104.58
c-ICHA.R3     1966.54      541.86      721.17      518.02      202.82      175.80
c-ICHA.R6     1166.73      321.48      427.87      307.34      120.33      104.30
c-ICHA.R4      129.27       35.62       47.41       34.05       13.33       11.56
c-BIO .R1       94.85       26.59       40.33       22.92        8.59        6.25
c-BIO .R2       15.84        4.44        6.74        3.83        1.43        1.04
c-BIO .R5       85.38       23.94       36.31       20.63        7.73        5.63
c-BIO .R3       13.65        3.83        5.80        3.30        1.24        0.90
c-BIO .R6        7.94        2.23        3.38        1.92        0.72        0.52
c-BIO .R4        1.07        0.30        0.46        0.26        0.10        0.07
c-IMEA.R1    10353.05     5072.13     4830.90     3344.26     1543.99      857.63
c-IMEA.R2     7751.05     3797.37     3616.77     2503.76     1155.94      642.09
c-IMEA.R5     5577.66     2732.59     2602.63     1801.71      831.82      462.05
c-IMEA.R3     4145.32     2030.86     1934.28     1339.03      618.21      343.39
c-IMEA.R6     2612.94     1280.12     1219.24      844.04      389.68      216.45
c-IMEA.R4      983.78      481.97      459.05      317.78      146.71       81.49
c-COMT.R1    93451.73    20298.81    19570.97    17726.09     5712.66     5541.83
c-COMT.R2    16179.02     3514.27     3388.26     3068.87      989.02      959.44
c-COMT.R5    13355.60     2900.99     2796.97     2533.31      816.42      792.01
c-COMT.R3    13549.91     2943.20     2837.67     2570.17      828.30      803.53
c-COMT.R6     3812.13      828.04      798.35      723.09      233.03      226.06
c-COMT.R4     3251.33      706.23      680.90      616.72      198.75      192.81
c-MVT .R1    42002.76    15870.15    16087.29    13045.60     3137.30     3315.44
c-MVT .R2    24534.94     9270.18     9397.02     7620.28     1832.58     1936.64
c-MVT .R5    22843.85     8631.23     8749.32     7095.05     1706.27     1803.15
c-MVT .R3    18539.10     7004.74     7100.58     5758.04     1384.73     1463.36
c-MVT .R6     2194.97      829.34      840.69      681.73      163.95      173.26
c-MVT .R4     2373.72      896.88      909.15      737.25      177.30      187.37
c-CWSR.R1   113182.62    40148.91    68732.33    35383.75    14161.96    11544.95
c-CWSR.R2    24714.43     8766.87    15008.31     7726.35     3092.39     2520.94
c-CWSR.R5    23392.21     8297.84    14205.37     7313.00     2926.95     2386.07
c-CWSR.R3    21300.02     7555.69    12934.85     6658.92     2665.16     2172.66
c-CWSR.R6     6862.83     2434.43     4167.59     2145.49      858.71      700.03
c-CWSR.R4     6072.85     2154.20     3687.86     1898.53      759.86      619.45
c-POWF.R1      237.83       67.95       79.18       60.10       22.80       19.47
c-POWF.R2      108.94       31.12       36.27       27.53       10.44        8.92
c-POWF.R5      134.39       38.40       44.75       33.96       12.89       11.00
c-POWF.R3       96.38       27.53       32.09       24.36        9.24        7.89
c-POWF.R6       75.29       21.51       25.07       19.03        7.22        6.16
c-POWF.R4       33.67        9.62       11.21        8.51        3.23        2.76
c-POWR.R1     5248.46     1499.47     1747.46     1326.33      503.21      429.73
c-POWR.R2     2404.06      686.83      800.43      607.53      230.49      196.84
c-POWR.R5     2980.97      851.65      992.50      753.32      285.81      244.08
c-POWR.R3     2126.88      607.64      708.14      537.48      203.92      174.14
c-POWR.R6     1661.42      474.66      553.17      419.86      159.29      136.03
c-POWR.R4      743.05      212.29      247.40      187.77       71.24       60.84
c-POWT.R1    11252.24     3214.72     3746.40     2843.54     1078.83      921.31
c-POWT.R2     5154.09     1472.50     1716.04     1302.49      494.16      422.01
c-POWT.R5     6390.93     1825.86     2127.84     1615.04      612.74      523.28
c-POWT.R3     4559.83     1302.73     1518.18     1152.31      437.18      373.35
c-POWT.R6     3561.95     1017.63     1185.94      900.14      341.51      291.65
c-POWT.R4     1593.03      455.12      530.39      402.57      152.73      130.43
c-NG  .R1      187.31       53.51       62.36       47.33       17.96       15.34
c-NG  .R2       85.80       24.51       28.57       21.68        8.23        7.02
c-NG  .R5      106.38       30.39       35.42       26.88       10.20        8.71
c-NG  .R3       75.90       21.69       25.27       19.18        7.28        6.21
c-NG  .R6       59.29       16.94       19.74       14.98        5.68        4.85
c-NG  .R4       26.52        7.58        8.83        6.70        2.54        2.17
c-LTH .R1     2845.25      763.19      698.51      695.49      248.11      242.30
c-LTH .R2      980.08      262.89      240.61      239.57       85.46       83.46
c-LTH .R5     1091.66      292.82      268.00      266.85       95.20       92.96
c-LTH .R3      873.48      234.30      214.44      213.51       76.17       74.38
c-LTH .R6      550.27      147.60      135.09      134.51       47.98       46.86
c-LTH .R4      332.75       89.26       81.69       81.34       29.02       28.34
c-CCON.R1   186259.38    58298.46    40989.53    44544.53    14207.41    13187.43
c-CCON.R2    62649.26    19608.97    13787.03    14982.77     4778.73     4435.66
c-CCON.R5    41844.38    13097.13     9208.56    10007.22     3191.79     2962.64
c-CCON.R3    46249.76    14476.00    10178.04    11060.78     3527.82     3274.55
c-CCON.R6    14732.27     4611.14     3242.09     3523.27     1123.74     1043.07
c-CCON.R4    13296.38     4161.71     2926.09     3179.87     1014.22      941.40
c-TRAI.R1     1084.49      266.19      322.05      238.58       80.80       80.14
c-TRAI.R2      473.21      116.15      140.52      104.10       35.25       34.97
c-TRAI.R5     5630.72     1382.05     1672.09     1238.71      419.49      416.07
c-TRAI.R3      282.45       69.33       83.87       62.14       21.04       20.87
c-TRAI.R6       93.53       22.96       27.77       20.58        6.97        6.91
c-TRAI.R4      106.87       26.23       31.74       23.51        7.96        7.90
c-TPIP.R1      942.80      231.41      279.97      207.41       70.24       69.67
c-TPIP.R2      411.39      100.97      122.16       90.50       30.65       30.40
c-TPIP.R5     4895.07     1201.48     1453.63     1076.87      364.68      361.71
c-TPIP.R3      245.54       60.27       72.92       54.02       18.29       18.14
c-TPIP.R6       81.31       19.96       24.15       17.89        6.06        6.01
c-TPIP.R4       92.91       22.80       27.59       20.44        6.92        6.87
c-TLNL.R1      823.44      202.11      244.53      181.15       61.35       60.85
c-TLNL.R2      359.30       88.19      106.70       79.04       26.77       26.55
c-TLNL.R5     4275.31     1049.37     1269.59      940.53      318.51      315.92
c-TLNL.R3      214.46       52.64       63.68       47.18       15.98       15.85
c-TLNL.R6       71.02       17.43       21.09       15.62        5.29        5.25
c-TLNL.R4       81.14       19.92       24.10       17.85        6.05        6.00
c-TLNH.R1     3293.75      808.44      978.10      724.60      245.39      243.39
c-TLNH.R2     1437.21      352.76      426.79      316.17      107.07      106.20
c-TLNH.R5    17101.24     4197.46     5078.35     3762.13     1274.05     1263.67
c-TLNH.R3      857.82      210.55      254.74      188.71       63.91       63.39
c-TLNH.R6      284.06       69.72       84.36       62.49       21.16       20.99
c-TLNH.R4      324.58       79.67       96.39       71.40       24.18       23.98
c-TSEA.R1     4208.07     1627.52     3408.91     1001.33      450.63      345.09
c-TSEA.R2     2020.68      781.52     1636.93      480.83      216.39      165.71
c-TSEA.R5     3366.44     1302.01     2727.12      801.06      360.50      276.07
c-TSEA.R3     1310.83      506.98     1061.89      311.92      140.37      107.50
c-TSEA.R6      943.03      364.73      763.94      224.40      100.99       77.34
c-TSEA.R4      660.11      255.31      534.75      157.08       70.69       54.13
c-TAIR.R1     7881.13     2181.85     3231.26     1787.33      589.83      572.43
c-TAIR.R2     1859.39      514.76      762.35      421.68      139.16      135.05
c-TAIR.R5     1546.21      428.06      633.95      350.66      115.72      112.31
c-TAIR.R3     2012.90      557.26      825.29      456.50      150.65      146.20
c-TAIR.R6      708.13      196.04      290.33      160.59       53.00       51.43
c-TAIR.R4      703.78      194.84      288.55      159.61       52.67       51.12
c-COFF.R1   302219.92    75637.97    98299.12    68694.69    26261.31    28551.66
c-COFF.R2    60181.41    15061.88    19574.42    13679.25     5229.45     5685.53
c-COFF.R5    61558.48    15406.52    20022.32    13992.26     5349.11     5815.62
c-COFF.R3    54839.93    13725.04    17837.07    12465.14     4765.30     5180.90
c-COFF.R6    17641.50     4415.22     5738.02     4009.92     1532.95     1666.65
c-COFF.R4    21261.72     5321.27     6915.52     4832.80     1847.53     2008.66
c-CENT.R1    65747.22    16508.48    14462.28    14815.08     4876.29     4950.36
c-CENT.R2    11846.58     2974.56     2605.87     2669.44      878.63      891.97
c-CENT.R5    10462.75     2627.09     2301.47     2357.61      775.99      787.78
c-CENT.R3    10476.94     2630.66     2304.59     2360.81      777.05      788.85
c-CENT.R6     2837.55      712.48      624.17      639.40      210.45      213.65
c-CENT.R4     3398.89      853.43      747.65      765.89      252.09      255.92
c-FIN .R1   227651.05    57240.75    58247.90    50619.36    16578.31    16432.11
c-FIN .R2    43278.28    10881.92    11073.39     9623.14     3151.67     3123.88
c-FIN .R5    41014.33    10312.67    10494.12     9119.74     2986.80     2960.46
c-FIN .R3    38135.00     9588.69     9757.41     8479.51     2777.12     2752.63
c-FIN .R6     9175.14     2307.00     2347.59     2040.14      668.16      662.27
c-FIN .R4     9626.64     2420.53     2463.12     2140.53      701.04      694.86
c-CHEA.R1   163774.52    40145.41    38507.94    43422.76    17868.09    20625.61
c-CHEA.R2    39760.95     9746.45     9348.90    10542.12     4337.99     5007.46
c-CHEA.R5    38440.36     9422.73     9038.40    10191.98     4193.91     4841.14
c-CHEA.R3    43409.31    10640.76    10206.74    11509.44     4736.03     5466.93
c-CHEA.R6    18017.77     4416.62     4236.48     4777.19     1965.77     2269.14
c-CHEA.R4    20845.52     5109.78     4901.36     5526.93     2274.28     2625.26


----   1270 VARIABLE XDDE_oV.L  

                   R1          R2          R5          R3          R6          R4

c-AAGR.R1    55941.06    17296.01    14535.83    17481.96     5778.87     5169.69
c-AAGR.R2    21723.03     6716.39     5644.55     6788.60     2244.05     2007.49
c-AAGR.R5    14844.02     4589.51     3857.10     4638.86     1533.43     1371.78
c-AAGR.R3    24188.10     7478.54     6285.08     7558.95     2498.70     2235.30
c-AAGR.R6     5896.90     1823.22     1532.26     1842.82      609.17      544.95
c-AAGR.R4     3845.37     1188.92      999.19     1201.71      397.24      355.36
c-FISH.R1       26.18       11.11       12.16       17.20        6.75        5.57
c-FISH.R2      923.29      391.91      428.63      606.60      238.03      196.53
c-FISH.R5     3703.38     1571.99     1719.26     2433.11      954.77      788.31
c-FISH.R3     4474.60     1899.36     2077.30     2939.80     1153.59      952.47
c-FISH.R6     2825.34     1199.29     1311.64     1856.24      728.40      601.40
c-FISH.R4     2588.12     1098.59     1201.52     1700.39      667.24      550.91
c-COIL.R1      518.49      169.68      877.51       94.59       45.32       15.04
c-COIL.R2     1531.32      501.13     2591.69      279.36      133.86       44.42
c-COIL.R5    10118.63     3311.36    17125.35     1845.98      884.49      293.54
c-COIL.R3      204.26       66.84      345.70       37.26       17.85        5.93
c-COIL.R6       74.06       24.23      125.34       13.51        6.47        2.15
c-COIL.R4      107.60       35.21      182.11       19.63        9.41        3.12
c-GASE.R1     1084.87      355.03     1836.10      197.92       94.83       31.47
c-GASE.R2     3204.10     1048.55     5422.81      584.54      280.08       92.95
c-GASE.R5    21172.07     6928.63    35832.82     3862.49     1850.70      614.20
c-GASE.R3      427.39      139.86      723.33       77.97       37.36       12.40
c-GASE.R6      154.95       50.71      262.25       28.27       13.54        4.50
c-GASE.R4      225.14       73.68      381.04       41.07       19.68        6.53
c-IMIN.R1      135.36       44.30      229.09       24.69       11.83        3.93
c-IMIN.R2      399.78      130.83      676.61       72.93       34.95       11.60
c-IMIN.R5     2641.65      864.49     4470.89      481.93      230.91       76.63
c-IMIN.R3       53.33       17.45       90.25        9.73        4.66        1.55
c-IMIN.R6       19.33        6.33       32.72        3.53        1.69        0.56
c-IMIN.R4       28.09        9.19       47.54        5.12        2.46        0.81
c-IRES.R1    23716.93     7574.15     8584.80     6237.18     2523.63     1943.39
c-IRES.R2     9305.61     2971.81     3368.35     2447.23      990.17      762.51
c-IRES.R5     9302.79     2970.91     3367.33     2446.49      989.87      762.28
c-IRES.R3     7669.20     2449.21     2776.01     2016.88      816.05      628.42
c-IRES.R6     4549.70     1452.97     1646.85     1196.50      484.12      372.81
c-IRES.R4     2367.87      756.19      857.10      622.71      251.96      194.03
c-REFP.R1     2033.50      662.06     1172.20      556.83      241.32      205.57
c-REFP.R2      197.75       64.38      113.99       54.15       23.47       19.99
c-REFP.R5     1479.28      481.62      852.72      405.07      175.55      149.54
c-REFP.R3      234.88       76.47      135.39       64.32       27.87       23.74
c-REFP.R6      149.85       48.79       86.38       41.03       17.78       15.15
c-REFP.R4        3.97        1.29        2.29        1.09        0.47        0.40
c-REFG.R1     2395.81      780.02     1381.05      656.05      284.32      242.19
c-REFG.R2      232.99       75.86      134.30       63.80       27.65       23.55
c-REFG.R5     1742.84      567.43     1004.65      477.24      206.83      176.18
c-REFG.R3      276.73       90.10      159.52       75.78       32.84       27.97
c-REFG.R6      176.55       57.48      101.77       48.34       20.95       17.85
c-REFG.R4        4.68        1.52        2.70        1.28        0.55        0.47
c-ICHA.R1     1671.47      460.56      612.96      440.29      172.39      149.42
c-ICHA.R2      251.01       69.16       92.05       66.12       25.89       22.44
c-ICHA.R5     1438.04      396.24      527.36      378.81      148.31      128.56
c-ICHA.R3      228.88       63.06       83.93       60.29       23.61       20.46
c-ICHA.R6      135.79       37.42       49.80       35.77       14.00       12.14
c-ICHA.R4       15.05        4.15        5.52        3.96        1.55        1.35
c-BIO .R1       24.56        6.89       10.45        5.94        2.23        1.62
c-BIO .R2        4.10        1.15        1.74        0.99        0.37        0.27
c-BIO .R5       22.11        6.20        9.40        5.34        2.00        1.46
c-BIO .R3        3.53        0.99        1.50        0.85        0.32        0.23
c-BIO .R6        2.06        0.58        0.88        0.50        0.19        0.14
c-BIO .R4        0.28        0.08        0.12        0.07        0.03        0.02
c-IMEA.R1     5229.14     2561.84     2440.01     1689.13      779.84      433.18
c-IMEA.R2     3914.92     1917.98     1826.77     1264.61      583.85      324.31
c-IMEA.R5     2817.18     1380.18     1314.54      910.01      420.14      233.37
c-IMEA.R3     2093.73     1025.75      976.97      676.32      312.25      173.44
c-IMEA.R6     1319.75      646.57      615.82      426.31      196.82      109.33
c-IMEA.R4      496.89      243.43      231.86      160.51       74.10       41.16
c-COMT.R1    67923.95    14753.88    14224.86    12883.94     4152.16     4027.99
c-COMT.R2    11759.47     2554.30     2462.71     2230.56      718.85      697.35
c-COMT.R5     9707.31     2108.54     2032.94     1841.30      593.40      575.66
c-COMT.R3     9848.54     2139.22     2062.51     1868.09      602.04      584.03
c-COMT.R6     2770.78      601.85      580.27      525.57      169.38      164.31
c-COMT.R4     2363.18      513.31      494.90      448.25      144.46      140.14
c-MVT .R1    30293.75    11446.07    11602.68     9408.91     2262.72     2391.20
c-MVT .R2    17695.39     6685.96     6777.43     5496.00     1321.72     1396.77
c-MVT .R5    16475.72     6225.12     6310.29     5117.18     1230.62     1300.49
c-MVT .R3    13371.00     5052.04     5121.17     4152.89      998.72     1055.42
c-MVT .R6     1583.08      598.15      606.33      491.69      118.24      124.96
c-MVT .R4     1712.00      646.86      655.71      531.73      127.87      135.14
c-CWSR.R1   112839.62    40027.24    68524.04    35276.52    14119.04    11509.96
c-CWSR.R2    24639.53     8740.30    14962.83     7702.94     3083.02     2513.30
c-CWSR.R5    23321.32     8272.70    14162.32     7290.83     2918.08     2378.84
c-CWSR.R3    21235.47     7532.79    12895.65     6638.74     2657.08     2166.08
c-CWSR.R6     6842.03     2427.05     4154.96     2138.99      856.11      697.91
c-CWSR.R4     6054.45     2147.67     3676.68     1892.77      757.56      617.57
c-POWF.R1      183.85       52.52       61.21       46.46       17.63       15.05
c-POWF.R2       84.21       24.06       28.04       21.28        8.07        6.89
c-POWF.R5      103.89       29.68       34.59       26.25        9.96        8.51
c-POWF.R3       74.50       21.28       24.80       18.83        7.14        6.10
c-POWF.R6       58.20       16.63       19.38       14.71        5.58        4.77
c-POWF.R4       26.03        7.44        8.67        6.58        2.50        2.13
c-POWR.R1     4057.13     1159.11     1350.81     1025.27      388.99      332.19
c-POWR.R2     1858.37      530.93      618.74      469.63      178.18      152.16
c-POWR.R5     2304.32      658.34      767.22      582.32      220.93      188.67
c-POWR.R3     1644.10      469.71      547.40      415.48      157.63      134.62
c-POWR.R6     1284.30      366.92      427.60      324.55      123.14      105.16
c-POWR.R4      574.38      164.10      191.24      145.15       55.07       47.03
c-POWT.R1     8698.13     2485.02     2896.02     2198.09      833.95      712.19
c-POWT.R2     3984.18     1138.26     1326.52     1006.84      381.99      326.22
c-POWT.R5     4940.27     1411.42     1644.85     1248.45      473.66      404.50
c-POWT.R3     3524.81     1007.02     1173.58      890.75      337.95      288.60
c-POWT.R6     2753.43      786.64      916.75      695.82      263.99      225.45
c-POWT.R4     1231.43      351.82      410.00      311.19      118.07      100.83
c-NG  .R1      144.79       41.37       48.21       36.59       13.88       11.86
c-NG  .R2       66.32       18.95       22.08       16.76        6.36        5.43
c-NG  .R5       82.24       23.49       27.38       20.78        7.88        6.73
c-NG  .R3       58.67       16.76       19.54       14.83        5.63        4.80
c-NG  .R6       45.83       13.09       15.26       11.58        4.39        3.75
c-NG  .R4       20.50        5.86        6.82        5.18        1.97        1.68
c-LTH .R1     2353.51      631.29      577.78      575.29      205.23      200.42
c-LTH .R2      810.69      217.45      199.02      198.17       70.69       69.04
c-LTH .R5      902.99      242.21      221.68      220.73       78.74       76.90
c-LTH .R3      722.52      193.80      177.38      176.61       63.01       61.53
c-LTH .R6      455.16      122.09      111.74      111.26       39.69       38.76
c-LTH .R4      275.25       73.83       67.57       67.28       24.00       23.44
c-CCON.R1   167435.71    52406.72    36847.06    40042.79    12771.58    11854.68
c-CCON.R2    56317.83    17627.26    12393.69    13468.59     4295.79     3987.38
c-CCON.R5    37615.52    11773.51     8277.93     8995.87     2869.22     2663.23
c-CCON.R3    41575.69    13013.03     9149.43     9942.96     3171.29     2943.62
c-CCON.R6    13243.41     4145.13     2914.44     3167.20     1010.17      937.65
c-CCON.R4    11952.62     3741.12     2630.38     2858.51      911.72      846.26
c-TRAI.R1     1018.81      250.06      302.54      224.13       75.90       75.28
c-TRAI.R2      444.55      109.11      132.01       97.80       33.12       32.85
c-TRAI.R5     5289.70     1298.34     1570.82     1163.69      394.08      390.87
c-TRAI.R3      265.34       65.13       78.79       58.37       19.77       19.61
c-TRAI.R6       87.87       21.57       26.09       19.33        6.55        6.49
c-TRAI.R4      100.40       24.64       29.81       22.09        7.48        7.42
c-TPIP.R1      885.70      217.39      263.02      194.85       65.99       65.45
c-TPIP.R2      386.47       94.86      114.77       85.02       28.79       28.56
c-TPIP.R5     4598.60     1128.72     1365.59     1011.65      342.60      339.81
c-TPIP.R3      230.67       56.62       68.50       50.75       17.19       17.05
c-TPIP.R6       76.39       18.75       22.68       16.80        5.69        5.64
c-TPIP.R4       87.28       21.42       25.92       19.20        6.50        6.45
c-TLNL.R1      773.57      189.87      229.72      170.18       57.63       57.16
c-TLNL.R2      337.54       82.85      100.24       74.26       25.15       24.94
c-TLNL.R5     4016.38      985.81     1192.69      883.57      299.22      296.78
c-TLNL.R3      201.47       49.45       59.83       44.32       15.01       14.89
c-TLNL.R6       66.72       16.38       19.81       14.68        4.97        4.93
c-TLNL.R4       76.23       18.71       22.64       16.77        5.68        5.63
c-TLNH.R1     3094.26      759.48      918.87      680.71      230.52      228.65
c-TLNH.R2     1350.17      331.40      400.94      297.03      100.59       99.77
c-TLNH.R5    16065.51     3943.24     4770.78     3534.28     1196.89     1187.13
c-TLNH.R3      805.87      197.80      239.31      177.28       60.04       59.55
c-TLNH.R6      266.86       65.50       79.25       58.71       19.88       19.72
c-TLNH.R4      304.92       74.84       90.55       67.08       22.72       22.53
c-TSEA.R1     4103.86     1587.22     3324.50      976.54      439.47      336.55
c-TSEA.R2     1970.64      762.17     1596.40      468.93      211.03      161.61
c-TSEA.R5     3283.08     1269.77     2659.59      781.23      351.57      269.24
c-TSEA.R3     1278.37      494.42     1035.59      304.20      136.90      104.84
c-TSEA.R6      919.68      355.70      745.02      218.84       98.49       75.42
c-TSEA.R4      643.76      248.98      521.51      153.19       68.94       52.79
c-TAIR.R1     6820.68     1888.27     2796.47     1546.83      510.47      495.41
c-TAIR.R2     1609.20      445.50      659.77      364.94      120.43      116.88
c-TAIR.R5     1338.16      370.46      548.65      303.48      100.15       97.19
c-TAIR.R3     1742.05      482.28      714.24      395.07      130.38      126.53
c-TAIR.R6      612.85      169.66      251.27      138.99       45.87       44.51
c-TAIR.R4      609.08      168.62      249.72      138.13       45.58       44.24
c-COFF.R1   292342.40    73165.88    95086.39    66449.53    25403.01    27618.50
c-COFF.R2    58214.49    14569.61    18934.66    13232.17     5058.53     5499.70
c-COFF.R5    59546.55    14902.99    19367.93    13534.95     5174.28     5625.55
c-COFF.R3    53047.59    13276.46    17254.09    12057.73     4609.55     5011.57
c-COFF.R6    17064.92     4270.92     5550.48     3878.86     1482.85     1612.18
c-COFF.R4    20566.82     5147.35     6689.50     4674.85     1787.15     1943.01
c-CENT.R1    52720.87    13237.69    11596.90    11879.80     3910.16     3969.56
c-CENT.R2     9499.44     2385.22     2089.57     2140.55      704.55      715.25
c-CENT.R5     8389.79     2106.59     1845.48     1890.50      622.25      631.70
c-CENT.R3     8401.17     2109.45     1847.99     1893.07      623.09      632.56
c-CENT.R6     2275.35      571.32      500.51      512.71      168.76      171.32
c-CENT.R4     2725.48      684.34      599.52      614.14      202.14      205.21
c-FIN .R1   222120.07    55850.03    56832.71    49389.52    16175.52    16032.88
c-FIN .R2    42226.80    10617.54    10804.35     9389.34     3075.10     3047.98
c-FIN .R5    40017.85    10062.12    10239.16     8898.17     2914.23     2888.53
c-FIN .R3    37208.48     9355.73     9520.34     8273.49     2709.65     2685.75
c-FIN .R6     8952.22     2250.95     2290.56     1990.57      651.93      646.18
c-FIN .R4     9392.75     2361.72     2403.27     2088.52      684.01      677.98
c-CHEA.R1   163774.52    40145.41    38507.94    43422.76    17868.09    20625.61
c-CHEA.R2    39760.95     9746.45     9348.90    10542.12     4337.99     5007.46
c-CHEA.R5    38440.36     9422.73     9038.40    10191.98     4193.91     4841.14
c-CHEA.R3    43409.31    10640.76    10206.74    11509.44     4736.03     5466.93
c-CHEA.R6    18017.77     4416.62     4236.48     4777.19     1965.77     2269.14
c-CHEA.R4    20845.52     5109.78     4901.36     5526.93     2274.28     2625.26


----   1270 PARAMETER diffXD  

        c-AAGR      c-FISH      c-COIL      c-GASE      c-IMIN      c-IRES      c-REFP      c-REFG      c-ICHA       c-BIO      c-IMEA      c-COMT       c-MVT      c-CWSR      c-POWF      c-POWR      c-POWT        c-NG       c-LTH      c-CCON      c-TRAI      c-TPIP      c-TLNL      c-TLNH      c-COFF      c-CENT       c-FIN      c-CHEA

R1 1.45519E-11 -1.4211E-14 2.27374E-13 -4.5475E-13 -1.1369E-13             -9.0949E-13                         1.42109E-14                                                 1.13687E-13             -3.6380E-12 -5.6843E-14                         -4.5475E-13 2.27374E-13 2.27374E-13             1.16415E-10 1.45519E-11
R2 7.27596E-12 -4.5475E-13 9.09495E-13             -4.5475E-13             -1.1369E-13                         1.77636E-15                                                                                                 2.27374E-13 -1.4552E-11 -2.2737E-13             1.13687E-13 4.54747E-13                                     -1.4552E-11
R5 3.63798E-12 -3.6380E-12 7.27596E-12             -1.8190E-12 3.63798E-12 -4.5475E-13                         7.10543E-15 9.09495E-13 -3.6380E-12 7.27596E-12                                                                                                                                                 1.81899E-12 -1.4552E-11
R3 7.27596E-12 -1.8190E-12             -2.2737E-13 -5.6843E-14 -1.8190E-12 -1.1369E-13             1.13687E-13                         -3.6380E-12 3.63798E-12             2.84217E-14 4.54747E-13             -2.8422E-14             1.45519E-11                         5.68434E-14 2.27374E-13 1.45519E-11 -3.6380E-12 1.45519E-11 -1.4552E-11
R6             -1.8190E-12             -1.1369E-13 -1.4211E-14             -5.6843E-14             -5.6843E-14 1.77636E-15 4.54747E-13 9.09495E-13                         1.42109E-14                                                 -3.6380E-12 -2.8422E-14             1.42109E-14             7.27596E-12 9.09495E-13
R4 -9.0949E-13 -9.0949E-13                         -1.4211E-14 -9.0949E-13             -1.7764E-15 3.55271E-15 2.22045E-16             -9.0949E-13 4.54747E-13 -1.8190E-12                         4.54747E-13                         -3.6380E-12 -2.8422E-14             2.84217E-14             7.27596E-12             3.63798E-12


----   1270 PARAMETER diffX  

        c-AAGR      c-FISH      c-COIL      c-GASE      c-IMIN      c-IRES      c-REFP      c-REFG      c-ICHA       c-BIO      c-IMEA      c-COMT       c-MVT      c-CWSR      c-POWF      c-POWR      c-POWT        c-NG       c-LTH      c-CCON      c-TRAI      c-TPIP      c-TLNL      c-TLNH      c-TSEA      c-TAIR      c-COFF      c-CENT       c-FIN      c-CHEA

R1 5.82077E-11 3.63798E-12 1.81899E-12 -3.6380E-12             -2.9104E-11 1.81899E-12                         -2.8422E-14 -3.6380E-12 -2.9104E-11 -1.4552E-11             -1.1369E-13 3.63798E-12                                     -5.8208E-11             9.09495E-13 -9.0949E-13 -3.6380E-12 1.81899E-12             5.82077E-11 1.45519E-11             -1.1642E-10
R2 1.45519E-11 9.09495E-13 9.09495E-13             -2.2737E-13                                                                         -1.0914E-11 -7.2760E-12             -2.8422E-14 1.81899E-12                                                 -2.2737E-13 4.54747E-13                         -9.0949E-13 4.54747E-13 1.45519E-11 3.63798E-12
R5 7.27596E-12 1.81899E-12                         -9.0949E-13 -7.2760E-12 1.81899E-12 1.81899E-12 -1.8190E-12 -1.4211E-14             -7.2760E-12 -7.2760E-12             -5.6843E-14 9.09495E-13 1.81899E-12             -2.2737E-13 -1.4552E-11             2.27374E-13 2.27374E-13 9.09495E-13             -9.0949E-13             3.63798E-12 -1.4552E-11 -1.4552E-11
R3                                     -9.0949E-13                                     9.09495E-13                                     -7.2760E-12 -7.2760E-12 -7.2760E-12 -2.8422E-14 4.54747E-13 1.81899E-12 2.84217E-14                         -2.2737E-13 2.27374E-13 4.54747E-13 1.81899E-12 -9.0949E-13             2.91038E-11 3.63798E-12
R6 7.27596E-12 9.09495E-13 2.27374E-13 -4.5475E-13 -5.6843E-14 -1.8190E-12 -2.2737E-13             -4.5475E-13 3.55271E-15                         -1.8190E-12                         2.27374E-13 9.09495E-13                         -3.6380E-12             5.68434E-14                                     -2.2737E-13             9.09495E-13 7.27596E-12 -7.2760E-12
R4 3.63798E-12 4.54747E-13                                                 2.27374E-13 4.54747E-13 4.54747E-13 -1.7764E-15             -3.6380E-12 -1.8190E-12 -3.6380E-12             4.54747E-13 4.54747E-13                                     -1.1369E-13             5.68434E-14                                                 2.72848E-12             -7.2760E-12


----   1270 PARAMETER indicator_sec  

c-AAGR 9.09495E-11,    c-FISH 7.73070E-12,    c-COIL 8.41283E-12,    c-GASE -7.9581E-13,    c-IMIN -1.1937E-12,    c-IRES 9.09495E-13,    c-REFP 3.63798E-12,    c-REFG 3.18323E-12,    c-ICHA 6.03961E-14,    c-BIO  2.50910E-14,    c-IMEA 1.36424E-12,    c-COMT -7.2760E-12,    c-MVT  1.13687E-11,    c-CWSR -1.8190E-12,    c-POWF 1.56319E-13,    c-POWR 7.50333E-12,    c-POWT 5.00222E-12,    c-NG   2.84217E-14,    c-LTH  2.27374E-13,    c-CCON -7.2760E-12,    c-TRAI -5.6843E-13,    c-TPIP 1.87583E-12,    c-TLNL 4.40536E-13,    c-TLNH 6.82121E-13,    c-COFF 1.45519E-10,    c-CENT 2.91038E-11,    c-FIN  3.63798E-12,    c-CHEA -2.9104E-11


----   1270 VARIABLE entropy.L             =         1.00  

----   1277 PARAMETER TAXCZR  product taxes

           c-AAGR      c-FISH      c-COIL      c-GASE      c-IMIN      c-IRES      c-REFP      c-REFG      c-ICHA       c-BIO      c-IMEA      c-COMT       c-MVT      c-CWSR      c-POWF      c-POWR      c-POWT        c-NG       c-LTH      c-CCON      c-TRAI      c-TPIP      c-TLNL      c-TLNH      c-TSEA      c-TAIR      c-COFF      c-CENT       c-FIN

R1.R1    18174.17        0.38        2.79        5.83        0.73     5728.65     3041.11     3582.94     2939.23       11.78      534.66    11578.39     5399.24      343.00       53.98     1191.34     2554.12       42.52      491.74    18823.68       65.68       57.10       49.87      199.48      104.21     1060.45     9877.52     4098.00     5530.98
R1.R2     5619.14        0.16        0.91        1.91        0.24     1829.48      990.12     1166.53      809.87        3.30      261.94     2514.96     2040.03      121.67       15.42      340.36      729.70       12.15      131.90     5891.74       16.12       14.02       12.24       48.96       40.30      293.58     2472.09     1028.97     1390.71
R1.R5     4722.41        0.18        4.72        9.87        1.23     2073.59     1753.03     2065.37     1077.88        5.01      249.48     2424.79     2067.94      208.29       17.97      396.65      850.39       14.16      120.72     4142.47       19.50       16.96       14.81       59.24       84.42      434.79     3212.73      901.43     1415.18
R1.R3     5679.55        0.25        0.51        1.06        0.13     1506.54      832.75      981.12      774.24        2.85      172.71     2196.21     1676.95      107.23       13.64      301.06      645.45       10.74      120.20     4501.74       14.45       12.56       10.97       43.88       24.80      240.50     2245.16      923.42     1229.84
R1.R6     1877.44        0.10        0.24        0.51        0.06      609.56      360.90      425.20      303.14        1.07       79.74      707.78      403.28       42.92        5.18      114.22      244.88        4.08       42.88     1435.82        4.89        4.25        3.72       14.86       11.16       79.37      858.30      303.94      402.78
R1.R4     1679.53        0.08        0.08        0.17        0.02      469.41      307.43      362.20      262.76        0.78       44.29      686.62      426.18       34.99        4.42       97.54      209.13        3.48       41.88     1332.74        4.85        4.22        3.69       14.74        8.55       77.02      933.16      308.55      399.23
R2.R1     7057.39       13.44        8.23       17.23        2.15     2247.70      295.74      348.43      441.40        1.97      400.29     2004.53     3153.84       74.90       24.73      545.69     1169.91       19.47      169.38     6331.44       28.66       24.92       21.76       87.04       50.04      250.19     1966.92      738.39     1051.48
R2.R2     2182.02        5.71        2.69        5.64        0.70      717.82       96.29      113.44      121.62        0.55      196.11      435.41     1191.64       26.57        7.06      155.90      334.24        5.56       45.43     1981.71        7.03        6.12        5.34       21.36       19.35       69.26      492.27      185.40      264.39
R2.R5     1833.81        6.24       13.93       29.16        3.64      813.60      170.48      200.85      161.87        0.84      186.78      419.80     1207.94       45.48        8.23      181.69      389.52        6.48       41.58     1393.34        8.51        7.40        6.46       25.85       40.54      102.58      639.76      162.42      269.04
R2.R3     2205.48        8.83        1.50        3.14        0.39      591.11       80.98       95.41      116.27        0.48      129.30      380.22      979.55       23.41        6.25      137.90      295.65        4.92       41.40     1514.18        6.30        5.48        4.79       19.15       11.91       56.74      447.08      166.38      233.80
R2.R6      729.05        3.47        0.72        1.51        0.19      239.17       35.10       41.35       45.52        0.18       59.70      122.54      235.57        9.37        2.37       52.32      112.17        1.87       14.77      482.95        2.14        1.86        1.62        6.48        5.36       18.72      170.92       54.76       76.57
R2.R4      652.20        2.86        0.24        0.50        0.06      184.18       29.90       35.22       39.46        0.13       33.16      118.87      248.95        7.64        2.02       44.68       95.79        1.59       14.42      448.27        2.12        1.84        1.61        6.43        4.10       18.17      185.82       55.60       75.90
R5.R1     4822.53       53.93       54.41      113.84       14.20     2247.02     2212.27     2606.42     2528.76       10.61      288.05     1654.72     2936.46       70.89       30.51      676.64     1450.66       24.15      188.67     4228.86      341.02      296.47      258.93     1035.73       83.36      208.05     2011.93      652.14      996.48
R5.R2     1491.04       22.89       17.80       37.25        4.65      717.60      720.26      848.59      696.77        2.97      141.12      359.42     1109.50       25.15        8.72      193.31      414.45        6.90       50.61     1323.62       83.70       72.77       63.55      254.22       32.24       57.60      503.53      163.75      250.56
R5.R5     1253.10       25.03       92.08      192.67       24.04      813.35     1275.25     1502.46      927.35        4.51      134.41      346.54     1124.68       43.05       10.16      225.29      482.99        8.04       46.32      930.63      101.27       88.04       76.89      307.57       67.53       85.30      654.39      143.45      254.96
R5.R3     1507.07       35.43        9.93       20.77        2.59      590.93      605.79      713.72      666.12        2.56       93.05      313.87      912.03       22.16        7.71      170.99      366.59        6.10       46.12     1011.35       75.02       65.22       56.96      227.85       19.84       47.18      457.31      146.95      221.57
R5.R6      498.18       13.90        4.76        9.95        1.24      239.10      262.54      309.31      260.80        0.96       42.96      101.15      219.33        8.87        2.92       64.87      139.09        2.32       16.45      322.57       25.41       22.09       19.29       77.16        8.93       15.57      174.83       48.37       72.57
R5.R4      445.67       11.48        1.58        3.30        0.41      184.12      223.64      263.48      226.06        0.70       23.86       98.13      231.79        7.23        2.50       55.40      118.78        1.98       16.07      299.41       25.20       21.91       19.13       76.53        6.84       15.11      190.07       49.10       71.93
R3.R1     7858.24       65.16        1.10        2.30        0.29     1852.44      351.26      413.85      402.47        1.70      214.08     1678.79     2383.11       64.55       21.88      482.77     1035.02       17.23      150.96     4674.08       17.11       14.87       12.99       51.95       32.46      270.85     1792.35      653.02      926.52
R3.R2     2429.63       27.66        0.36        0.75        0.09      591.59      114.36      134.74      110.90        0.48      104.88      364.65      900.42       22.90        6.25      137.93      295.70        4.92       40.49     1462.97        4.20        3.65        3.19       12.75       12.55       74.98      448.58      163.97      232.97
R3.R5     2041.90       30.25        1.86        3.89        0.49      670.53      202.48      238.56      147.60        0.72       99.89      351.58      912.74       39.20        7.28      160.74      344.61        5.74       37.06     1028.61        5.08        4.42        3.86       15.43       26.30      111.05      582.97      143.64      237.06
R3.R3     2455.75       42.81        0.20        0.42        0.05      487.16       96.19      113.32      106.02        0.41       69.15      318.44      740.17       20.18        5.53      122.00      261.56        4.35       36.90     1117.82        3.76        3.27        2.86       11.43        7.72       61.42      407.40      147.15      206.02
R3.R6      811.78       16.80        0.10        0.20        0.03      197.11       41.69       49.11       41.51        0.15       31.93      102.62      178.00        8.08        2.10       46.29       99.24        1.65       13.16      356.53        1.27        1.11        0.97        3.87        3.48       20.27      155.75       48.43       67.47
R3.R4      726.21       13.87        0.03        0.07        0.01      151.79       35.51       41.84       35.98        0.11       17.73       99.55      188.11        6.58        1.79       39.53       84.75        1.41       12.86      330.93        1.26        1.10        0.96        3.84        2.66       19.67      169.33       49.17       66.88
R6.R1     1915.79       41.14        0.40        0.83        0.10     1098.94      224.10      264.03      238.79        0.99      134.94      472.31      282.15       20.80       17.09      377.12      808.52       13.46       95.10     1488.87        5.66        4.92        4.30       17.20       23.35       95.28      576.58      176.86      222.92
R6.R2      592.33       17.46        0.13        0.27        0.03      350.96       72.96       85.96       65.79        0.28       66.11      102.59      106.61        7.38        4.88      107.74      230.99        3.85       25.51      466.01        1.39        1.21        1.06        4.22        9.03       26.38      144.30       44.41       56.05
R6.R5      497.80       19.10        0.67        1.41        0.18      397.78      129.18      152.20       87.57        0.42       62.97       98.91      108.07       12.63        5.69      125.56      269.19        4.48       23.35      327.65        1.68        1.46        1.28        5.11       18.92       39.07      187.54       38.90       57.04
R6.R3      598.70       27.03        0.07        0.15        0.02      289.01       61.37       72.30       62.90        0.24       43.59       89.59       87.63        6.50        4.32       95.30      204.32        3.40       23.25      356.07        1.25        1.08        0.95        3.78        5.56       21.61      131.06       39.85       49.57
R6.R6      197.91       10.61        0.03        0.07        0.01      116.93       26.59       31.33       24.63        0.09       20.12       28.87       21.07        2.60        1.64       36.16       77.52        1.29        8.29      113.57        0.42        0.37        0.32        1.28        2.50        7.13       50.10       13.12       16.23
R6.R4      177.04        8.76        0.01        0.02 3.015640E-3       90.05       22.65       26.69       21.35        0.07       11.18       28.01       22.27        2.12        1.40       30.88       66.20        1.10        8.10      105.41        0.42        0.36        0.32        1.27        1.92        6.92       54.47       13.32       16.09
R4.R1     1249.29       37.69        0.58        1.21        0.15      571.94        5.94        6.99       26.46        0.13       50.80      402.83      305.13       18.40        7.64      168.66      361.60        6.02       57.51     1343.75        6.47        5.63        4.91       19.66       16.35       94.70      694.90      211.85      233.89
R4.R2      386.26       16.00        0.19        0.40        0.05      182.65        1.93        2.28        7.29        0.04       24.89       87.50      115.29        6.53        2.18       48.19      103.31        1.72       15.43      420.59        1.59        1.38        1.21        4.82        6.32       26.22      173.92       53.19       58.81
R4.R5      324.62       17.50        0.98        2.05        0.26      207.03        3.42        4.03        9.70        0.06       23.71       84.36      116.87       11.18        2.54       56.16      120.39        2.00       14.12      295.72        1.92        1.67        1.46        5.84       13.24       38.83      226.02       46.60       59.84
R4.R3      390.41       24.76        0.11        0.22        0.03      150.41        1.63        1.92        6.97        0.03       16.41       76.41       94.77        5.75        1.93       42.62       91.38        1.52       14.06      321.36        1.42        1.24        1.08        4.32        3.89       21.48      157.95       47.74       52.01
R4.R6      129.05        9.72        0.05        0.11        0.01       60.86        0.70        0.83        2.73        0.01        7.58       24.62       22.79        2.30        0.73       16.17       34.67        0.58        5.01      102.50        0.48        0.42        0.37        1.46        1.75        7.09       60.38       15.71       17.03
R4.R4      115.45        8.02        0.02        0.04 4.381632E-3       46.87        0.60        0.71        2.37        0.01        4.21       23.89       24.09        1.88        0.63       13.81       29.61        0.49        4.90       95.14        0.48        0.42        0.36        1.45        1.34        6.88       65.65       15.95       16.88


----   1277 PARAMETER TMCRZ  transp and trade margins

           c-AAGR      c-FISH      c-COIL      c-GASE      c-IMIN      c-IRES      c-REFP      c-REFG      c-ICHA       c-BIO      c-IMEA      c-COMT       c-MVT      c-CENT

R1.R1    28431.66        4.30       56.35      117.90       14.71    27534.92     2624.92     3092.60     9750.70       58.50     4589.24    13949.38     6309.76     8928.35
R1.R2     8790.58        1.82       18.44       38.58        4.81     8793.46      854.61     1006.88     2686.71       16.40     2248.34     3029.97     2384.06     2241.82
R1.R5     7387.73        1.99       95.37      199.55       24.90     9966.80     1513.12     1782.71     3575.80       24.88     2141.42     2921.33     2416.68     1963.95
R1.R3     8885.09        2.82       10.28       21.51        2.68     7241.25      718.78      846.85     2568.50       14.14     1482.43     2645.94     1959.74     2011.86
R1.R6     2937.07        1.11        4.93       10.31        1.29     2929.89      311.51      367.01     1005.64        5.30      684.41      852.72      471.29      662.19
R1.R4     2627.46        0.91        1.63        3.42        0.43     2256.24      265.35      312.63      871.69        3.86      380.17      827.22      498.05      672.25
R2.R1    11040.58      151.46      166.42      348.22       43.45    10803.65      255.27      300.75     1464.33        9.77     3435.84     2415.02     3685.70     1608.74
R2.R2     3413.56       64.29       54.46      113.96       14.22     3450.21       83.11       97.92      403.48        2.74     1683.28      524.57     1392.59      403.94
R2.R5     2868.81       70.31      281.66      589.35       73.53     3910.59      147.15      173.36      537.00        4.16     1603.22      505.76     1411.64      353.87
R2.R3     3450.26       99.51       30.36       63.53        7.93     2841.19       69.90       82.35      385.73        2.36     1109.85      458.08     1144.74      362.50
R2.R6     1140.52       39.05       14.55       30.44        3.80     1149.57       30.29       35.69      151.02        0.89      512.40      147.63      275.29      119.32
R2.R4     1020.30       32.24        4.83       10.10        1.26      885.26       25.80       30.40      130.91        0.64      284.62      143.21      290.93      121.13
R5.R1     7544.37      607.51     1099.69     2300.98      287.09    10800.37     1909.50     2249.72     8389.00       52.66     2472.44     1993.57     3431.66     1420.82
R5.R2     2332.59      257.87      359.88      753.00       93.95     3449.17      621.69      732.46     2311.51       14.77     1211.29      433.03     1296.61      356.75
R5.R5     1960.34      282.03     1861.18     3894.31      485.90     3909.40     1100.72     1296.84     3076.43       22.40     1153.68      417.50     1314.35      312.54
R5.R3     2357.67      399.13      200.62      419.78       52.38     2840.33      522.88      616.04     2209.81       12.73      798.65      378.14     1065.84      320.16
R5.R6      779.35      156.62       96.13      201.13       25.10     1149.23      226.61      266.98      865.20        4.77      368.72      121.87      256.32      105.38
R5.R4      697.20      129.31       31.90       66.75        8.33      884.99      193.03      227.42      749.95        3.47      204.81      118.22      270.87      106.98
R3.R1    12293.43      734.02       22.20       46.45        5.80     8903.80      303.19      357.21     1335.18        8.42     1837.52     2022.57     2784.99     1422.75
R3.R2     3800.92      311.57        7.26       15.20        1.90     2843.49       98.71      116.30      367.90        2.36      900.23      439.33     1052.27      357.24
R3.R5     3194.35      340.76       37.57       78.61        9.81     3222.90      174.77      205.91      489.64        3.58      857.42      423.57     1066.67      312.96
R3.R3     3841.78      482.25        4.05        8.47        1.06     2341.56       83.02       97.81      351.71        2.03      593.56      383.65      864.99      320.59
R3.R6     1269.95      189.24        1.94        4.06        0.51      947.42       35.98       42.39      137.70        0.76      274.04      123.64      208.02      105.52
R3.R4     1136.08      156.24        0.64        1.35        0.17      729.59       30.65       36.11      119.36        0.55      152.22      119.94      219.83      107.12
R6.R1     2997.06      463.47        8.05       16.84        2.10     5282.11      193.43      227.90      792.15        4.90     1158.25      569.03      329.73      385.33
R6.R2      926.64      196.73        2.63        5.51        0.69     1686.88       62.98       74.20      218.27        1.37      567.45      123.60      124.59       96.75
R6.R5      778.76      215.16       13.62       28.50        3.56     1911.96      111.50      131.37      290.50        2.08      540.46      119.17      126.29       84.76
R6.R3      936.60      304.50        1.47        3.07        0.38     1389.11       52.97       62.40      208.67        1.18      374.14      107.93      102.41       86.83
R6.R6      309.60      119.49        0.70        1.47        0.18      562.05       22.96       27.04       81.70        0.44      172.73       34.78       24.63       28.58
R6.R4      276.97       98.66        0.23        0.49        0.06      432.82       19.55       23.04       70.82        0.32       95.95       33.74       26.03       29.01
R4.R1     1954.38      424.56       11.69       24.47        3.05     2749.06        5.12        6.04       87.77        0.66      436.08      485.32      356.59      461.56
R4.R2      604.26      180.21        3.83        8.01        1.00      877.93        1.67        1.97       24.18        0.19      213.64      105.42      134.73      115.89
R4.R5      507.83      197.10       19.79       41.41        5.17      995.07        2.95        3.48       32.19        0.28      203.48      101.64      136.57      101.53
R4.R3      610.76      278.93        2.13        4.46        0.56      722.96        1.40        1.65       23.12        0.16      140.86       92.06      110.75      104.01
R4.R6      201.89      109.45        1.02        2.14        0.27      292.52        0.61        0.72        9.05        0.06       65.03       29.67       26.63       34.23
R4.R4      180.61       90.37        0.34        0.71        0.09      225.26        0.52        0.61        7.85        0.04       36.12       28.78       28.15       34.75


----   1300 PARAMETER XZ  initial domestic sales

        c-AAGR      c-FISH      c-COIL      c-GASE      c-IMIN      c-IRES      c-REFP      c-REFG      c-ICHA       c-BIO      c-IMEA      c-COMT       c-MVT      c-CWSR      c-POWF      c-POWR      c-POWT        c-NG       c-LTH      c-CCON      c-TRAI      c-TPIP      c-TLNL      c-TLNH      c-TSEA      c-TAIR      c-COFF      c-CENT       c-FIN      c-CHEA

R1   302715.96    17654.47    16861.80    35281.38     4402.08   236876.80    24010.24    28288.13    63911.17      460.21    66196.26   209917.34   174943.44   203077.67      719.36    15890.91    34068.70      567.11     6716.50   366498.12     7676.81     6673.84     5828.87    23315.49    12968.02    19868.49   600313.60   113141.14   394804.00   324248.42
R2    93594.56     7493.88     5518.08    11545.95     1440.60    75648.14     7817.21     9209.99    17610.09      129.03    32430.63    45596.51    66099.93    72037.09      205.52     4539.97     9733.30      162.02     1801.58   114712.48     1884.26     1638.08     1430.68     5722.74     5015.54     5500.48   150243.25    28408.62    99269.80    79481.74
R5    78658.28     8195.95    28537.88    59712.22     7450.34    85742.12    13840.60    16306.57    23437.62      195.71    30888.28    43961.58    67004.32   123322.83      239.51     5290.83    11343.08      188.82     1648.90    80654.12     2279.69     1981.85     1730.93     6923.72    10505.26     8146.07   195256.15    24887.43   101016.46    76239.81
R3    94600.80    11598.94     3076.16     6436.51      803.09    62294.86     6574.74     7746.16    16835.29      111.21    21382.87    39817.49    54335.53    63487.21      181.79     4015.78     8609.47      143.31     1641.79    87649.20     1688.83     1468.19     1282.30     5129.21     3085.81     4505.89   136451.49    25494.53    87786.66    85970.41
R6    31271.40     4551.48     1473.93     3084.03      384.80    25205.15     2849.36     3357.03     6591.49       41.68     9872.09    12832.16    13066.99    25410.06       68.97     1523.58     3266.41       54.37      585.69    27955.58      571.93      497.20      434.25     1737.02     1388.70     1486.98    52164.07     8391.37    28750.94    35376.08
R4    27974.94     3757.95      489.16     1023.51      127.70    19409.90     2427.20     2859.65     5713.49       30.33     5483.62    12448.41    13808.97    20714.50       58.90     1301.12     2789.48       46.43      571.97    25948.58      567.26      493.15      430.71     1722.86     1063.47     1443.11    56713.50     8518.84    28497.40    40835.54


----   1300 PARAMETER diffXD  

        c-AAGR      c-FISH      c-COIL      c-GASE      c-IMIN      c-IRES      c-REFP      c-REFG      c-ICHA       c-BIO      c-IMEA      c-COMT       c-MVT      c-CWSR      c-POWF      c-POWR      c-POWT        c-NG       c-LTH      c-CCON      c-TRAI      c-TPIP      c-TLNL      c-TLNH      c-COFF      c-CENT       c-FIN      c-CHEA

R1 1.45519E-11 -1.4211E-14 2.27374E-13 -4.5475E-13 -1.1369E-13             -9.0949E-13                         1.42109E-14                                                 1.13687E-13             -3.6380E-12 -5.6843E-14                         -4.5475E-13 2.27374E-13 2.27374E-13             1.16415E-10 1.45519E-11
R2 7.27596E-12 -4.5475E-13 9.09495E-13             -4.5475E-13             -1.1369E-13                         1.77636E-15                                                                                                 2.27374E-13 -1.4552E-11 -2.2737E-13             1.13687E-13 4.54747E-13                                     -1.4552E-11
R5 3.63798E-12 -3.6380E-12 7.27596E-12             -1.8190E-12 3.63798E-12 -4.5475E-13                         7.10543E-15 9.09495E-13 -3.6380E-12 7.27596E-12                                                                                                                                                 1.81899E-12 -1.4552E-11
R3 7.27596E-12 -1.8190E-12             -2.2737E-13 -5.6843E-14 -1.8190E-12 -1.1369E-13             1.13687E-13                         -3.6380E-12 3.63798E-12             2.84217E-14 4.54747E-13             -2.8422E-14             1.45519E-11                         5.68434E-14 2.27374E-13 1.45519E-11 -3.6380E-12 1.45519E-11 -1.4552E-11
R6             -1.8190E-12             -1.1369E-13 -1.4211E-14             -5.6843E-14             -5.6843E-14 1.77636E-15 4.54747E-13 9.09495E-13                         1.42109E-14                                                 -3.6380E-12 -2.8422E-14             1.42109E-14             7.27596E-12 9.09495E-13
R4 -9.0949E-13 -9.0949E-13                         -1.4211E-14 -9.0949E-13             -1.7764E-15 3.55271E-15 2.22045E-16             -9.0949E-13 4.54747E-13 -1.8190E-12                         4.54747E-13                         -3.6380E-12 -2.8422E-14             2.84217E-14             7.27596E-12             3.63798E-12


----   1300 PARAMETER diffX  

        c-AAGR      c-FISH      c-COIL      c-GASE      c-IMIN      c-IRES      c-REFP      c-REFG      c-ICHA       c-BIO      c-IMEA      c-COMT       c-MVT      c-CWSR      c-POWF      c-POWR      c-POWT        c-NG       c-LTH      c-CCON      c-TRAI      c-TPIP      c-TLNL      c-TLNH      c-TSEA      c-TAIR      c-COFF      c-CENT       c-FIN      c-CHEA

R1    41077.41      211.74       67.50      141.24       17.62    13746.69     6130.42     7222.67     6577.10       27.17     1622.81    17791.58    14459.94      592.53      155.83     3442.23     7379.83      122.85     1153.36    36890.67      464.61      403.91      352.77     1411.07      309.77     1979.52    16920.20     6530.27     8962.28 -5.8208E-11
R2    12700.43       89.88       22.09       46.22        5.77     4390.09     1995.93     2351.54     1812.26        7.62      795.04     3864.54     5463.49      210.19       44.52      983.43     2108.39       35.10      309.37    11546.64      114.04       99.14       86.59      346.35      119.81      548.02     4234.70     1639.69     2253.48
R5    10673.63       98.30      114.24      239.04       29.83     4975.88     3533.85     4163.48     2411.97       11.55      757.23     3725.97     5538.24      359.83       51.88     1146.08     2457.09       40.90      283.15     8118.42      137.97      119.94      104.76      419.03      250.94      811.60     5503.41     1436.45     2293.13
R3    12836.97      139.11       12.31       25.77        3.21     3615.16     1678.70     1977.79     1732.52        6.57      524.20     3374.74     4491.10      185.24       39.38      869.88     1864.95       31.04      281.93     8822.52      102.21       88.86       77.61      310.42       73.71      448.93     3845.97     1471.49     1992.81
R6     4243.41       54.59        5.90       12.35        1.54     1462.73      727.51      857.13      678.33        2.46      242.02     1087.59     1080.05       74.14       14.94      330.03      707.56       11.78      100.58     2813.93       34.61       30.09       26.28      105.13       33.17      148.15     1470.28      484.33      652.66
R4     3796.09       45.07        1.96        4.10        0.51     1126.42      619.72      730.14      587.98        1.79      134.43     1055.07     1141.38       60.44       12.76      281.84      604.25       10.06       98.22     2611.91       34.33       29.85       26.07      104.27       25.40      143.78     1598.50      491.69      646.91


----   1300 PARAMETER TMCRZ_f  

        c-AAGR      c-FISH      c-COIL      c-GASE      c-IMIN      c-IRES      c-REFP      c-REFG      c-ICHA       c-BIO      c-IMEA      c-COMT       c-MVT      c-CENT

R1    64261.48     2385.31     1364.41     2854.86      356.20    66073.92     5291.43     6234.20    21819.14      134.91    13929.37    21434.89    16898.44    14227.57
R2    19868.54     1012.50      446.51      934.26      116.57    21101.13     1722.77     2029.72     6012.05       37.83     6824.23     4655.91     6384.84     3572.40
R5    16697.82     1107.36     2309.20     4831.73      602.86    23916.73     3050.22     3593.68     8001.55       57.37     6499.68     4488.97     6472.20     3129.61
R3    20082.15     1567.14      248.91      520.82       64.98    17376.40     1448.96     1707.12     5747.53       32.60     4499.50     4065.81     5248.47     3205.95
R6     6638.39      614.95      119.27      249.55       31.14     7030.67      627.95      739.83     2250.32       12.22     2077.34     1310.31     1262.19     1055.22
R4     5938.61      507.74       39.58       82.82       10.33     5414.16      534.91      630.22     1950.57        8.89     1153.89     1271.12     1333.86     1071.25


----   1300 PARAMETER TAXCZR_f  

        c-AAGR      c-FISH      c-COIL      c-GASE      c-IMIN      c-IRES      c-REFP      c-REFG      c-ICHA       c-BIO      c-IMEA      c-COMT       c-MVT      c-CWSR      c-POWF      c-POWR      c-POWT        c-NG       c-LTH      c-CCON      c-TRAI      c-TPIP      c-TLNL      c-TLNH      c-TSEA      c-TAIR      c-COFF      c-CENT       c-FIN

R1    41077.41      211.74       67.50      141.24       17.62    13746.69     6130.42     7222.67     6577.10       27.17     1622.81    17791.58    14459.94      592.53      155.83     3442.23     7379.83      122.85     1153.36    36890.67      464.61      403.91      352.77     1411.07      309.77     1979.52    16920.20     6530.27     8962.28
R2    12700.43       89.88       22.09       46.22        5.77     4390.09     1995.93     2351.54     1812.26        7.62      795.04     3864.54     5463.49      210.19       44.52      983.43     2108.39       35.10      309.37    11546.64      114.04       99.14       86.59      346.35      119.81      548.02     4234.70     1639.69     2253.48
R5    10673.63       98.30      114.24      239.04       29.83     4975.88     3533.85     4163.48     2411.97       11.55      757.23     3725.97     5538.24      359.83       51.88     1146.08     2457.09       40.90      283.15     8118.42      137.97      119.94      104.76      419.03      250.94      811.60     5503.41     1436.45     2293.13
R3    12836.97      139.11       12.31       25.77        3.21     3615.16     1678.70     1977.79     1732.52        6.57      524.20     3374.74     4491.10      185.24       39.38      869.88     1864.95       31.04      281.93     8822.52      102.21       88.86       77.61      310.42       73.71      448.93     3845.97     1471.49     1992.81
R6     4243.41       54.59        5.90       12.35        1.54     1462.73      727.51      857.13      678.33        2.46      242.02     1087.59     1080.05       74.14       14.94      330.03      707.56       11.78      100.58     2813.93       34.61       30.09       26.28      105.13       33.17      148.15     1470.28      484.33      652.66
R4     3796.09       45.07        1.96        4.10        0.51     1126.42      619.72      730.14      587.98        1.79      134.43     1055.07     1141.38       60.44       12.76      281.84      604.25       10.06       98.22     2611.91       34.33       29.85       26.07      104.27       25.40      143.78     1598.50      491.69      646.91


----   1300 PARAMETER TRADEZ_f  initial domestic production delivered from

                R1          R2          R5          R3          R6          R4

c-AAGR   126438.48    39092.60    32854.01    39512.89    13061.45    11684.58
c-FISH    14540.92     6172.26     6750.50     9553.35     3748.78     3095.20
c-COIL    12554.34     4108.45    21247.69     2290.33     1097.40      364.20
c-GASE    26268.52     8596.46    44458.35     4792.26     2296.19      762.05
c-IMIN     3277.54     1072.59     5547.10      597.93      286.50       95.08
c-IRES    56912.10    18175.25    20600.43    14966.99     6055.80     4663.43
c-REFP     4099.22     1334.62     2362.98     1122.49      486.47      414.39
c-REFG     4829.58     1572.41     2783.99     1322.49      573.14      488.22
c-ICHA     3740.24     1030.59     1371.63      985.24      385.75      334.37
c-BIO        56.65       15.88       24.09       13.69        5.13        3.73
c-IMEA    15871.61     7775.76     7405.96     5126.89     2366.99     1314.79
c-COMT   104373.24    22671.09    21858.19    19797.70     6380.29     6189.49
c-MVT     81130.94    30654.19    31073.61    25198.39     6059.89     6403.98
c-CWSR   194932.42    69147.75   118376.47    60940.80    24390.89    19883.67
c-POWF      530.67      151.61      176.68      134.10       50.88       43.45
c-POWR    11722.61     3349.11     3903.01     2962.41     1123.93      959.83
c-POWT    25132.24     7180.19     8367.71     6351.14     2409.61     2057.78
c-NG        418.35      119.52      139.29      105.72       40.11       34.25
c-LTH      5520.13     1480.68     1355.19     1349.34      481.37      470.09
c-CCON   328140.77   102706.78    72212.93    78475.92    25029.77    23232.83
c-TRAI     7206.66     1768.86     2140.07     1585.41      536.90      532.52
c-TPIP     6265.11     1537.76     1860.48     1378.27      466.75      462.95
c-TLNL     5471.90     1343.07     1624.92     1203.77      407.66      404.34
c-TLNH    21887.58     5372.26     6499.69     4815.09     1630.64     1617.34
c-TSEA    12199.39     4718.26     9882.60     2902.91     1306.39     1000.44
c-TAIR    12732.01     3524.79     5220.12     2887.44      952.88      924.76
c-COFF   500782.76   125333.21   162883.05   113828.09    43515.37    47310.51
c-CENT    84012.10    21094.61    18479.97    18930.77     6230.95     6325.60
c-FIN    359918.16    90498.08    92090.40    80029.62    26210.44    25979.30
c-CHEA   324248.42    79481.74    76239.81    85970.41    35376.08    40835.54


----   1306 PARAMETER CZ_old  

        c-AAGR      c-FISH      c-COIL      c-GASE      c-IMIN      c-IRES      c-REFP      c-REFG      c-ICHA       c-BIO      c-IMEA      c-COMT       c-MVT      c-CWSR      c-POWF      c-POWR      c-POWT        c-NG       c-LTH      c-CCON      c-TRAI      c-TPIP      c-TLNL      c-TLNH      c-TSEA      c-TAIR      c-COFF      c-CENT       c-FIN      c-CHEA

R1   163720.21     1220.57       99.60      208.40       26.00    49610.56     7275.93     8572.28    17348.44      113.73     3296.91    38793.95    61444.69       37.75      358.68     7923.35    16986.96      282.77     3818.89      733.32     1539.72     1338.55     1169.08     4676.32     4369.80     7707.81    95839.86    60259.05   162336.38    52824.14
R2    46408.99      346.17       30.30       63.39        7.91    14063.12     2058.22     2424.93     4941.73       32.46      938.34    10957.94    16589.93       10.53      101.73     2247.22     4817.83       80.20     1083.09      210.84      425.77      370.14      323.28     1293.12     1770.31     2538.24    21357.62    17089.25    45909.67    12955.32
R5    38165.94      284.47       24.06       50.35        6.28    11566.33     1690.67     1991.90     4045.97       26.55      767.21     9020.43    14303.17        8.68       83.69     1848.73     3963.50       65.98      890.72      171.62      349.98      304.26      265.74     1062.94     2692.34     3763.46    20978.51    14097.04    37809.74    12407.68
R3    41908.58      312.39       25.62       53.62        6.69    12703.50     1860.55     2192.05     4439.72       29.11      847.76     9908.33    15302.56        9.51       91.87     2029.33     4350.71       72.42      977.86      188.65      379.69      330.09      288.29     1153.18      856.12     1950.88    22800.75    15419.47    41496.43    14040.37
R6    14422.36      107.50        8.78       18.37        2.29     4376.50      641.15      755.39     1528.65       10.02      290.50     3412.40     5397.18        3.27       31.65      699.19     1499.00       24.95      336.78       64.38      130.78      113.69       99.30      397.18      229.70      634.42     8894.18     5304.06    14299.77     5786.50
R4    14348.92      106.90        8.75       18.30        2.28     4351.99      634.90      748.02     1514.67        9.93      287.28     3401.95     5683.47        3.26       31.43      694.39     1488.71       24.78      334.61       63.19      134.47      116.90      102.10      408.41      163.72      561.20    11021.08     5275.13    14265.01     6686.00


----   1306 PARAMETER CZ  initial consumer demand for goods and leisure

        c-AAGR      c-FISH      c-COIL      c-GASE      c-IMIN      c-IRES      c-REFP      c-REFG      c-ICHA       c-BIO      c-IMEA      c-COMT       c-MVT      c-CWSR      c-POWF      c-POWR      c-POWT        c-NG       c-LTH      c-CCON      c-TRAI      c-TPIP      c-TLNL      c-TLNH      c-TSEA      c-TAIR      c-COFF      c-CENT       c-FIN      c-CHEA

R1   163720.21     1220.57       99.60      208.40       26.00    49610.56     7275.93     8572.28    17348.44      113.73     3296.91    38793.95    61444.69       37.75      358.68     7923.35    16986.96      282.77     3818.89      733.32     1539.72     1338.55     1169.08     4676.32     4369.80     7707.81    95839.86    60259.05   162336.38    52824.14
R2    46408.99      346.17       30.30       63.39        7.91    14063.12     2058.22     2424.93     4941.73       32.46      938.34    10957.94    16589.93       10.53      101.73     2247.22     4817.83       80.20     1083.09      210.84      425.77      370.14      323.28     1293.12     1770.31     2538.24    21357.62    17089.25    45909.67    12955.32
R5    38165.94      284.47       24.06       50.35        6.28    11566.33     1690.67     1991.90     4045.97       26.55      767.21     9020.43    14303.17        8.68       83.69     1848.73     3963.50       65.98      890.72      171.62      349.98      304.26      265.74     1062.94     2692.34     3763.46    20978.51    14097.04    37809.74    12407.68
R3    41908.58      312.39       25.62       53.62        6.69    12703.50     1860.55     2192.05     4439.72       29.11      847.76     9908.33    15302.56        9.51       91.87     2029.33     4350.71       72.42      977.86      188.65      379.69      330.09      288.29     1153.18      856.12     1950.88    22800.75    15419.47    41496.43    14040.37
R6    14422.36      107.50        8.78       18.37        2.29     4376.50      641.15      755.39     1528.65       10.02      290.50     3412.40     5397.18        3.27       31.65      699.19     1499.00       24.95      336.78       64.38      130.78      113.69       99.30      397.18      229.70      634.42     8894.18     5304.06    14299.77     5786.50
R4    14348.92      106.90        8.75       18.30        2.28     4351.99      634.90      748.02     1514.67        9.93      287.28     3401.95     5683.47        3.26       31.43      694.39     1488.71       24.78      334.61       63.19      134.47      116.90      102.10      408.41      163.72      561.20    11021.08     5275.13    14265.01     6686.00


----   1310  (4) combine the single parameters to regionalised SAMs in mSAM

----   1311      also, write out interregional trade data and transport margins

----   1365 PARAMETER TMXZ  initial consumption of good for prod of transport and trade margins

         c-MVT      c-CWSR      c-TRAI      c-TPIP      c-TLNL      c-TLNH

R1    52107.42   153764.17      741.73      644.82      563.18     2252.72
R2    16253.25    55499.02      182.06      158.27      138.23      552.93
R5    17279.07    96180.93      220.26      191.48      167.24      668.96
R3    14006.32    48941.76      163.17      141.86      123.89      495.58
R6     4265.59    19691.23       55.26       48.04       41.96      167.83
R4     4486.35    16022.88       54.81       47.65       41.62      166.46


----   1406      Perform some balancing checks

----   1474 PARAMETER diXD  

        c-AAGR      c-FISH      c-COIL      c-IMIN      c-IRES      c-REFP       c-BIO      c-COMT       c-MVT      c-CWSR      c-POWF      c-POWR      c-POWT        c-NG       c-LTH      c-CCON      c-TRAI      c-TPIP      c-TLNL      c-TLNH      c-TAIR      c-COFF      c-CENT       c-FIN      c-CHEA

R1 1.09139E-11 -1.4211E-14                                     -1.8190E-12 2.84217E-14             -5.4570E-12 -3.6380E-12 1.13687E-13 -6.8212E-13 -3.8654E-12 -3.5527E-14 1.35003E-13 2.38742E-11 -5.1159E-13 1.70530E-13 1.13687E-13 -4.5475E-13             1.09139E-10 2.00089E-11 7.27596E-12 -3.1832E-12
R2 9.09495E-12 -4.5475E-13             -9.0949E-13 -1.8190E-12 -1.1369E-13             9.09495E-13 3.63798E-12 -1.3642E-12 1.06581E-14 8.52651E-14 2.27374E-13 8.88178E-15 3.09086E-13 -1.8417E-11 -1.7053E-13             1.42109E-13 6.82121E-13             -9.0949E-13 1.13687E-12 -4.5475E-12 -1.1710E-11
R5 3.63798E-12 -3.6380E-12 1.45519E-11 -3.6380E-12 1.81899E-12                         -4.5475E-12 4.54747E-12 -1.3642E-12 1.06581E-14 -2.8422E-13 -1.1369E-13 1.24345E-14 -8.7041E-14 1.96110E-12 -9.0949E-13 4.54747E-13                         -2.2737E-13 -4.5475E-12 1.25056E-12 -1.9099E-11 5.57066E-12
R3 9.09495E-12                         -1.1369E-13 -1.8190E-12                         -4.5475E-12 3.63798E-12 2.27374E-12 4.26326E-14 2.84217E-13 -2.8422E-13 -3.3751E-14 8.88178E-14 1.18803E-11 1.42109E-14 -1.4211E-14 4.26326E-14 1.70530E-13             1.90994E-11 -3.7517E-12 1.72804E-11 -1.4381E-11
R6             -1.8190E-12                                                 3.55271E-15 1.13687E-12 1.13687E-13 -6.8212E-13 7.99361E-15                         8.88178E-16 7.10543E-15 -3.3538E-12 -4.2633E-14 1.42109E-14 7.10543E-15 -2.8422E-14             1.04592E-11 8.10019E-13 1.70530E-12 -5.6843E-13
R4 -9.0949E-13                                     -9.0949E-13                         -1.1369E-12 3.41061E-13 -2.6148E-12 -1.7764E-15 8.52651E-14 3.97904E-13 3.10862E-15 3.06422E-14 -4.8459E-12 -2.8422E-14             2.13163E-14 5.68434E-14 1.13687E-13 6.36646E-12 3.69482E-13 3.63798E-12 2.35900E-12


----   1474 PARAMETER salebal  

        c-AAGR      c-FISH      c-COIL      c-GASE      c-IMIN      c-IRES      c-REFP      c-REFG      c-ICHA       c-BIO      c-IMEA      c-COMT       c-MVT      c-CWSR      c-POWF      c-POWR      c-POWT        c-NG       c-LTH      c-CCON      c-TRAI      c-TPIP      c-TLNL      c-TLNH      c-TSEA      c-TAIR      c-COFF      c-CENT       c-FIN      c-CHEA

R1             -1.4211E-14 2.27374E-13 -9.0949E-13 -5.6843E-14 3.63798E-12 -2.2737E-13             9.09495E-13 2.13163E-14 9.09495E-13             -7.2760E-12 -2.9104E-11             -4.5475E-13                                     2.91038E-11 -4.5475E-13 -1.1369E-13                         1.81899E-12             5.82077E-11 1.45519E-11 -2.9104E-11 -2.9104E-11
R2 -9.0949E-13 -6.8212E-13 3.41061E-13 -2.9559E-12 2.27374E-13 -9.0949E-13 1.42109E-14 -4.2633E-14 -3.4106E-13 2.88658E-15 1.36424E-12 2.27374E-12 4.54747E-12             1.06581E-14 3.41061E-13 -4.5475E-13 7.10543E-15 2.84217E-13 -1.4552E-11 -1.2790E-13 1.42109E-14 1.84741E-13 2.84217E-13 1.47793E-12 5.68434E-13 3.63798E-12 4.54747E-13 -3.6380E-12 -1.6371E-11
R5 -9.0949E-13 2.27374E-13 -1.0914E-11             -1.8190E-12 -4.5475E-13 -4.5475E-13 1.13687E-13 7.95808E-13 1.24345E-14 9.09495E-13 -1.1369E-12 -1.8190E-12 1.81899E-12             2.27374E-13 -4.5475E-13 -7.1054E-15 5.68434E-14             -2.9559E-12 1.13687E-12 2.27374E-13 9.09495E-13 -2.7285E-12 -3.4106E-13 3.63798E-12 1.13687E-12 -1.8190E-12 -1.0914E-11
R3 1.09139E-11 -1.8190E-12 -4.2633E-14 -6.6791E-13 -6.0396E-14 -3.4106E-12 -1.4211E-14 -1.4211E-14 4.97380E-14 3.88578E-15 6.82121E-13 -4.3201E-12 2.72848E-12 2.72848E-12 4.97380E-14 3.41061E-13             -2.3093E-14 8.52651E-14 1.45519E-11 4.26326E-14 1.42109E-14 4.26326E-14 1.42109E-13 -5.6843E-14 -1.1369E-13 1.45519E-11 -2.9559E-12 5.45697E-12 -9.0949E-12
R6 7.95808E-13 -1.5916E-12 9.14824E-14 -1.0836E-13 9.99201E-15 3.97904E-13 5.32907E-14 -5.6843E-14 -4.6185E-14 3.30291E-15 8.52651E-13 5.96856E-13 1.84741E-13 -2.6148E-12 7.99361E-15 -4.2633E-14 1.13687E-13 -5.3291E-15             -4.4338E-12 -5.3291E-14 8.88178E-16 5.32907E-15 2.13163E-14 3.41061E-13 -4.2633E-14 2.72848E-12 2.84217E-14 1.59162E-12
R4 4.54747E-13 6.82121E-13 -9.0594E-14 -2.8422E-14 -3.2085E-14 -5.4001E-13 -1.1657E-15             -7.7716E-15 1.66533E-16 -2.1316E-13 -1.1937E-12 3.41061E-13 -1.3642E-12 2.22045E-15 1.42109E-14 2.98428E-13 -2.8866E-15 8.88178E-14 -2.3874E-12 -4.0856E-14 -7.1054E-15 3.37508E-14 1.42109E-14 1.56319E-13 -2.1316E-14 8.64020E-12 -8.5265E-14 2.50111E-12 -2.2737E-12


----   1491 PARAMETER diX  

        c-AAGR      c-FISH      c-COIL      c-GASE      c-IMIN      c-IRES      c-REFP      c-REFG      c-ICHA       c-BIO      c-IMEA      c-COMT       c-MVT      c-CWSR      c-POWF      c-POWR      c-POWT        c-NG      c-CCON      c-TRAI      c-TPIP      c-TLNL      c-TLNH      c-TSEA      c-TAIR      c-COFF      c-CENT       c-FIN      c-CHEA

R1 2.91038E-11 -3.6380E-12 7.27596E-12 3.63798E-12 6.36646E-12 2.91038E-11 -1.8190E-12             2.91038E-11 -5.6843E-14 -1.8190E-11 5.82077E-11 -1.4552E-11             -1.1369E-13             -7.2760E-12 -1.1369E-13 -5.8208E-11                         9.09495E-13 3.63798E-12                                     1.45519E-11 5.82077E-11 -5.8208E-11
R2 -1.4552E-11 -2.7285E-12 4.54747E-12 3.63798E-12 1.81899E-12             -9.0949E-13 9.09495E-13 7.27596E-12 -2.1316E-14 -5.4570E-12             -7.2760E-12                                     -1.8190E-12 -2.8422E-14             -2.2737E-13 -2.2737E-13             9.09495E-13 -9.0949E-13 4.54747E-13 -1.4552E-11             1.45519E-11
R5             -9.0949E-13 1.45519E-11 1.45519E-11 1.00044E-11 7.27596E-12 1.81899E-12 3.63798E-12 7.27596E-12 -4.2633E-14 -5.4570E-12             -1.4552E-11 1.45519E-11 -2.8422E-14 9.09495E-13 -1.8190E-12 -5.6843E-14 -1.4552E-11                         6.82121E-13 2.72848E-12 -1.8190E-12 -9.0949E-13             3.63798E-12
R3 -1.4552E-11 -3.6380E-12 1.81899E-12 9.09495E-13 1.13687E-12 1.45519E-11             1.81899E-12 5.45697E-12 -2.1316E-14 -5.4570E-12 3.63798E-12 -7.2760E-12                                                                         -2.2737E-13             4.54747E-13 1.81899E-12 -9.0949E-13 4.54747E-13
R6 -3.6380E-12 -9.0949E-13 6.82121E-13             4.54747E-13 1.81899E-12 -2.2737E-13 4.54747E-13 1.81899E-12 -7.1054E-15 -1.8190E-12 1.81899E-12             3.63798E-12             2.27374E-13 -4.5475E-13 -1.4211E-14 -3.6380E-12             -5.6843E-14                         -4.5475E-13             -1.4552E-11 9.09495E-13 7.27596E-12
R4             -1.3642E-12 2.84217E-13 3.41061E-13 1.84741E-13 1.81899E-12             6.82121E-13 2.27374E-12 -5.3291E-15 -9.0949E-13             -1.8190E-12             7.10543E-15 2.27374E-13 -4.5475E-13 -1.4211E-14 -3.6380E-12 -1.1369E-13 -5.6843E-14 5.68434E-14 2.27374E-13 -2.2737E-13             -7.2760E-12 1.81899E-12 3.63798E-12


----   1491 PARAMETER demandbal  

        c-AAGR      c-FISH      c-COIL      c-GASE      c-IMIN      c-IRES      c-REFP      c-REFG      c-ICHA       c-BIO      c-IMEA      c-COMT       c-MVT      c-CWSR      c-POWF      c-POWR      c-POWT        c-NG       c-LTH      c-CCON      c-TRAI      c-TPIP      c-TLNL      c-TLNH      c-TSEA      c-TAIR      c-COFF      c-CENT       c-FIN      c-CHEA

R1    41077.41      211.74       67.50      141.24       17.62    13746.69     6130.42     7222.67     6577.10       27.17     1622.81    17791.58    14459.94      592.53      155.83     3442.23     7379.83      122.85     1153.36    36890.67      464.61      403.91      352.77     1411.07      309.77     1979.52    16920.20     6530.27     8962.28 2.91038E-11
R2    12700.43       89.88       22.09       46.22        5.77     4390.09     1995.93     2351.54     1812.26        7.62      795.04     3864.54     5463.49      210.19       44.52      983.43     2108.39       35.10      309.37    11546.64      114.04       99.14       86.59      346.35      119.81      548.02     4234.70     1639.69     2253.48 -1.8190E-12
R5    10673.63       98.30      114.24      239.04       29.83     4975.88     3533.85     4163.48     2411.97       11.55      757.23     3725.97     5538.24      359.83       51.88     1146.08     2457.09       40.90      283.15     8118.42      137.97      119.94      104.76      419.03      250.94      811.60     5503.41     1436.45     2293.13 -1.0914E-11
R3    12836.97      139.11       12.31       25.77        3.21     3615.16     1678.70     1977.79     1732.52        6.57      524.20     3374.74     4491.10      185.24       39.38      869.88     1864.95       31.04      281.93     8822.52      102.21       88.86       77.61      310.42       73.71      448.93     3845.97     1471.49     1992.81 5.45697E-12
R6     4243.41       54.59        5.90       12.35        1.54     1462.73      727.51      857.13      678.33        2.46      242.02     1087.59     1080.05       74.14       14.94      330.03      707.56       11.78      100.58     2813.93       34.61       30.09       26.28      105.13       33.17      148.15     1470.28      484.33      652.66
R4     3796.09       45.07        1.96        4.10        0.51     1126.42      619.72      730.14      587.98        1.79      134.43     1055.07     1141.38       60.44       12.76      281.84      604.25       10.06       98.22     2611.91       34.33       29.85       26.07      104.27       25.40      143.78     1598.50      491.69      646.91 5.00222E-12


----   1491 PARAMETER trade_bal  

        c-AAGR      c-FISH      c-COIL      c-GASE      c-IMIN      c-IRES      c-REFP      c-REFG      c-ICHA       c-BIO      c-IMEA      c-COMT       c-MVT      c-CWSR      c-POWF      c-POWR      c-POWT        c-NG       c-LTH      c-CCON      c-TRAI      c-TPIP      c-TLNL      c-TLNH      c-TSEA      c-TAIR      c-COFF      c-CENT       c-FIN      c-CHEA

R1 -1.8190E-11 3.62377E-12 -7.2760E-12 -3.6380E-12 -6.3665E-12 -2.9104E-11                         -2.9104E-11 8.52651E-14 1.81899E-11 -5.8208E-11 9.09495E-12 -3.6380E-12 2.27374E-13 -6.8212E-13 3.41061E-12 7.81597E-14 1.35003E-13 8.20819E-11 -5.1159E-13 1.70530E-13 -7.9581E-13 -4.0927E-12                         1.09139E-10 5.45697E-12 -5.0932E-11 5.50244E-11
R2 2.36469E-11 2.27374E-12 -4.5475E-12 -3.6380E-12 -2.7285E-12 -1.8190E-12 7.95808E-13 -9.0949E-13 -7.2760E-12 2.13163E-14 5.45697E-12 9.09495E-13 1.09139E-11 -1.3642E-12 1.06581E-14 8.52651E-14 2.04636E-12 3.73035E-14 3.09086E-13 -1.8417E-11 5.68434E-14 2.27374E-13 1.42109E-13 -2.2737E-13 9.09495E-13 -4.5475E-13 1.36424E-11 1.13687E-12 -1.9099E-11 -1.1710E-11
R5 3.63798E-12 -2.7285E-12             -1.4552E-11 -1.3642E-11 -5.4570E-12 -1.8190E-12 -3.6380E-12 -7.2760E-12 4.26326E-14 5.45697E-12 -4.5475E-12 1.90994E-11 -1.5916E-11 3.90799E-14 -1.1937E-12 1.70530E-12 6.92779E-14 -8.7041E-14 1.65130E-11 -9.0949E-13 4.54747E-13 -6.8212E-13 -2.7285E-12 1.81899E-12 6.82121E-13 -4.5475E-12 -2.3874E-12 -1.9099E-11 5.57066E-12
R3 2.36469E-11 3.63798E-12 -1.8190E-12 -9.0949E-13 -1.2506E-12 -1.6371E-11             -1.8190E-12 -5.4570E-12 2.13163E-14 5.45697E-12 -8.1855E-12 1.09139E-11 2.27374E-12 4.26326E-14 2.84217E-13 -2.8422E-13 -3.3751E-14 8.88178E-14 1.18803E-11 2.41585E-13 -1.4211E-14 -4.1211E-13 -1.6485E-12 9.09495E-13 -4.5475E-13 1.90994E-11 -3.7517E-12 1.72804E-11 -1.4381E-11
R6 3.63798E-12 -9.0949E-13 -6.8212E-13             -4.5475E-13 -1.8190E-12 2.27374E-13 -4.5475E-13 -1.8190E-12 1.06581E-14 1.81899E-12 -6.8212E-13 1.13687E-13 -4.3201E-12 7.99361E-15 -2.2737E-13 4.54747E-13 1.50990E-14 7.10543E-15 2.84217E-13 -4.2633E-14 7.10543E-14 7.10543E-15 -2.8422E-14 4.54747E-13             2.50111E-11 -9.9476E-14 -5.5707E-12 -5.6843E-13
R4 -9.0949E-13 1.36424E-12 -2.8422E-13 -3.4106E-13 -1.8474E-13 -2.7285E-12             -6.8212E-13 -2.2737E-12 5.32907E-15 9.09495E-13 -1.1369E-12 2.16005E-12 -2.6148E-12 -8.8818E-15 -1.4211E-13 8.52651E-13 1.73195E-14 3.06422E-14 -1.2079E-12 8.52651E-14 5.68434E-14 -3.5527E-14 -1.7053E-13 2.27374E-13 1.13687E-13 1.36424E-11 -1.4495E-12             2.35900E-12


----   1514 PARAMETER investment_bal  balance of savings and investments

R1 1.45519E-11,    R2 -9.0949E-12,    R3 5.45697E-12,    R6 -9.0949E-13,    R4 2.72848E-12


----   1514 PARAMETER invbal  

R1 1.45519E-11,    R2 -9.0949E-12,    R3 5.45697E-12,    R6 -9.0949E-13,    R4 2.72848E-12


----   1536 PARAMETER trade_bal_global  global trade balance

R1 -9.3132E-10,    R2 1.16415E-10,    R5 5.82077E-10,    R6 -8.7311E-11,    R4 -2.9104E-11


----   1536 PARAMETER tradebal_glob  

R1  27192.09,    R2   1935.50,    R5 -29948.98,    R3   1943.76,    R6   -250.57,    R4   -871.81


----   1540 PARAMETER householdbal  

                      ( ALL        0.00 )


----   1542 PARAMETER govbal  

                      ( ALL        0.00 )



EXECUTION TIME       =        0.532 SECONDS      7 MB  54.4.0 9a60ae27 WEX-WEI


USER: Small MUD - 5 User License                     G251008+0003Ac-GEN
      Norwegian University of Science and Technology             DC7530
      License for teaching and research at degree granting institutions


**** FILE SUMMARY

Input      C:\Users\natis\Downloads\Paolo (Working) 2024\Paolo (Working) 2024\RegPolPreprocG.gms
Output     C:\Users\natis\Downloads\Paolo (Working) 2024\Paolo (Working) 2024\RegPolPreprocG.lst
